
===========================================================================
report_checks -unconstrained
===========================================================================
======================= Fastest Corner ===================================

Startpoint: en (input port clocked by clk)
Endpoint: _27100_ (rising edge-triggered flip-flop clocked by clk)
Path Group: clk
Path Type: max
Corner: Fastest

Fanout     Cap    Slew   Delay    Time   Description
-----------------------------------------------------------------------------
                          0.00    0.00   clock clk (rise edge)
                          0.00    0.00   clock network delay (propagated)
                          2.00    2.00 ^ input external delay
                  0.02    0.01    2.01 ^ en (in)
     2    0.00                           en (net)
                  0.02    0.00    2.01 ^ input65/A (sky130_fd_sc_hd__clkbuf_4)
                  0.19    0.20    2.21 ^ input65/X (sky130_fd_sc_hd__clkbuf_4)
     6    0.08                           net65 (net)
                  0.19    0.01    2.22 ^ _13258_/A (sky130_fd_sc_hd__buf_4)
                  0.06    0.13    2.35 ^ _13258_/X (sky130_fd_sc_hd__buf_4)
     6    0.03                           _05369_ (net)
                  0.06    0.00    2.35 ^ _13259_/A (sky130_fd_sc_hd__clkbuf_2)
                  0.09    0.12    2.48 ^ _13259_/X (sky130_fd_sc_hd__clkbuf_2)
     6    0.02                           _05370_ (net)
                  0.09    0.00    2.48 ^ _13260_/A (sky130_fd_sc_hd__buf_4)
                  0.10    0.14    2.62 ^ _13260_/X (sky130_fd_sc_hd__buf_4)
     6    0.05                           _05371_ (net)
                  0.10    0.01    2.62 ^ _13261_/A (sky130_fd_sc_hd__clkbuf_2)
                  0.14    0.17    2.79 ^ _13261_/X (sky130_fd_sc_hd__clkbuf_2)
     6    0.03                           _05372_ (net)
                  0.14    0.00    2.79 ^ _13262_/A (sky130_fd_sc_hd__clkbuf_4)
                  0.12    0.18    2.98 ^ _13262_/X (sky130_fd_sc_hd__clkbuf_4)
     6    0.05                           _05373_ (net)
                  0.12    0.00    2.98 ^ _13263_/A (sky130_fd_sc_hd__clkbuf_2)
                  0.20    0.21    3.19 ^ _13263_/X (sky130_fd_sc_hd__clkbuf_2)
    12    0.05                           _05374_ (net)
                  0.20    0.01    3.20 ^ _22872_/A1 (sky130_fd_sc_hd__a32o_1)
                  0.12    0.17    3.37 ^ _22872_/X (sky130_fd_sc_hd__a32o_1)
     2    0.02                           _01949_ (net)
                  0.12    0.00    3.37 ^ _22874_/A (sky130_fd_sc_hd__nand2_1)
                  0.05    0.05    3.43 v _22874_/Y (sky130_fd_sc_hd__nand2_1)
     2    0.01                           _01951_ (net)
                  0.05    0.00    3.43 v _22918_/A1 (sky130_fd_sc_hd__o21ai_1)
                  0.16    0.17    3.59 ^ _22918_/Y (sky130_fd_sc_hd__o21ai_1)
     3    0.01                           _01994_ (net)
                  0.16    0.00    3.59 ^ _22948_/A (sky130_fd_sc_hd__nand3_1)
                  0.09    0.10    3.70 v _22948_/Y (sky130_fd_sc_hd__nand3_1)
     3    0.01                           _02024_ (net)
                  0.09    0.00    3.70 v _22954_/B1 (sky130_fd_sc_hd__o211a_1)
                  0.05    0.13    3.83 v _22954_/X (sky130_fd_sc_hd__o211a_1)
     3    0.01                           _02030_ (net)
                  0.05    0.00    3.83 v _22955_/B2 (sky130_fd_sc_hd__o2bb2a_1)
                  0.07    0.22    4.05 v _22955_/X (sky130_fd_sc_hd__o2bb2a_1)
     2    0.01                           _02031_ (net)
                  0.07    0.00    4.05 v _23011_/A1 (sky130_fd_sc_hd__o211ai_4)
                  0.15    0.18    4.23 ^ _23011_/Y (sky130_fd_sc_hd__o211ai_4)
     2    0.02                           _02086_ (net)
                  0.15    0.00    4.23 ^ _23020_/A1 (sky130_fd_sc_hd__a21boi_4)
                  0.07    0.07    4.30 v _23020_/Y (sky130_fd_sc_hd__a21boi_4)
     5    0.03                           _02095_ (net)
                  0.07    0.00    4.30 v _23074_/A2 (sky130_fd_sc_hd__o21a_2)
                  0.06    0.18    4.48 v _23074_/X (sky130_fd_sc_hd__o21a_2)
     4    0.03                           _02148_ (net)
                  0.06    0.00    4.49 v _23083_/A1 (sky130_fd_sc_hd__o211ai_4)
                  0.17    0.19    4.68 ^ _23083_/Y (sky130_fd_sc_hd__o211ai_4)
     4    0.02                           _02156_ (net)
                  0.17    0.00    4.68 ^ _23159_/A2 (sky130_fd_sc_hd__a41oi_4)
                  0.11    0.12    4.80 v _23159_/Y (sky130_fd_sc_hd__a41oi_4)
     4    0.02                           _02230_ (net)
                  0.11    0.00    4.81 v _23177_/B2 (sky130_fd_sc_hd__o2bb2ai_4)
                  0.25    0.24    5.05 ^ _23177_/Y (sky130_fd_sc_hd__o2bb2ai_4)
    12    0.05                           _02246_ (net)
                  0.25    0.01    5.06 ^ _23178_/A (sky130_fd_sc_hd__clkbuf_2)
                  0.12    0.17    5.23 ^ _23178_/X (sky130_fd_sc_hd__clkbuf_2)
     6    0.03                           _02247_ (net)
                  0.12    0.00    5.23 ^ _23179_/A (sky130_fd_sc_hd__clkbuf_2)
                  0.11    0.15    5.38 ^ _23179_/X (sky130_fd_sc_hd__clkbuf_2)
     6    0.03                           _02248_ (net)
                  0.11    0.00    5.38 ^ _23180_/A1 (sky130_fd_sc_hd__a21oi_1)
                  0.05    0.05    5.43 v _23180_/Y (sky130_fd_sc_hd__a21oi_1)
     1    0.00                           _02249_ (net)
                  0.05    0.00    5.43 v _23181_/B1 (sky130_fd_sc_hd__o21a_1)
                  0.02    0.07    5.50 v _23181_/X (sky130_fd_sc_hd__o21a_1)
     1    0.00                           _00584_ (net)
                  0.02    0.00    5.50 v _27100_/D (sky130_fd_sc_hd__dfxtp_4)
                                  5.50   data arrival time

                         10.00   10.00   clock clk (rise edge)
                          0.00   10.00   clock source latency
                  0.43    0.28   10.28 ^ clk (in)
     2    0.13                           clk (net)
                  0.43    0.00   10.28 ^ clkbuf_0_clk/A (sky130_fd_sc_hd__clkbuf_16)
                  0.15    0.20   10.49 ^ clkbuf_0_clk/X (sky130_fd_sc_hd__clkbuf_16)
     8    0.17                           clknet_0_clk (net)
                  0.15    0.01   10.50 ^ clkbuf_2_2_0_clk/A (sky130_fd_sc_hd__clkbuf_8)
                  0.13    0.17   10.67 ^ clkbuf_2_2_0_clk/X (sky130_fd_sc_hd__clkbuf_8)
     8    0.09                           clknet_2_2_0_clk (net)
                  0.13    0.01   10.68 ^ clkbuf_4_8__f_clk/A (sky130_fd_sc_hd__clkbuf_16)
                  0.12    0.17   10.85 ^ clkbuf_4_8__f_clk/X (sky130_fd_sc_hd__clkbuf_16)
    20    0.15                           clknet_4_8__leaf_clk (net)
                  0.13    0.01   10.85 ^ clkbuf_leaf_25_clk/A (sky130_fd_sc_hd__clkbuf_16)
                  0.05    0.12   10.97 ^ clkbuf_leaf_25_clk/X (sky130_fd_sc_hd__clkbuf_16)
    11    0.04                           clknet_leaf_25_clk (net)
                  0.05    0.00   10.97 ^ _27100_/CLK (sky130_fd_sc_hd__dfxtp_4)
                         -0.25   10.72   clock uncertainty
                          0.00   10.72   clock reconvergence pessimism
                         -0.07   10.66   library setup time
                                 10.66   data required time
-----------------------------------------------------------------------------
                                 10.66   data required time
                                 -5.50   data arrival time
-----------------------------------------------------------------------------
                                  5.15   slack (MET)



======================= Slowest Corner ===================================

Startpoint: _27312_ (rising edge-triggered flip-flop clocked by clk)
Endpoint: _26541_ (rising edge-triggered flip-flop clocked by clk)
Path Group: clk
Path Type: max
Corner: Slowest

Fanout     Cap    Slew   Delay    Time   Description
-----------------------------------------------------------------------------
                          0.00    0.00   clock clk (rise edge)
                          0.00    0.00   clock source latency
                  0.91    0.67    0.67 ^ clk (in)
     2    0.13                           clk (net)
                  0.91    0.00    0.67 ^ clkbuf_0_clk/A (sky130_fd_sc_hd__clkbuf_16)
                  0.29    0.74    1.41 ^ clkbuf_0_clk/X (sky130_fd_sc_hd__clkbuf_16)
     8    0.17                           clknet_0_clk (net)
                  0.29    0.01    1.43 ^ clkbuf_2_2_0_clk/A (sky130_fd_sc_hd__clkbuf_8)
                  0.26    0.50    1.92 ^ clkbuf_2_2_0_clk/X (sky130_fd_sc_hd__clkbuf_8)
     8    0.09                           clknet_2_2_0_clk (net)
                  0.26    0.01    1.93 ^ clkbuf_4_11__f_clk/A (sky130_fd_sc_hd__clkbuf_16)
                  0.27    0.49    2.42 ^ clkbuf_4_11__f_clk/X (sky130_fd_sc_hd__clkbuf_16)
    20    0.16                           clknet_4_11__leaf_clk (net)
                  0.27    0.01    2.43 ^ clkbuf_leaf_43_clk/A (sky130_fd_sc_hd__clkbuf_16)
                  0.07    0.32    2.75 ^ clkbuf_leaf_43_clk/X (sky130_fd_sc_hd__clkbuf_16)
     4    0.02                           clknet_leaf_43_clk (net)
                  0.07    0.00    2.75 ^ _27312_/CLK (sky130_fd_sc_hd__dfxtp_1)
                  0.59    1.05    3.80 ^ _27312_/Q (sky130_fd_sc_hd__dfxtp_1)
     8    0.04                           pe_row[1].pe_col[0].pe_inst.a_out[4] (net)
                  0.59    0.01    3.81 ^ _13444_/A (sky130_fd_sc_hd__buf_2)
                  0.26    0.57    4.39 ^ _13444_/X (sky130_fd_sc_hd__buf_2)
     6    0.03                           _05550_ (net)
                  0.26    0.00    4.39 ^ _13445_/A (sky130_fd_sc_hd__buf_2)
                  0.31    0.48    4.86 ^ _13445_/X (sky130_fd_sc_hd__buf_2)
     6    0.04                           _05551_ (net)
                  0.31    0.00    4.87 ^ _13803_/A1 (sky130_fd_sc_hd__a22oi_2)
                  0.15    0.28    5.14 v _13803_/Y (sky130_fd_sc_hd__a22oi_2)
     2    0.01                           _05905_ (net)
                  0.15    0.00    5.15 v _13804_/B (sky130_fd_sc_hd__nor2_1)
                  0.55    0.51    5.66 ^ _13804_/Y (sky130_fd_sc_hd__nor2_1)
     4    0.02                           _05906_ (net)
                  0.55    0.00    5.66 ^ _13806_/C (sky130_fd_sc_hd__nand3_2)
                  0.30    0.47    6.14 v _13806_/Y (sky130_fd_sc_hd__nand3_2)
     3    0.02                           _05908_ (net)
                  0.30    0.00    6.14 v _13867_/A2_N (sky130_fd_sc_hd__o2bb2ai_2)
                  0.19    0.42    6.56 v _13867_/Y (sky130_fd_sc_hd__o2bb2ai_2)
     4    0.02                           _05968_ (net)
                  0.19    0.00    6.56 v _13890_/B1 (sky130_fd_sc_hd__a2bb2o_1)
                  0.15    0.74    7.30 v _13890_/X (sky130_fd_sc_hd__a2bb2o_1)
     1    0.01                           _05991_ (net)
                  0.15    0.00    7.30 v _13891_/B1 (sky130_fd_sc_hd__o2111ai_4)
                  0.47    0.29    7.59 ^ _13891_/Y (sky130_fd_sc_hd__o2111ai_4)
     5    0.03                           _05992_ (net)
                  0.47    0.00    7.60 ^ _13905_/A2 (sky130_fd_sc_hd__a21oi_1)
                  0.18    0.35    7.94 v _13905_/Y (sky130_fd_sc_hd__a21oi_1)
     2    0.01                           _06006_ (net)
                  0.18    0.00    7.94 v _13907_/A2 (sky130_fd_sc_hd__o21ai_1)
                  0.22    0.30    8.24 ^ _13907_/Y (sky130_fd_sc_hd__o21ai_1)
     1    0.01                           _06008_ (net)
                  0.22    0.00    8.24 ^ _13908_/A (sky130_fd_sc_hd__nand2_2)
                  0.23    0.30    8.54 v _13908_/Y (sky130_fd_sc_hd__nand2_2)
     4    0.03                           _06009_ (net)
                  0.23    0.00    8.54 v _13967_/C (sky130_fd_sc_hd__nor3_4)
                  0.34    0.38    8.92 ^ _13967_/Y (sky130_fd_sc_hd__nor3_4)
     2    0.01                           _06066_ (net)
                  0.34    0.00    8.92 ^ _13971_/D (sky130_fd_sc_hd__nand4_2)
                  0.28    0.41    9.33 v _13971_/Y (sky130_fd_sc_hd__nand4_2)
     2    0.01                           _06070_ (net)
                  0.28    0.00    9.33 v _13990_/A2 (sky130_fd_sc_hd__a21oi_2)
                  0.34    0.48    9.81 ^ _13990_/Y (sky130_fd_sc_hd__a21oi_2)
     4    0.02                           _06089_ (net)
                  0.34    0.00    9.82 ^ rebuffer6/A (sky130_fd_sc_hd__buf_4)
                  0.09    0.36   10.17 ^ rebuffer6/X (sky130_fd_sc_hd__buf_4)
     2    0.02                           net615 (net)
                  0.09    0.00   10.17 ^ _14035_/A2 (sky130_fd_sc_hd__o21ai_2)
                  0.16    0.19   10.36 v _14035_/Y (sky130_fd_sc_hd__o21ai_2)
     2    0.02                           _06132_ (net)
                  0.16    0.00   10.36 v _14050_/A1 (sky130_fd_sc_hd__o21ai_4)
                  0.95    0.89   11.26 ^ _14050_/Y (sky130_fd_sc_hd__o21ai_4)
    10    0.09                           _06146_ (net)
                  0.95    0.02   11.28 ^ _14059_/A2 (sky130_fd_sc_hd__o21a_2)
                  0.42    0.80   12.08 ^ _14059_/X (sky130_fd_sc_hd__o21a_2)
    12    0.05                           _06154_ (net)
                  0.42    0.00   12.08 ^ _14060_/B1_N (sky130_fd_sc_hd__a21boi_4)
                  0.62    0.82   12.91 ^ _14060_/Y (sky130_fd_sc_hd__a21boi_4)
    12    0.05                           _06155_ (net)
                  0.62    0.01   12.92 ^ _14061_/A (sky130_fd_sc_hd__buf_4)
                  0.13    0.51   13.43 ^ _14061_/X (sky130_fd_sc_hd__buf_4)
     6    0.03                           _06156_ (net)
                  0.13    0.00   13.43 ^ _14110_/A1 (sky130_fd_sc_hd__a31oi_1)
                  0.15    0.19   13.62 v _14110_/Y (sky130_fd_sc_hd__a31oi_1)
     1    0.00                           _06196_ (net)
                  0.15    0.00   13.62 v _14111_/B1 (sky130_fd_sc_hd__o21a_1)
                  0.06    0.23   13.85 v _14111_/X (sky130_fd_sc_hd__o21a_1)
     1    0.00                           _00025_ (net)
                  0.06    0.00   13.85 v _26541_/D (sky130_fd_sc_hd__dfxtp_2)
                                 13.85   data arrival time

                         10.00   10.00   clock clk (rise edge)
                          0.00   10.00   clock source latency
                  0.91    0.61   10.61 ^ clk (in)
     2    0.13                           clk (net)
                  0.91    0.00   10.61 ^ clkbuf_0_clk/A (sky130_fd_sc_hd__clkbuf_16)
                  0.29    0.67   11.28 ^ clkbuf_0_clk/X (sky130_fd_sc_hd__clkbuf_16)
     8    0.17                           clknet_0_clk (net)
                  0.29    0.01   11.29 ^ clkbuf_2_3_0_clk/A (sky130_fd_sc_hd__clkbuf_8)
                  0.27    0.45   11.74 ^ clkbuf_2_3_0_clk/X (sky130_fd_sc_hd__clkbuf_8)
     8    0.10                           clknet_2_3_0_clk (net)
                  0.27    0.01   11.75 ^ clkbuf_4_12__f_clk/A (sky130_fd_sc_hd__clkbuf_16)
                  0.25    0.42   12.17 ^ clkbuf_4_12__f_clk/X (sky130_fd_sc_hd__clkbuf_16)
    18    0.15                           clknet_4_12__leaf_clk (net)
                  0.25    0.00   12.18 ^ clkbuf_leaf_84_clk/A (sky130_fd_sc_hd__clkbuf_16)
                  0.07    0.29   12.47 ^ clkbuf_leaf_84_clk/X (sky130_fd_sc_hd__clkbuf_16)
     7    0.02                           clknet_leaf_84_clk (net)
                  0.07    0.00   12.47 ^ _26541_/CLK (sky130_fd_sc_hd__dfxtp_2)
                         -0.25   12.22   clock uncertainty
                          0.13   12.35   clock reconvergence pessimism
                         -0.27   12.09   library setup time
                                 12.09   data required time
-----------------------------------------------------------------------------
                                 12.09   data required time
                                -13.85   data arrival time
-----------------------------------------------------------------------------
                                 -1.77   slack (VIOLATED)



======================= Typical Corner ===================================

Startpoint: en (input port clocked by clk)
Endpoint: _27112_ (rising edge-triggered flip-flop clocked by clk)
Path Group: clk
Path Type: max
Corner: Typical

Fanout     Cap    Slew   Delay    Time   Description
-----------------------------------------------------------------------------
                          0.00    0.00   clock clk (rise edge)
                          0.00    0.00   clock network delay (propagated)
                          2.00    2.00 ^ input external delay
                  0.03    0.02    2.02 ^ en (in)
     2    0.00                           en (net)
                  0.03    0.00    2.02 ^ input65/A (sky130_fd_sc_hd__clkbuf_4)
                  0.25    0.29    2.30 ^ input65/X (sky130_fd_sc_hd__clkbuf_4)
     6    0.08                           net65 (net)
                  0.25    0.01    2.31 ^ _22499_/A (sky130_fd_sc_hd__buf_4)
                  0.14    0.26    2.57 ^ _22499_/X (sky130_fd_sc_hd__buf_4)
     6    0.05                           _01583_ (net)
                  0.14    0.00    2.57 ^ _22838_/A (sky130_fd_sc_hd__nand3_1)
                  0.14    0.15    2.72 v _22838_/Y (sky130_fd_sc_hd__nand3_1)
     2    0.01                           _01915_ (net)
                  0.14    0.00    2.72 v _22839_/A (sky130_fd_sc_hd__clkbuf_2)
                  0.11    0.22    2.94 v _22839_/X (sky130_fd_sc_hd__clkbuf_2)
     6    0.03                           _01916_ (net)
                  0.11    0.00    2.94 v _22845_/B1 (sky130_fd_sc_hd__o2bb2ai_1)
                  0.26    0.29    3.23 ^ _22845_/Y (sky130_fd_sc_hd__o2bb2ai_1)
     2    0.01                           _01922_ (net)
                  0.26    0.00    3.23 ^ _22857_/B1 (sky130_fd_sc_hd__o21ai_1)
                  0.12    0.17    3.40 v _22857_/Y (sky130_fd_sc_hd__o21ai_1)
     2    0.01                           _01934_ (net)
                  0.12    0.00    3.40 v _22859_/A2 (sky130_fd_sc_hd__a21oi_2)
                  0.30    0.32    3.72 ^ _22859_/Y (sky130_fd_sc_hd__a21oi_2)
     2    0.02                           _01936_ (net)
                  0.30    0.00    3.72 ^ _22934_/B2 (sky130_fd_sc_hd__o32ai_4)
                  0.15    0.21    3.94 v _22934_/Y (sky130_fd_sc_hd__o32ai_4)
     4    0.03                           _02010_ (net)
                  0.15    0.00    3.94 v _22935_/C1 (sky130_fd_sc_hd__o211a_1)
                  0.07    0.20    4.14 v _22935_/X (sky130_fd_sc_hd__o211a_1)
     1    0.01                           _02011_ (net)
                  0.07    0.00    4.14 v _22944_/A1 (sky130_fd_sc_hd__o21ai_4)
                  0.24    0.27    4.40 ^ _22944_/Y (sky130_fd_sc_hd__o21ai_4)
     5    0.03                           _02020_ (net)
                  0.24    0.00    4.41 ^ _22957_/A (sky130_fd_sc_hd__nand2_2)
                  0.11    0.14    4.55 v _22957_/Y (sky130_fd_sc_hd__nand2_2)
     4    0.02                           _02033_ (net)
                  0.11    0.00    4.55 v _22959_/B1 (sky130_fd_sc_hd__a22o_2)
                  0.09    0.30    4.85 v _22959_/X (sky130_fd_sc_hd__a22o_2)
     5    0.02                           _02035_ (net)
                  0.09    0.00    4.85 v _23015_/A2 (sky130_fd_sc_hd__o221ai_1)
                  0.20    0.23    5.07 ^ _23015_/Y (sky130_fd_sc_hd__o221ai_1)
     1    0.01                           _02090_ (net)
                  0.20    0.00    5.07 ^ _23016_/B (sky130_fd_sc_hd__nand2_2)
                  0.08    0.12    5.19 v _23016_/Y (sky130_fd_sc_hd__nand2_2)
     2    0.01                           _02091_ (net)
                  0.08    0.00    5.20 v _23106_/A2 (sky130_fd_sc_hd__a41oi_4)
                  0.25    0.26    5.46 ^ _23106_/Y (sky130_fd_sc_hd__a41oi_4)
     3    0.02                           _02179_ (net)
                  0.25    0.00    5.46 ^ _23107_/B2 (sky130_fd_sc_hd__a22o_4)
                  0.07    0.20    5.66 ^ _23107_/X (sky130_fd_sc_hd__a22o_4)
     3    0.02                           _02180_ (net)
                  0.07    0.00    5.66 ^ _23137_/C1 (sky130_fd_sc_hd__o211ai_2)
                  0.11    0.11    5.76 v _23137_/Y (sky130_fd_sc_hd__o211ai_2)
     3    0.01                           _02209_ (net)
                  0.11    0.00    5.76 v _23138_/A2 (sky130_fd_sc_hd__a21oi_1)
                  0.42    0.41    6.18 ^ _23138_/Y (sky130_fd_sc_hd__a21oi_1)
     3    0.02                           _02210_ (net)
                  0.42    0.00    6.18 ^ _23158_/B1 (sky130_fd_sc_hd__a21oi_2)
                  0.10    0.08    6.26 v _23158_/Y (sky130_fd_sc_hd__a21oi_2)
     1    0.01                           _02229_ (net)
                  0.10    0.00    6.26 v _23159_/B1 (sky130_fd_sc_hd__a41oi_4)
                  0.28    0.30    6.57 ^ _23159_/Y (sky130_fd_sc_hd__a41oi_4)
     4    0.03                           _02230_ (net)
                  0.28    0.00    6.57 ^ _23177_/B2 (sky130_fd_sc_hd__o2bb2ai_4)
                  0.14    0.18    6.75 v _23177_/Y (sky130_fd_sc_hd__o2bb2ai_4)
    12    0.05                           _02246_ (net)
                  0.14    0.01    6.76 v _23178_/A (sky130_fd_sc_hd__clkbuf_2)
                  0.11    0.22    6.98 v _23178_/X (sky130_fd_sc_hd__clkbuf_2)
     6    0.03                           _02247_ (net)
                  0.11    0.00    6.98 v _23179_/A (sky130_fd_sc_hd__clkbuf_2)
                  0.10    0.20    7.18 v _23179_/X (sky130_fd_sc_hd__clkbuf_2)
     6    0.02                           _02248_ (net)
                  0.10    0.00    7.18 v _23227_/A3 (sky130_fd_sc_hd__a311oi_1)
                  0.24    0.32    7.50 ^ _23227_/Y (sky130_fd_sc_hd__a311oi_1)
     1    0.00                           _00596_ (net)
                  0.24    0.00    7.50 ^ _27112_/D (sky130_fd_sc_hd__dfxtp_2)
                                  7.50   data arrival time

                         10.00   10.00   clock clk (rise edge)
                          0.00   10.00   clock source latency
                  0.57    0.38   10.38 ^ clk (in)
     2    0.13                           clk (net)
                  0.57    0.00   10.38 ^ clkbuf_0_clk/A (sky130_fd_sc_hd__clkbuf_16)
                  0.19    0.34   10.72 ^ clkbuf_0_clk/X (sky130_fd_sc_hd__clkbuf_16)
     8    0.17                           clknet_0_clk (net)
                  0.19    0.01   10.73 ^ clkbuf_2_2_0_clk/A (sky130_fd_sc_hd__clkbuf_8)
                  0.17    0.25   10.99 ^ clkbuf_2_2_0_clk/X (sky130_fd_sc_hd__clkbuf_8)
     8    0.09                           clknet_2_2_0_clk (net)
                  0.17    0.01   10.99 ^ clkbuf_4_8__f_clk/A (sky130_fd_sc_hd__clkbuf_16)
                  0.16    0.25   11.24 ^ clkbuf_4_8__f_clk/X (sky130_fd_sc_hd__clkbuf_16)
    20    0.15                           clknet_4_8__leaf_clk (net)
                  0.16    0.01   11.25 ^ clkbuf_leaf_25_clk/A (sky130_fd_sc_hd__clkbuf_16)
                  0.06    0.17   11.42 ^ clkbuf_leaf_25_clk/X (sky130_fd_sc_hd__clkbuf_16)
    11    0.04                           clknet_leaf_25_clk (net)
                  0.06    0.00   11.42 ^ _27112_/CLK (sky130_fd_sc_hd__dfxtp_2)
                         -0.25   11.17   clock uncertainty
                          0.00   11.17   clock reconvergence pessimism
                         -0.10   11.07   library setup time
                                 11.07   data required time
-----------------------------------------------------------------------------
                                 11.07   data required time
                                 -7.50   data arrival time
-----------------------------------------------------------------------------
                                  3.57   slack (MET)




===========================================================================
report_checks --slack_max -0.01
============================================================================
======================= Fastest Corner ===================================

No paths found.

======================= Slowest Corner ===================================

Startpoint: _27312_ (rising edge-triggered flip-flop clocked by clk)
Endpoint: _26541_ (rising edge-triggered flip-flop clocked by clk)
Path Group: clk
Path Type: max
Corner: Slowest

Fanout     Cap    Slew   Delay    Time   Description
-----------------------------------------------------------------------------
                          0.00    0.00   clock clk (rise edge)
                          0.00    0.00   clock source latency
                  0.91    0.67    0.67 ^ clk (in)
     2    0.13                           clk (net)
                  0.91    0.00    0.67 ^ clkbuf_0_clk/A (sky130_fd_sc_hd__clkbuf_16)
                  0.29    0.74    1.41 ^ clkbuf_0_clk/X (sky130_fd_sc_hd__clkbuf_16)
     8    0.17                           clknet_0_clk (net)
                  0.29    0.01    1.43 ^ clkbuf_2_2_0_clk/A (sky130_fd_sc_hd__clkbuf_8)
                  0.26    0.50    1.92 ^ clkbuf_2_2_0_clk/X (sky130_fd_sc_hd__clkbuf_8)
     8    0.09                           clknet_2_2_0_clk (net)
                  0.26    0.01    1.93 ^ clkbuf_4_11__f_clk/A (sky130_fd_sc_hd__clkbuf_16)
                  0.27    0.49    2.42 ^ clkbuf_4_11__f_clk/X (sky130_fd_sc_hd__clkbuf_16)
    20    0.16                           clknet_4_11__leaf_clk (net)
                  0.27    0.01    2.43 ^ clkbuf_leaf_43_clk/A (sky130_fd_sc_hd__clkbuf_16)
                  0.07    0.32    2.75 ^ clkbuf_leaf_43_clk/X (sky130_fd_sc_hd__clkbuf_16)
     4    0.02                           clknet_leaf_43_clk (net)
                  0.07    0.00    2.75 ^ _27312_/CLK (sky130_fd_sc_hd__dfxtp_1)
                  0.59    1.05    3.80 ^ _27312_/Q (sky130_fd_sc_hd__dfxtp_1)
     8    0.04                           pe_row[1].pe_col[0].pe_inst.a_out[4] (net)
                  0.59    0.01    3.81 ^ _13444_/A (sky130_fd_sc_hd__buf_2)
                  0.26    0.57    4.39 ^ _13444_/X (sky130_fd_sc_hd__buf_2)
     6    0.03                           _05550_ (net)
                  0.26    0.00    4.39 ^ _13445_/A (sky130_fd_sc_hd__buf_2)
                  0.31    0.48    4.86 ^ _13445_/X (sky130_fd_sc_hd__buf_2)
     6    0.04                           _05551_ (net)
                  0.31    0.00    4.87 ^ _13803_/A1 (sky130_fd_sc_hd__a22oi_2)
                  0.15    0.28    5.14 v _13803_/Y (sky130_fd_sc_hd__a22oi_2)
     2    0.01                           _05905_ (net)
                  0.15    0.00    5.15 v _13804_/B (sky130_fd_sc_hd__nor2_1)
                  0.55    0.51    5.66 ^ _13804_/Y (sky130_fd_sc_hd__nor2_1)
     4    0.02                           _05906_ (net)
                  0.55    0.00    5.66 ^ _13806_/C (sky130_fd_sc_hd__nand3_2)
                  0.30    0.47    6.14 v _13806_/Y (sky130_fd_sc_hd__nand3_2)
     3    0.02                           _05908_ (net)
                  0.30    0.00    6.14 v _13867_/A2_N (sky130_fd_sc_hd__o2bb2ai_2)
                  0.19    0.42    6.56 v _13867_/Y (sky130_fd_sc_hd__o2bb2ai_2)
     4    0.02                           _05968_ (net)
                  0.19    0.00    6.56 v _13890_/B1 (sky130_fd_sc_hd__a2bb2o_1)
                  0.15    0.74    7.30 v _13890_/X (sky130_fd_sc_hd__a2bb2o_1)
     1    0.01                           _05991_ (net)
                  0.15    0.00    7.30 v _13891_/B1 (sky130_fd_sc_hd__o2111ai_4)
                  0.47    0.29    7.59 ^ _13891_/Y (sky130_fd_sc_hd__o2111ai_4)
     5    0.03                           _05992_ (net)
                  0.47    0.00    7.60 ^ _13905_/A2 (sky130_fd_sc_hd__a21oi_1)
                  0.18    0.35    7.94 v _13905_/Y (sky130_fd_sc_hd__a21oi_1)
     2    0.01                           _06006_ (net)
                  0.18    0.00    7.94 v _13907_/A2 (sky130_fd_sc_hd__o21ai_1)
                  0.22    0.30    8.24 ^ _13907_/Y (sky130_fd_sc_hd__o21ai_1)
     1    0.01                           _06008_ (net)
                  0.22    0.00    8.24 ^ _13908_/A (sky130_fd_sc_hd__nand2_2)
                  0.23    0.30    8.54 v _13908_/Y (sky130_fd_sc_hd__nand2_2)
     4    0.03                           _06009_ (net)
                  0.23    0.00    8.54 v _13967_/C (sky130_fd_sc_hd__nor3_4)
                  0.34    0.38    8.92 ^ _13967_/Y (sky130_fd_sc_hd__nor3_4)
     2    0.01                           _06066_ (net)
                  0.34    0.00    8.92 ^ _13971_/D (sky130_fd_sc_hd__nand4_2)
                  0.28    0.41    9.33 v _13971_/Y (sky130_fd_sc_hd__nand4_2)
     2    0.01                           _06070_ (net)
                  0.28    0.00    9.33 v _13990_/A2 (sky130_fd_sc_hd__a21oi_2)
                  0.34    0.48    9.81 ^ _13990_/Y (sky130_fd_sc_hd__a21oi_2)
     4    0.02                           _06089_ (net)
                  0.34    0.00    9.82 ^ rebuffer6/A (sky130_fd_sc_hd__buf_4)
                  0.09    0.36   10.17 ^ rebuffer6/X (sky130_fd_sc_hd__buf_4)
     2    0.02                           net615 (net)
                  0.09    0.00   10.17 ^ _14035_/A2 (sky130_fd_sc_hd__o21ai_2)
                  0.16    0.19   10.36 v _14035_/Y (sky130_fd_sc_hd__o21ai_2)
     2    0.02                           _06132_ (net)
                  0.16    0.00   10.36 v _14050_/A1 (sky130_fd_sc_hd__o21ai_4)
                  0.95    0.89   11.26 ^ _14050_/Y (sky130_fd_sc_hd__o21ai_4)
    10    0.09                           _06146_ (net)
                  0.95    0.02   11.28 ^ _14059_/A2 (sky130_fd_sc_hd__o21a_2)
                  0.42    0.80   12.08 ^ _14059_/X (sky130_fd_sc_hd__o21a_2)
    12    0.05                           _06154_ (net)
                  0.42    0.00   12.08 ^ _14060_/B1_N (sky130_fd_sc_hd__a21boi_4)
                  0.62    0.82   12.91 ^ _14060_/Y (sky130_fd_sc_hd__a21boi_4)
    12    0.05                           _06155_ (net)
                  0.62    0.01   12.92 ^ _14061_/A (sky130_fd_sc_hd__buf_4)
                  0.13    0.51   13.43 ^ _14061_/X (sky130_fd_sc_hd__buf_4)
     6    0.03                           _06156_ (net)
                  0.13    0.00   13.43 ^ _14110_/A1 (sky130_fd_sc_hd__a31oi_1)
                  0.15    0.19   13.62 v _14110_/Y (sky130_fd_sc_hd__a31oi_1)
     1    0.00                           _06196_ (net)
                  0.15    0.00   13.62 v _14111_/B1 (sky130_fd_sc_hd__o21a_1)
                  0.06    0.23   13.85 v _14111_/X (sky130_fd_sc_hd__o21a_1)
     1    0.00                           _00025_ (net)
                  0.06    0.00   13.85 v _26541_/D (sky130_fd_sc_hd__dfxtp_2)
                                 13.85   data arrival time

                         10.00   10.00   clock clk (rise edge)
                          0.00   10.00   clock source latency
                  0.91    0.61   10.61 ^ clk (in)
     2    0.13                           clk (net)
                  0.91    0.00   10.61 ^ clkbuf_0_clk/A (sky130_fd_sc_hd__clkbuf_16)
                  0.29    0.67   11.28 ^ clkbuf_0_clk/X (sky130_fd_sc_hd__clkbuf_16)
     8    0.17                           clknet_0_clk (net)
                  0.29    0.01   11.29 ^ clkbuf_2_3_0_clk/A (sky130_fd_sc_hd__clkbuf_8)
                  0.27    0.45   11.74 ^ clkbuf_2_3_0_clk/X (sky130_fd_sc_hd__clkbuf_8)
     8    0.10                           clknet_2_3_0_clk (net)
                  0.27    0.01   11.75 ^ clkbuf_4_12__f_clk/A (sky130_fd_sc_hd__clkbuf_16)
                  0.25    0.42   12.17 ^ clkbuf_4_12__f_clk/X (sky130_fd_sc_hd__clkbuf_16)
    18    0.15                           clknet_4_12__leaf_clk (net)
                  0.25    0.00   12.18 ^ clkbuf_leaf_84_clk/A (sky130_fd_sc_hd__clkbuf_16)
                  0.07    0.29   12.47 ^ clkbuf_leaf_84_clk/X (sky130_fd_sc_hd__clkbuf_16)
     7    0.02                           clknet_leaf_84_clk (net)
                  0.07    0.00   12.47 ^ _26541_/CLK (sky130_fd_sc_hd__dfxtp_2)
                         -0.25   12.22   clock uncertainty
                          0.13   12.35   clock reconvergence pessimism
                         -0.27   12.09   library setup time
                                 12.09   data required time
-----------------------------------------------------------------------------
                                 12.09   data required time
                                -13.85   data arrival time
-----------------------------------------------------------------------------
                                 -1.77   slack (VIOLATED)



======================= Typical Corner ===================================

No paths found.


===========================================================================
 report_check_types -max_slew -max_cap -max_fanout -violators
============================================================================
======================= Fastest Corner ===================================

max fanout

Pin                                   Limit Fanout  Slack
---------------------------------------------------------
clkbuf_4_9__f_clk/X                       6     24    -18 (VIOLATED)
clkbuf_4_10__f_clk/X                      6     20    -14 (VIOLATED)
clkbuf_4_11__f_clk/X                      6     20    -14 (VIOLATED)
clkbuf_4_14__f_clk/X                      6     20    -14 (VIOLATED)
clkbuf_4_8__f_clk/X                       6     20    -14 (VIOLATED)
clkbuf_4_12__f_clk/X                      6     18    -12 (VIOLATED)
clkbuf_4_6__f_clk/X                       6     18    -12 (VIOLATED)
clkbuf_4_13__f_clk/X                      6     16    -10 (VIOLATED)
clkbuf_4_1__f_clk/X                       6     16    -10 (VIOLATED)
clkbuf_4_4__f_clk/X                       6     16    -10 (VIOLATED)
clkbuf_4_15__f_clk/X                      6     14     -8 (VIOLATED)
clkbuf_4_3__f_clk/X                       6     14     -8 (VIOLATED)
clkbuf_4_7__f_clk/X                       6     14     -8 (VIOLATED)
clkbuf_leaf_58_clk/X                      6     14     -8 (VIOLATED)
_13264_/X                                 6     13     -7 (VIOLATED)
_15008_/X                                 6     13     -7 (VIOLATED)
_15245_/X                                 6     13     -7 (VIOLATED)
clkbuf_leaf_19_clk/X                      6     13     -7 (VIOLATED)
_13263_/X                                 6     12     -6 (VIOLATED)
_13265_/X                                 6     12     -6 (VIOLATED)
_13266_/X                                 6     12     -6 (VIOLATED)
_13267_/X                                 6     12     -6 (VIOLATED)
_13268_/X                                 6     12     -6 (VIOLATED)
_13269_/X                                 6     12     -6 (VIOLATED)
_13277_/X                                 6     12     -6 (VIOLATED)
_13278_/X                                 6     12     -6 (VIOLATED)
_13279_/X                                 6     12     -6 (VIOLATED)
_13280_/X                                 6     12     -6 (VIOLATED)
_13281_/X                                 6     12     -6 (VIOLATED)
_13282_/X                                 6     12     -6 (VIOLATED)
_13285_/X                                 6     12     -6 (VIOLATED)
_13286_/X                                 6     12     -6 (VIOLATED)
_13289_/X                                 6     12     -6 (VIOLATED)
_13290_/X                                 6     12     -6 (VIOLATED)
_13291_/X                                 6     12     -6 (VIOLATED)
_13294_/X                                 6     12     -6 (VIOLATED)
_13295_/X                                 6     12     -6 (VIOLATED)
_13297_/X                                 6     12     -6 (VIOLATED)
_13307_/X                                 6     12     -6 (VIOLATED)
_13308_/X                                 6     12     -6 (VIOLATED)
_13309_/X                                 6     12     -6 (VIOLATED)
_13310_/X                                 6     12     -6 (VIOLATED)
_13315_/X                                 6     12     -6 (VIOLATED)
_13323_/X                                 6     12     -6 (VIOLATED)
_13331_/X                                 6     12     -6 (VIOLATED)
_13332_/X                                 6     12     -6 (VIOLATED)
_13335_/X                                 6     12     -6 (VIOLATED)
_13336_/X                                 6     12     -6 (VIOLATED)
_13337_/X                                 6     12     -6 (VIOLATED)
_13338_/X                                 6     12     -6 (VIOLATED)
_13341_/X                                 6     12     -6 (VIOLATED)
_13342_/X                                 6     12     -6 (VIOLATED)
_13344_/X                                 6     12     -6 (VIOLATED)
_13345_/X                                 6     12     -6 (VIOLATED)
_13346_/X                                 6     12     -6 (VIOLATED)
_13347_/X                                 6     12     -6 (VIOLATED)
_13349_/X                                 6     12     -6 (VIOLATED)
_13354_/X                                 6     12     -6 (VIOLATED)
_13355_/X                                 6     12     -6 (VIOLATED)
_13356_/X                                 6     12     -6 (VIOLATED)
_13373_/X                                 6     12     -6 (VIOLATED)
_13374_/X                                 6     12     -6 (VIOLATED)
_13473_/X                                 6     12     -6 (VIOLATED)
_13476_/X                                 6     12     -6 (VIOLATED)
_13497_/X                                 6     12     -6 (VIOLATED)
_13553_/X                                 6     12     -6 (VIOLATED)
_13597_/X                                 6     12     -6 (VIOLATED)
_13598_/X                                 6     12     -6 (VIOLATED)
_13601_/X                                 6     12     -6 (VIOLATED)
_13602_/X                                 6     12     -6 (VIOLATED)
_13603_/X                                 6     12     -6 (VIOLATED)
_13605_/X                                 6     12     -6 (VIOLATED)
_13606_/X                                 6     12     -6 (VIOLATED)
_13607_/X                                 6     12     -6 (VIOLATED)
_13694_/X                                 6     12     -6 (VIOLATED)
_13695_/X                                 6     12     -6 (VIOLATED)
_13698_/X                                 6     12     -6 (VIOLATED)
_13699_/X                                 6     12     -6 (VIOLATED)
_13700_/X                                 6     12     -6 (VIOLATED)
_13704_/X                                 6     12     -6 (VIOLATED)
_13752_/X                                 6     12     -6 (VIOLATED)
_13760_/X                                 6     12     -6 (VIOLATED)
_13777_/X                                 6     12     -6 (VIOLATED)
_13781_/X                                 6     12     -6 (VIOLATED)
_13782_/X                                 6     12     -6 (VIOLATED)
_13783_/X                                 6     12     -6 (VIOLATED)
_13784_/X                                 6     12     -6 (VIOLATED)
_13847_/X                                 6     12     -6 (VIOLATED)
_13848_/X                                 6     12     -6 (VIOLATED)
_13850_/X                                 6     12     -6 (VIOLATED)
_13851_/X                                 6     12     -6 (VIOLATED)
_13852_/X                                 6     12     -6 (VIOLATED)
_13863_/X                                 6     12     -6 (VIOLATED)
_13914_/X                                 6     12     -6 (VIOLATED)
_13922_/X                                 6     12     -6 (VIOLATED)
_13931_/X                                 6     12     -6 (VIOLATED)
_13956_/X                                 6     12     -6 (VIOLATED)
_13958_/X                                 6     12     -6 (VIOLATED)
_13959_/X                                 6     12     -6 (VIOLATED)
_13961_/X                                 6     12     -6 (VIOLATED)
_13962_/X                                 6     12     -6 (VIOLATED)
_13999_/X                                 6     12     -6 (VIOLATED)
_14000_/X                                 6     12     -6 (VIOLATED)
_14001_/X                                 6     12     -6 (VIOLATED)
_14006_/X                                 6     12     -6 (VIOLATED)
_14008_/X                                 6     12     -6 (VIOLATED)
_14026_/X                                 6     12     -6 (VIOLATED)
_14029_/X                                 6     12     -6 (VIOLATED)
_14030_/X                                 6     12     -6 (VIOLATED)
_14031_/X                                 6     12     -6 (VIOLATED)
_14055_/X                                 6     12     -6 (VIOLATED)
_14059_/X                                 6     12     -6 (VIOLATED)
_14060_/Y                                 6     12     -6 (VIOLATED)
_14062_/X                                 6     12     -6 (VIOLATED)
_14063_/X                                 6     12     -6 (VIOLATED)
_14074_/X                                 6     12     -6 (VIOLATED)
_14076_/X                                 6     12     -6 (VIOLATED)
_14094_/X                                 6     12     -6 (VIOLATED)
_14100_/X                                 6     12     -6 (VIOLATED)
_14103_/X                                 6     12     -6 (VIOLATED)
_14104_/X                                 6     12     -6 (VIOLATED)
_14109_/X                                 6     12     -6 (VIOLATED)
_14112_/X                                 6     12     -6 (VIOLATED)
_14113_/X                                 6     12     -6 (VIOLATED)
_14134_/X                                 6     12     -6 (VIOLATED)
_14135_/X                                 6     12     -6 (VIOLATED)
_14137_/X                                 6     12     -6 (VIOLATED)
_14138_/X                                 6     12     -6 (VIOLATED)
_14139_/X                                 6     12     -6 (VIOLATED)
_14143_/X                                 6     12     -6 (VIOLATED)
_14148_/X                                 6     12     -6 (VIOLATED)
_14153_/X                                 6     12     -6 (VIOLATED)
_14156_/X                                 6     12     -6 (VIOLATED)
_14158_/X                                 6     12     -6 (VIOLATED)
_14162_/X                                 6     12     -6 (VIOLATED)
_14165_/X                                 6     12     -6 (VIOLATED)
_14167_/X                                 6     12     -6 (VIOLATED)
_14171_/X                                 6     12     -6 (VIOLATED)
_14172_/X                                 6     12     -6 (VIOLATED)
_14175_/X                                 6     12     -6 (VIOLATED)
_14179_/X                                 6     12     -6 (VIOLATED)
_14182_/X                                 6     12     -6 (VIOLATED)
_14185_/X                                 6     12     -6 (VIOLATED)
_14186_/X                                 6     12     -6 (VIOLATED)
_14191_/X                                 6     12     -6 (VIOLATED)
_14197_/X                                 6     12     -6 (VIOLATED)
_14202_/X                                 6     12     -6 (VIOLATED)
_14207_/X                                 6     12     -6 (VIOLATED)
_14211_/X                                 6     12     -6 (VIOLATED)
_14214_/X                                 6     12     -6 (VIOLATED)
_14215_/X                                 6     12     -6 (VIOLATED)
_14216_/X                                 6     12     -6 (VIOLATED)
_14219_/X                                 6     12     -6 (VIOLATED)
_14225_/X                                 6     12     -6 (VIOLATED)
_14230_/X                                 6     12     -6 (VIOLATED)
_14232_/X                                 6     12     -6 (VIOLATED)
_14237_/X                                 6     12     -6 (VIOLATED)
_14250_/X                                 6     12     -6 (VIOLATED)
_14266_/X                                 6     12     -6 (VIOLATED)
_14301_/X                                 6     12     -6 (VIOLATED)
_14320_/X                                 6     12     -6 (VIOLATED)
_14354_/X                                 6     12     -6 (VIOLATED)
_14395_/X                                 6     12     -6 (VIOLATED)
_14423_/X                                 6     12     -6 (VIOLATED)
_14430_/X                                 6     12     -6 (VIOLATED)
_14432_/X                                 6     12     -6 (VIOLATED)
_14437_/X                                 6     12     -6 (VIOLATED)
_14506_/X                                 6     12     -6 (VIOLATED)
_14811_/X                                 6     12     -6 (VIOLATED)
_14813_/X                                 6     12     -6 (VIOLATED)
_14822_/X                                 6     12     -6 (VIOLATED)
_14847_/X                                 6     12     -6 (VIOLATED)
_14849_/X                                 6     12     -6 (VIOLATED)
_14852_/X                                 6     12     -6 (VIOLATED)
_14877_/X                                 6     12     -6 (VIOLATED)
_14904_/X                                 6     12     -6 (VIOLATED)
_14913_/X                                 6     12     -6 (VIOLATED)
_14916_/X                                 6     12     -6 (VIOLATED)
_14934_/X                                 6     12     -6 (VIOLATED)
_14946_/X                                 6     12     -6 (VIOLATED)
_14961_/X                                 6     12     -6 (VIOLATED)
_14962_/X                                 6     12     -6 (VIOLATED)
_14984_/X                                 6     12     -6 (VIOLATED)
_14986_/X                                 6     12     -6 (VIOLATED)
_14991_/X                                 6     12     -6 (VIOLATED)
_14992_/X                                 6     12     -6 (VIOLATED)
_14993_/X                                 6     12     -6 (VIOLATED)
_14998_/X                                 6     12     -6 (VIOLATED)
_15002_/X                                 6     12     -6 (VIOLATED)
_15003_/X                                 6     12     -6 (VIOLATED)
_15011_/X                                 6     12     -6 (VIOLATED)
_15012_/X                                 6     12     -6 (VIOLATED)
_15013_/X                                 6     12     -6 (VIOLATED)
_15018_/X                                 6     12     -6 (VIOLATED)
_15019_/X                                 6     12     -6 (VIOLATED)
_15022_/X                                 6     12     -6 (VIOLATED)
_15026_/X                                 6     12     -6 (VIOLATED)
_15050_/X                                 6     12     -6 (VIOLATED)
_15052_/X                                 6     12     -6 (VIOLATED)
_15057_/X                                 6     12     -6 (VIOLATED)
_15073_/X                                 6     12     -6 (VIOLATED)
_15077_/X                                 6     12     -6 (VIOLATED)
_15080_/X                                 6     12     -6 (VIOLATED)
_15081_/X                                 6     12     -6 (VIOLATED)
_15109_/X                                 6     12     -6 (VIOLATED)
_15116_/X                                 6     12     -6 (VIOLATED)
_15134_/X                                 6     12     -6 (VIOLATED)
_15146_/X                                 6     12     -6 (VIOLATED)
_15149_/X                                 6     12     -6 (VIOLATED)
_15152_/X                                 6     12     -6 (VIOLATED)
_15230_/X                                 6     12     -6 (VIOLATED)
_15246_/X                                 6     12     -6 (VIOLATED)
_15250_/X                                 6     12     -6 (VIOLATED)
_15285_/X                                 6     12     -6 (VIOLATED)
_15373_/X                                 6     12     -6 (VIOLATED)
_15404_/X                                 6     12     -6 (VIOLATED)
_15459_/X                                 6     12     -6 (VIOLATED)
_15476_/X                                 6     12     -6 (VIOLATED)
_15535_/X                                 6     12     -6 (VIOLATED)
_15584_/X                                 6     12     -6 (VIOLATED)
_15585_/X                                 6     12     -6 (VIOLATED)
_15586_/X                                 6     12     -6 (VIOLATED)
_15596_/X                                 6     12     -6 (VIOLATED)
_15704_/X                                 6     12     -6 (VIOLATED)
_15705_/X                                 6     12     -6 (VIOLATED)
_15727_/X                                 6     12     -6 (VIOLATED)
_15742_/X                                 6     12     -6 (VIOLATED)
_15743_/X                                 6     12     -6 (VIOLATED)
_15763_/X                                 6     12     -6 (VIOLATED)
_15775_/X                                 6     12     -6 (VIOLATED)
_15784_/X                                 6     12     -6 (VIOLATED)
_15790_/X                                 6     12     -6 (VIOLATED)
_15803_/X                                 6     12     -6 (VIOLATED)
_15807_/X                                 6     12     -6 (VIOLATED)
_15812_/X                                 6     12     -6 (VIOLATED)
_15818_/X                                 6     12     -6 (VIOLATED)
_15824_/X                                 6     12     -6 (VIOLATED)
_15828_/X                                 6     12     -6 (VIOLATED)
_15830_/X                                 6     12     -6 (VIOLATED)
_15831_/X                                 6     12     -6 (VIOLATED)
_15836_/X                                 6     12     -6 (VIOLATED)
_15842_/X                                 6     12     -6 (VIOLATED)
_15847_/X                                 6     12     -6 (VIOLATED)
_15850_/X                                 6     12     -6 (VIOLATED)
_15854_/X                                 6     12     -6 (VIOLATED)
_15856_/X                                 6     12     -6 (VIOLATED)
_15859_/X                                 6     12     -6 (VIOLATED)
_15863_/X                                 6     12     -6 (VIOLATED)
_15867_/X                                 6     12     -6 (VIOLATED)
_15874_/X                                 6     12     -6 (VIOLATED)
_15877_/X                                 6     12     -6 (VIOLATED)
_15879_/X                                 6     12     -6 (VIOLATED)
_15896_/X                                 6     12     -6 (VIOLATED)
_15903_/X                                 6     12     -6 (VIOLATED)
_15907_/X                                 6     12     -6 (VIOLATED)
_15908_/X                                 6     12     -6 (VIOLATED)
_15960_/X                                 6     12     -6 (VIOLATED)
_15990_/X                                 6     12     -6 (VIOLATED)
_16024_/X                                 6     12     -6 (VIOLATED)
_16038_/X                                 6     12     -6 (VIOLATED)
_16046_/X                                 6     12     -6 (VIOLATED)
_16083_/X                                 6     12     -6 (VIOLATED)
_16090_/X                                 6     12     -6 (VIOLATED)
_16095_/X                                 6     12     -6 (VIOLATED)
_16098_/X                                 6     12     -6 (VIOLATED)
_16257_/X                                 6     12     -6 (VIOLATED)
_16372_/X                                 6     12     -6 (VIOLATED)
_16397_/X                                 6     12     -6 (VIOLATED)
_16403_/X                                 6     12     -6 (VIOLATED)
_16448_/X                                 6     12     -6 (VIOLATED)
_16481_/X                                 6     12     -6 (VIOLATED)
_16520_/X                                 6     12     -6 (VIOLATED)
_16524_/X                                 6     12     -6 (VIOLATED)
_16525_/X                                 6     12     -6 (VIOLATED)
_16608_/X                                 6     12     -6 (VIOLATED)
_16616_/X                                 6     12     -6 (VIOLATED)
_16626_/X                                 6     12     -6 (VIOLATED)
_16639_/X                                 6     12     -6 (VIOLATED)
_16654_/X                                 6     12     -6 (VIOLATED)
_16657_/X                                 6     12     -6 (VIOLATED)
_16660_/X                                 6     12     -6 (VIOLATED)
_16665_/X                                 6     12     -6 (VIOLATED)
_16669_/X                                 6     12     -6 (VIOLATED)
_16672_/X                                 6     12     -6 (VIOLATED)
_16674_/X                                 6     12     -6 (VIOLATED)
_16675_/X                                 6     12     -6 (VIOLATED)
_16678_/X                                 6     12     -6 (VIOLATED)
_16681_/X                                 6     12     -6 (VIOLATED)
_16686_/X                                 6     12     -6 (VIOLATED)
_16687_/X                                 6     12     -6 (VIOLATED)
_16692_/X                                 6     12     -6 (VIOLATED)
_16693_/X                                 6     12     -6 (VIOLATED)
_16694_/X                                 6     12     -6 (VIOLATED)
_16698_/X                                 6     12     -6 (VIOLATED)
_16699_/X                                 6     12     -6 (VIOLATED)
_16703_/X                                 6     12     -6 (VIOLATED)
_16704_/X                                 6     12     -6 (VIOLATED)
_16707_/X                                 6     12     -6 (VIOLATED)
_16708_/X                                 6     12     -6 (VIOLATED)
_16710_/X                                 6     12     -6 (VIOLATED)
_16711_/X                                 6     12     -6 (VIOLATED)
_16714_/X                                 6     12     -6 (VIOLATED)
_16717_/X                                 6     12     -6 (VIOLATED)
_16722_/X                                 6     12     -6 (VIOLATED)
_16725_/X                                 6     12     -6 (VIOLATED)
_16728_/X                                 6     12     -6 (VIOLATED)
_16734_/X                                 6     12     -6 (VIOLATED)
_16735_/X                                 6     12     -6 (VIOLATED)
_16792_/X                                 6     12     -6 (VIOLATED)
_16796_/X                                 6     12     -6 (VIOLATED)
_17207_/X                                 6     12     -6 (VIOLATED)
_17265_/X                                 6     12     -6 (VIOLATED)
_17305_/X                                 6     12     -6 (VIOLATED)
_17369_/X                                 6     12     -6 (VIOLATED)
_17386_/Y                                 6     12     -6 (VIOLATED)
_17419_/X                                 6     12     -6 (VIOLATED)
_17444_/X                                 6     12     -6 (VIOLATED)
_17473_/X                                 6     12     -6 (VIOLATED)
_17481_/X                                 6     12     -6 (VIOLATED)
_17487_/X                                 6     12     -6 (VIOLATED)
_17491_/X                                 6     12     -6 (VIOLATED)
_17496_/X                                 6     12     -6 (VIOLATED)
_17499_/X                                 6     12     -6 (VIOLATED)
_17500_/X                                 6     12     -6 (VIOLATED)
_17502_/X                                 6     12     -6 (VIOLATED)
_17507_/X                                 6     12     -6 (VIOLATED)
_17510_/X                                 6     12     -6 (VIOLATED)
_17511_/X                                 6     12     -6 (VIOLATED)
_17517_/X                                 6     12     -6 (VIOLATED)
_17528_/X                                 6     12     -6 (VIOLATED)
_17534_/X                                 6     12     -6 (VIOLATED)
_17539_/X                                 6     12     -6 (VIOLATED)
_17540_/X                                 6     12     -6 (VIOLATED)
_17543_/X                                 6     12     -6 (VIOLATED)
_17545_/X                                 6     12     -6 (VIOLATED)
_17546_/X                                 6     12     -6 (VIOLATED)
_17550_/X                                 6     12     -6 (VIOLATED)
_17551_/X                                 6     12     -6 (VIOLATED)
_17554_/X                                 6     12     -6 (VIOLATED)
_17558_/X                                 6     12     -6 (VIOLATED)
_17561_/X                                 6     12     -6 (VIOLATED)
_17568_/X                                 6     12     -6 (VIOLATED)
_17647_/X                                 6     12     -6 (VIOLATED)
_17701_/X                                 6     12     -6 (VIOLATED)
_18191_/X                                 6     12     -6 (VIOLATED)
_18208_/Y                                 6     12     -6 (VIOLATED)
_18241_/X                                 6     12     -6 (VIOLATED)
_18296_/X                                 6     12     -6 (VIOLATED)
_18321_/X                                 6     12     -6 (VIOLATED)
_18331_/X                                 6     12     -6 (VIOLATED)
_18335_/X                                 6     12     -6 (VIOLATED)
_18336_/X                                 6     12     -6 (VIOLATED)
_18339_/X                                 6     12     -6 (VIOLATED)
_18341_/X                                 6     12     -6 (VIOLATED)
_18342_/X                                 6     12     -6 (VIOLATED)
_18347_/X                                 6     12     -6 (VIOLATED)
_18352_/X                                 6     12     -6 (VIOLATED)
_18355_/X                                 6     12     -6 (VIOLATED)
_18357_/X                                 6     12     -6 (VIOLATED)
_18363_/X                                 6     12     -6 (VIOLATED)
_18364_/X                                 6     12     -6 (VIOLATED)
_18380_/X                                 6     12     -6 (VIOLATED)
_18392_/X                                 6     12     -6 (VIOLATED)
_18393_/X                                 6     12     -6 (VIOLATED)
_18396_/X                                 6     12     -6 (VIOLATED)
_18402_/X                                 6     12     -6 (VIOLATED)
_18410_/X                                 6     12     -6 (VIOLATED)
_18418_/X                                 6     12     -6 (VIOLATED)
_18434_/X                                 6     12     -6 (VIOLATED)
_18471_/X                                 6     12     -6 (VIOLATED)
_18484_/X                                 6     12     -6 (VIOLATED)
_18544_/X                                 6     12     -6 (VIOLATED)
_18727_/X                                 6     12     -6 (VIOLATED)
_18801_/X                                 6     12     -6 (VIOLATED)
_18920_/X                                 6     12     -6 (VIOLATED)
_18955_/X                                 6     12     -6 (VIOLATED)
_19048_/X                                 6     12     -6 (VIOLATED)
_19057_/Y                                 6     12     -6 (VIOLATED)
_19066_/X                                 6     12     -6 (VIOLATED)
_19072_/X                                 6     12     -6 (VIOLATED)
_19098_/X                                 6     12     -6 (VIOLATED)
_19106_/X                                 6     12     -6 (VIOLATED)
_19107_/X                                 6     12     -6 (VIOLATED)
_19122_/X                                 6     12     -6 (VIOLATED)
_19123_/X                                 6     12     -6 (VIOLATED)
_19132_/X                                 6     12     -6 (VIOLATED)
_19136_/X                                 6     12     -6 (VIOLATED)
_19153_/X                                 6     12     -6 (VIOLATED)
_19159_/X                                 6     12     -6 (VIOLATED)
_19160_/X                                 6     12     -6 (VIOLATED)
_19168_/X                                 6     12     -6 (VIOLATED)
_19173_/X                                 6     12     -6 (VIOLATED)
_19201_/X                                 6     12     -6 (VIOLATED)
_19207_/X                                 6     12     -6 (VIOLATED)
_19208_/X                                 6     12     -6 (VIOLATED)
_19350_/X                                 6     12     -6 (VIOLATED)
_19351_/X                                 6     12     -6 (VIOLATED)
_19397_/X                                 6     12     -6 (VIOLATED)
_19444_/X                                 6     12     -6 (VIOLATED)
_19555_/X                                 6     12     -6 (VIOLATED)
_19579_/X                                 6     12     -6 (VIOLATED)
_19667_/X                                 6     12     -6 (VIOLATED)
_19724_/X                                 6     12     -6 (VIOLATED)
_19761_/X                                 6     12     -6 (VIOLATED)
_19770_/X                                 6     12     -6 (VIOLATED)
_19847_/X                                 6     12     -6 (VIOLATED)
_19849_/X                                 6     12     -6 (VIOLATED)
_19895_/X                                 6     12     -6 (VIOLATED)
_19904_/X                                 6     12     -6 (VIOLATED)
_19928_/X                                 6     12     -6 (VIOLATED)
_19929_/X                                 6     12     -6 (VIOLATED)
_19935_/X                                 6     12     -6 (VIOLATED)
_19936_/X                                 6     12     -6 (VIOLATED)
_19941_/X                                 6     12     -6 (VIOLATED)
_19942_/X                                 6     12     -6 (VIOLATED)
_19948_/X                                 6     12     -6 (VIOLATED)
_19949_/X                                 6     12     -6 (VIOLATED)
_19954_/X                                 6     12     -6 (VIOLATED)
_19957_/X                                 6     12     -6 (VIOLATED)
_19961_/X                                 6     12     -6 (VIOLATED)
_19966_/X                                 6     12     -6 (VIOLATED)
_19972_/X                                 6     12     -6 (VIOLATED)
_19978_/X                                 6     12     -6 (VIOLATED)
_19990_/X                                 6     12     -6 (VIOLATED)
_20086_/X                                 6     12     -6 (VIOLATED)
_20514_/X                                 6     12     -6 (VIOLATED)
_20550_/X                                 6     12     -6 (VIOLATED)
_20672_/X                                 6     12     -6 (VIOLATED)
_20713_/X                                 6     12     -6 (VIOLATED)
_20718_/X                                 6     12     -6 (VIOLATED)
_20724_/X                                 6     12     -6 (VIOLATED)
_20728_/X                                 6     12     -6 (VIOLATED)
_20731_/X                                 6     12     -6 (VIOLATED)
_20737_/X                                 6     12     -6 (VIOLATED)
_20740_/X                                 6     12     -6 (VIOLATED)
_20743_/X                                 6     12     -6 (VIOLATED)
_20749_/X                                 6     12     -6 (VIOLATED)
_20752_/X                                 6     12     -6 (VIOLATED)
_20767_/X                                 6     12     -6 (VIOLATED)
_20792_/X                                 6     12     -6 (VIOLATED)
_20822_/X                                 6     12     -6 (VIOLATED)
_20849_/X                                 6     12     -6 (VIOLATED)
_20944_/X                                 6     12     -6 (VIOLATED)
_21007_/X                                 6     12     -6 (VIOLATED)
_21266_/X                                 6     12     -6 (VIOLATED)
_21267_/X                                 6     12     -6 (VIOLATED)
_21348_/X                                 6     12     -6 (VIOLATED)
_21384_/Y                                 6     12     -6 (VIOLATED)
_21385_/X                                 6     12     -6 (VIOLATED)
_21411_/X                                 6     12     -6 (VIOLATED)
_21416_/X                                 6     12     -6 (VIOLATED)
_21447_/X                                 6     12     -6 (VIOLATED)
_21463_/X                                 6     12     -6 (VIOLATED)
_21469_/X                                 6     12     -6 (VIOLATED)
_21473_/X                                 6     12     -6 (VIOLATED)
_21476_/X                                 6     12     -6 (VIOLATED)
_21480_/X                                 6     12     -6 (VIOLATED)
_21485_/X                                 6     12     -6 (VIOLATED)
_21488_/X                                 6     12     -6 (VIOLATED)
_21489_/X                                 6     12     -6 (VIOLATED)
_21491_/X                                 6     12     -6 (VIOLATED)
_21492_/X                                 6     12     -6 (VIOLATED)
_21496_/X                                 6     12     -6 (VIOLATED)
_21502_/X                                 6     12     -6 (VIOLATED)
_21663_/Y                                 6     12     -6 (VIOLATED)
_21686_/X                                 6     12     -6 (VIOLATED)
_21752_/X                                 6     12     -6 (VIOLATED)
_22148_/X                                 6     12     -6 (VIOLATED)
_22211_/X                                 6     12     -6 (VIOLATED)
_22222_/X                                 6     12     -6 (VIOLATED)
_22247_/X                                 6     12     -6 (VIOLATED)
_22267_/X                                 6     12     -6 (VIOLATED)
_22281_/X                                 6     12     -6 (VIOLATED)
_22282_/X                                 6     12     -6 (VIOLATED)
_22323_/X                                 6     12     -6 (VIOLATED)
_22324_/X                                 6     12     -6 (VIOLATED)
_22343_/X                                 6     12     -6 (VIOLATED)
_22356_/X                                 6     12     -6 (VIOLATED)
_22357_/X                                 6     12     -6 (VIOLATED)
_22370_/X                                 6     12     -6 (VIOLATED)
_22401_/X                                 6     12     -6 (VIOLATED)
_22402_/X                                 6     12     -6 (VIOLATED)
_22445_/X                                 6     12     -6 (VIOLATED)
_22458_/X                                 6     12     -6 (VIOLATED)
_22484_/X                                 6     12     -6 (VIOLATED)
_22486_/X                                 6     12     -6 (VIOLATED)
_22488_/X                                 6     12     -6 (VIOLATED)
_22496_/X                                 6     12     -6 (VIOLATED)
_22515_/X                                 6     12     -6 (VIOLATED)
_22517_/X                                 6     12     -6 (VIOLATED)
_22518_/X                                 6     12     -6 (VIOLATED)
_22557_/X                                 6     12     -6 (VIOLATED)
_22594_/Y                                 6     12     -6 (VIOLATED)
_22598_/X                                 6     12     -6 (VIOLATED)
_22708_/X                                 6     12     -6 (VIOLATED)
_22833_/X                                 6     12     -6 (VIOLATED)
_22867_/X                                 6     12     -6 (VIOLATED)
_22894_/X                                 6     12     -6 (VIOLATED)
_22926_/X                                 6     12     -6 (VIOLATED)
_23034_/X                                 6     12     -6 (VIOLATED)
_23035_/X                                 6     12     -6 (VIOLATED)
_23041_/X                                 6     12     -6 (VIOLATED)
_23124_/X                                 6     12     -6 (VIOLATED)
_23163_/X                                 6     12     -6 (VIOLATED)
_23177_/Y                                 6     12     -6 (VIOLATED)
_23242_/X                                 6     12     -6 (VIOLATED)
_23245_/Y                                 6     12     -6 (VIOLATED)
_23249_/X                                 6     12     -6 (VIOLATED)
_23256_/X                                 6     12     -6 (VIOLATED)
_23259_/X                                 6     12     -6 (VIOLATED)
_23262_/X                                 6     12     -6 (VIOLATED)
_23266_/X                                 6     12     -6 (VIOLATED)
_23271_/X                                 6     12     -6 (VIOLATED)
_23276_/X                                 6     12     -6 (VIOLATED)
_23282_/X                                 6     12     -6 (VIOLATED)
_23283_/X                                 6     12     -6 (VIOLATED)
_23287_/X                                 6     12     -6 (VIOLATED)
_23289_/X                                 6     12     -6 (VIOLATED)
_23295_/X                                 6     12     -6 (VIOLATED)
_23301_/X                                 6     12     -6 (VIOLATED)
_23305_/X                                 6     12     -6 (VIOLATED)
_23307_/X                                 6     12     -6 (VIOLATED)
_23313_/X                                 6     12     -6 (VIOLATED)
_23319_/X                                 6     12     -6 (VIOLATED)
_23325_/X                                 6     12     -6 (VIOLATED)
_23333_/X                                 6     12     -6 (VIOLATED)
_23349_/X                                 6     12     -6 (VIOLATED)
_23362_/X                                 6     12     -6 (VIOLATED)
_23489_/X                                 6     12     -6 (VIOLATED)
_23554_/X                                 6     12     -6 (VIOLATED)
_23697_/X                                 6     12     -6 (VIOLATED)
_23756_/X                                 6     12     -6 (VIOLATED)
_23758_/X                                 6     12     -6 (VIOLATED)
_23882_/X                                 6     12     -6 (VIOLATED)
_23966_/X                                 6     12     -6 (VIOLATED)
_23991_/X                                 6     12     -6 (VIOLATED)
_24037_/X                                 6     12     -6 (VIOLATED)
_24043_/X                                 6     12     -6 (VIOLATED)
_24054_/X                                 6     12     -6 (VIOLATED)
_24061_/X                                 6     12     -6 (VIOLATED)
_24098_/X                                 6     12     -6 (VIOLATED)
_24101_/X                                 6     12     -6 (VIOLATED)
_24106_/X                                 6     12     -6 (VIOLATED)
_24107_/X                                 6     12     -6 (VIOLATED)
_24112_/X                                 6     12     -6 (VIOLATED)
_24113_/X                                 6     12     -6 (VIOLATED)
_24118_/X                                 6     12     -6 (VIOLATED)
_24123_/X                                 6     12     -6 (VIOLATED)
_24126_/X                                 6     12     -6 (VIOLATED)
_24129_/X                                 6     12     -6 (VIOLATED)
_24132_/X                                 6     12     -6 (VIOLATED)
_24142_/X                                 6     12     -6 (VIOLATED)
_24156_/X                                 6     12     -6 (VIOLATED)
_24161_/X                                 6     12     -6 (VIOLATED)
_24164_/X                                 6     12     -6 (VIOLATED)
_24177_/X                                 6     12     -6 (VIOLATED)
_24190_/X                                 6     12     -6 (VIOLATED)
_24244_/Y                                 6     12     -6 (VIOLATED)
_24318_/X                                 6     12     -6 (VIOLATED)
_24358_/X                                 6     12     -6 (VIOLATED)
_24395_/X                                 6     12     -6 (VIOLATED)
_24538_/X                                 6     12     -6 (VIOLATED)
_24780_/X                                 6     12     -6 (VIOLATED)
_24782_/X                                 6     12     -6 (VIOLATED)
_24805_/X                                 6     12     -6 (VIOLATED)
_24835_/X                                 6     12     -6 (VIOLATED)
_24836_/Y                                 6     12     -6 (VIOLATED)
_24837_/X                                 6     12     -6 (VIOLATED)
_24909_/X                                 6     12     -6 (VIOLATED)
_24912_/X                                 6     12     -6 (VIOLATED)
_24919_/X                                 6     12     -6 (VIOLATED)
_24925_/X                                 6     12     -6 (VIOLATED)
_24938_/X                                 6     12     -6 (VIOLATED)
_24941_/X                                 6     12     -6 (VIOLATED)
_24944_/X                                 6     12     -6 (VIOLATED)
_24949_/X                                 6     12     -6 (VIOLATED)
_24953_/X                                 6     12     -6 (VIOLATED)
_24956_/X                                 6     12     -6 (VIOLATED)
_24959_/X                                 6     12     -6 (VIOLATED)
_24969_/X                                 6     12     -6 (VIOLATED)
_24973_/X                                 6     12     -6 (VIOLATED)
_24975_/X                                 6     12     -6 (VIOLATED)
_24988_/X                                 6     12     -6 (VIOLATED)
_25002_/X                                 6     12     -6 (VIOLATED)
_25004_/X                                 6     12     -6 (VIOLATED)
_25132_/X                                 6     12     -6 (VIOLATED)
_25178_/X                                 6     12     -6 (VIOLATED)
_25332_/X                                 6     12     -6 (VIOLATED)
_25381_/X                                 6     12     -6 (VIOLATED)
_25584_/X                                 6     12     -6 (VIOLATED)
_25652_/X                                 6     12     -6 (VIOLATED)
_25710_/X                                 6     12     -6 (VIOLATED)
_25713_/X                                 6     12     -6 (VIOLATED)
_25718_/X                                 6     12     -6 (VIOLATED)
_25723_/X                                 6     12     -6 (VIOLATED)
_25727_/X                                 6     12     -6 (VIOLATED)
_25729_/X                                 6     12     -6 (VIOLATED)
_25764_/X                                 6     12     -6 (VIOLATED)
_25883_/X                                 6     12     -6 (VIOLATED)
_25922_/X                                 6     12     -6 (VIOLATED)
_25926_/X                                 6     12     -6 (VIOLATED)
_26384_/X                                 6     12     -6 (VIOLATED)
_26486_/X                                 6     12     -6 (VIOLATED)
_26491_/X                                 6     12     -6 (VIOLATED)
_26492_/X                                 6     12     -6 (VIOLATED)
_26527_/Q                                 6     12     -6 (VIOLATED)
_26529_/Q                                 6     12     -6 (VIOLATED)
_26549_/Q                                 6     12     -6 (VIOLATED)
_26551_/Q                                 6     12     -6 (VIOLATED)
_26560_/Q                                 6     12     -6 (VIOLATED)
_26575_/Q                                 6     12     -6 (VIOLATED)
_26576_/Q                                 6     12     -6 (VIOLATED)
_26577_/Q                                 6     12     -6 (VIOLATED)
_26582_/Q                                 6     12     -6 (VIOLATED)
_26625_/Q                                 6     12     -6 (VIOLATED)
_26630_/Q                                 6     12     -6 (VIOLATED)
_26637_/Q                                 6     12     -6 (VIOLATED)
_26644_/Q                                 6     12     -6 (VIOLATED)
_26645_/Q                                 6     12     -6 (VIOLATED)
_26673_/Q                                 6     12     -6 (VIOLATED)
_26680_/Q                                 6     12     -6 (VIOLATED)
_26711_/Q                                 6     12     -6 (VIOLATED)
_26714_/Q                                 6     12     -6 (VIOLATED)
_26718_/Q                                 6     12     -6 (VIOLATED)
_26728_/Q                                 6     12     -6 (VIOLATED)
_26737_/Q                                 6     12     -6 (VIOLATED)
_26759_/Q                                 6     12     -6 (VIOLATED)
_26763_/Q                                 6     12     -6 (VIOLATED)
_26768_/Q                                 6     12     -6 (VIOLATED)
_26769_/Q                                 6     12     -6 (VIOLATED)
_26793_/Q                                 6     12     -6 (VIOLATED)
_26794_/Q                                 6     12     -6 (VIOLATED)
_26795_/Q                                 6     12     -6 (VIOLATED)
_26805_/Q                                 6     12     -6 (VIOLATED)
_26814_/Q                                 6     12     -6 (VIOLATED)
_26850_/Q                                 6     12     -6 (VIOLATED)
_26857_/Q                                 6     12     -6 (VIOLATED)
_26864_/Q                                 6     12     -6 (VIOLATED)
_26887_/Q                                 6     12     -6 (VIOLATED)
_26888_/Q                                 6     12     -6 (VIOLATED)
_26889_/Q                                 6     12     -6 (VIOLATED)
_26910_/Q                                 6     12     -6 (VIOLATED)
_26913_/Q                                 6     12     -6 (VIOLATED)
_26927_/Q                                 6     12     -6 (VIOLATED)
_26971_/Q                                 6     12     -6 (VIOLATED)
_26989_/Q                                 6     12     -6 (VIOLATED)
_27026_/Q                                 6     12     -6 (VIOLATED)
_27072_/Q                                 6     12     -6 (VIOLATED)
_27094_/Q                                 6     12     -6 (VIOLATED)
_27101_/Q                                 6     12     -6 (VIOLATED)
_27105_/Q                                 6     12     -6 (VIOLATED)
_27120_/Q                                 6     12     -6 (VIOLATED)
_27128_/Q                                 6     12     -6 (VIOLATED)
_27143_/Q                                 6     12     -6 (VIOLATED)
_27145_/Q                                 6     12     -6 (VIOLATED)
_27146_/Q                                 6     12     -6 (VIOLATED)
_27166_/Q                                 6     12     -6 (VIOLATED)
_27194_/Q                                 6     12     -6 (VIOLATED)
_27195_/Q                                 6     12     -6 (VIOLATED)
_27238_/Q                                 6     12     -6 (VIOLATED)
_27239_/Q                                 6     12     -6 (VIOLATED)
_27241_/Q                                 6     12     -6 (VIOLATED)
_27256_/Q                                 6     12     -6 (VIOLATED)
_27260_/Q                                 6     12     -6 (VIOLATED)
_27261_/Q                                 6     12     -6 (VIOLATED)
_27263_/Q                                 6     12     -6 (VIOLATED)
_27278_/Q                                 6     12     -6 (VIOLATED)
_27279_/Q                                 6     12     -6 (VIOLATED)
_27315_/Q                                 6     12     -6 (VIOLATED)
clkbuf_4_0__f_clk/X                       6     12     -6 (VIOLATED)
clkbuf_4_2__f_clk/X                       6     12     -6 (VIOLATED)
clkbuf_leaf_17_clk/X                      6     12     -6 (VIOLATED)
fanout596/X                               6     12     -6 (VIOLATED)
fanout599/X                               6     12     -6 (VIOLATED)
fanout600/X                               6     12     -6 (VIOLATED)
fanout601/X                               6     12     -6 (VIOLATED)
fanout602/X                               6     12     -6 (VIOLATED)
fanout604/X                               6     12     -6 (VIOLATED)
fanout605/X                               6     12     -6 (VIOLATED)
fanout606/X                               6     12     -6 (VIOLATED)
fanout609/X                               6     12     -6 (VIOLATED)
input26/X                                 6     12     -6 (VIOLATED)
input28/X                                 6     12     -6 (VIOLATED)
input29/X                                 6     12     -6 (VIOLATED)
input55/X                                 6     12     -6 (VIOLATED)
input58/X                                 6     12     -6 (VIOLATED)
clkbuf_leaf_16_clk/X                      6     11     -5 (VIOLATED)
clkbuf_leaf_25_clk/X                      6     11     -5 (VIOLATED)
clkbuf_leaf_5_clk/X                       6     11     -5 (VIOLATED)
clkbuf_leaf_75_clk/X                      6     11     -5 (VIOLATED)
_14050_/Y                                 6     10     -4 (VIOLATED)
_14067_/Y                                 6     10     -4 (VIOLATED)
_14668_/Y                                 6     10     -4 (VIOLATED)
_15869_/X                                 6     10     -4 (VIOLATED)
_16556_/Y                                 6     10     -4 (VIOLATED)
_16560_/Y                                 6     10     -4 (VIOLATED)
_17635_/Y                                 6     10     -4 (VIOLATED)
_18189_/Y                                 6     10     -4 (VIOLATED)
_19039_/Y                                 6     10     -4 (VIOLATED)
_21234_/Y                                 6     10     -4 (VIOLATED)
_23460_/Y                                 6     10     -4 (VIOLATED)
_24008_/Y                                 6     10     -4 (VIOLATED)
_24029_/Y                                 6     10     -4 (VIOLATED)
_24166_/X                                 6     10     -4 (VIOLATED)
_25026_/Y                                 6     10     -4 (VIOLATED)
_25091_/Y                                 6     10     -4 (VIOLATED)
_26417_/Y                                 6     10     -4 (VIOLATED)
_26518_/Q                                 6     10     -4 (VIOLATED)
_26519_/Q                                 6     10     -4 (VIOLATED)
_26520_/Q                                 6     10     -4 (VIOLATED)
_26522_/Q                                 6     10     -4 (VIOLATED)
_26530_/Q                                 6     10     -4 (VIOLATED)
_26532_/Q                                 6     10     -4 (VIOLATED)
_26534_/Q                                 6     10     -4 (VIOLATED)
_26538_/Q                                 6     10     -4 (VIOLATED)
_26542_/Q                                 6     10     -4 (VIOLATED)
_26544_/Q                                 6     10     -4 (VIOLATED)
_26552_/Q                                 6     10     -4 (VIOLATED)
_26554_/Q                                 6     10     -4 (VIOLATED)
_26559_/Q                                 6     10     -4 (VIOLATED)
_26563_/Q                                 6     10     -4 (VIOLATED)
_26566_/Q                                 6     10     -4 (VIOLATED)
_26568_/Q                                 6     10     -4 (VIOLATED)
_26570_/Q                                 6     10     -4 (VIOLATED)
_26573_/Q                                 6     10     -4 (VIOLATED)
_26574_/Q                                 6     10     -4 (VIOLATED)
_26580_/Q                                 6     10     -4 (VIOLATED)
_26584_/Q                                 6     10     -4 (VIOLATED)
_26585_/Q                                 6     10     -4 (VIOLATED)
_26588_/Q                                 6     10     -4 (VIOLATED)
_26590_/Q                                 6     10     -4 (VIOLATED)
_26592_/Q                                 6     10     -4 (VIOLATED)
_26615_/Q                                 6     10     -4 (VIOLATED)
_26617_/Q                                 6     10     -4 (VIOLATED)
_26618_/Q                                 6     10     -4 (VIOLATED)
_26623_/Q                                 6     10     -4 (VIOLATED)
_26628_/Q                                 6     10     -4 (VIOLATED)
_26633_/Q                                 6     10     -4 (VIOLATED)
_26634_/Q                                 6     10     -4 (VIOLATED)
_26641_/Q                                 6     10     -4 (VIOLATED)
_26648_/Q                                 6     10     -4 (VIOLATED)
_26654_/Q                                 6     10     -4 (VIOLATED)
_26656_/Q                                 6     10     -4 (VIOLATED)
_26664_/Q                                 6     10     -4 (VIOLATED)
_26665_/Q                                 6     10     -4 (VIOLATED)
_26668_/Q                                 6     10     -4 (VIOLATED)
_26670_/Q                                 6     10     -4 (VIOLATED)
_26676_/Q                                 6     10     -4 (VIOLATED)
_26678_/Q                                 6     10     -4 (VIOLATED)
_26691_/Q                                 6     10     -4 (VIOLATED)
_26702_/Q                                 6     10     -4 (VIOLATED)
_26703_/Q                                 6     10     -4 (VIOLATED)
_26704_/Q                                 6     10     -4 (VIOLATED)
_26706_/Q                                 6     10     -4 (VIOLATED)
_26716_/Q                                 6     10     -4 (VIOLATED)
_26720_/Q                                 6     10     -4 (VIOLATED)
_26724_/Q                                 6     10     -4 (VIOLATED)
_26726_/Q                                 6     10     -4 (VIOLATED)
_26730_/Q                                 6     10     -4 (VIOLATED)
_26732_/Q                                 6     10     -4 (VIOLATED)
_26741_/Q                                 6     10     -4 (VIOLATED)
_26752_/Q                                 6     10     -4 (VIOLATED)
_26754_/Q                                 6     10     -4 (VIOLATED)
_26760_/Q                                 6     10     -4 (VIOLATED)
_26762_/Q                                 6     10     -4 (VIOLATED)
_26764_/Q                                 6     10     -4 (VIOLATED)
_26766_/Q                                 6     10     -4 (VIOLATED)
_26770_/Q                                 6     10     -4 (VIOLATED)
_26772_/Q                                 6     10     -4 (VIOLATED)
_26776_/Q                                 6     10     -4 (VIOLATED)
_26778_/Q                                 6     10     -4 (VIOLATED)
_26798_/Q                                 6     10     -4 (VIOLATED)
_26801_/Q                                 6     10     -4 (VIOLATED)
_26803_/Q                                 6     10     -4 (VIOLATED)
_26804_/Q                                 6     10     -4 (VIOLATED)
_26807_/Q                                 6     10     -4 (VIOLATED)
_26808_/Q                                 6     10     -4 (VIOLATED)
_26812_/Q                                 6     10     -4 (VIOLATED)
_26817_/Q                                 6     10     -4 (VIOLATED)
_26820_/Q                                 6     10     -4 (VIOLATED)
_26822_/Q                                 6     10     -4 (VIOLATED)
_26826_/Q                                 6     10     -4 (VIOLATED)
_26833_/Q                                 6     10     -4 (VIOLATED)
_26838_/Q                                 6     10     -4 (VIOLATED)
_26840_/Q                                 6     10     -4 (VIOLATED)
_26847_/Q                                 6     10     -4 (VIOLATED)
_26849_/Q                                 6     10     -4 (VIOLATED)
_26851_/Q                                 6     10     -4 (VIOLATED)
_26852_/Q                                 6     10     -4 (VIOLATED)
_26854_/Q                                 6     10     -4 (VIOLATED)
_26858_/Q                                 6     10     -4 (VIOLATED)
_26866_/Q                                 6     10     -4 (VIOLATED)
_26878_/Q                                 6     10     -4 (VIOLATED)
_26880_/Q                                 6     10     -4 (VIOLATED)
_26882_/Q                                 6     10     -4 (VIOLATED)
_26892_/Q                                 6     10     -4 (VIOLATED)
_26894_/Q                                 6     10     -4 (VIOLATED)
_26898_/Q                                 6     10     -4 (VIOLATED)
_26904_/Q                                 6     10     -4 (VIOLATED)
_26924_/Q                                 6     10     -4 (VIOLATED)
_26931_/Q                                 6     10     -4 (VIOLATED)
_26934_/Q                                 6     10     -4 (VIOLATED)
_26936_/Q                                 6     10     -4 (VIOLATED)
_26940_/Q                                 6     10     -4 (VIOLATED)
_26944_/Q                                 6     10     -4 (VIOLATED)
_26948_/Q                                 6     10     -4 (VIOLATED)
_26956_/Q                                 6     10     -4 (VIOLATED)
_26960_/Q                                 6     10     -4 (VIOLATED)
_26965_/Q                                 6     10     -4 (VIOLATED)
_26967_/Q                                 6     10     -4 (VIOLATED)
_26970_/Q                                 6     10     -4 (VIOLATED)
_26973_/Q                                 6     10     -4 (VIOLATED)
_26975_/Q                                 6     10     -4 (VIOLATED)
_26978_/Q                                 6     10     -4 (VIOLATED)
_26980_/Q                                 6     10     -4 (VIOLATED)
_26982_/Q                                 6     10     -4 (VIOLATED)
_26984_/Q                                 6     10     -4 (VIOLATED)
_27029_/Q                                 6     10     -4 (VIOLATED)
_27071_/Q                                 6     10     -4 (VIOLATED)
_27079_/Q                                 6     10     -4 (VIOLATED)
_27080_/Q                                 6     10     -4 (VIOLATED)
_27092_/Q                                 6     10     -4 (VIOLATED)
_27097_/Q                                 6     10     -4 (VIOLATED)
_27110_/Q                                 6     10     -4 (VIOLATED)
_27112_/Q                                 6     10     -4 (VIOLATED)
_27117_/Q                                 6     10     -4 (VIOLATED)
_27122_/Q                                 6     10     -4 (VIOLATED)
_27134_/Q                                 6     10     -4 (VIOLATED)
_27135_/Q                                 6     10     -4 (VIOLATED)
_27136_/Q                                 6     10     -4 (VIOLATED)
_27138_/Q                                 6     10     -4 (VIOLATED)
_27140_/Q                                 6     10     -4 (VIOLATED)
_27148_/Q                                 6     10     -4 (VIOLATED)
_27150_/Q                                 6     10     -4 (VIOLATED)
_27152_/Q                                 6     10     -4 (VIOLATED)
_27158_/Q                                 6     10     -4 (VIOLATED)
_27160_/Q                                 6     10     -4 (VIOLATED)
_27165_/Q                                 6     10     -4 (VIOLATED)
_27182_/Q                                 6     10     -4 (VIOLATED)
_27184_/Q                                 6     10     -4 (VIOLATED)
_27186_/Q                                 6     10     -4 (VIOLATED)
_27191_/Q                                 6     10     -4 (VIOLATED)
_27196_/Q                                 6     10     -4 (VIOLATED)
_27198_/Q                                 6     10     -4 (VIOLATED)
_27206_/Q                                 6     10     -4 (VIOLATED)
_27208_/Q                                 6     10     -4 (VIOLATED)
_27220_/Q                                 6     10     -4 (VIOLATED)
_27224_/Q                                 6     10     -4 (VIOLATED)
_27232_/Q                                 6     10     -4 (VIOLATED)
_27233_/Q                                 6     10     -4 (VIOLATED)
_27237_/Q                                 6     10     -4 (VIOLATED)
_27243_/Q                                 6     10     -4 (VIOLATED)
_27244_/Q                                 6     10     -4 (VIOLATED)
_27246_/Q                                 6     10     -4 (VIOLATED)
_27248_/Q                                 6     10     -4 (VIOLATED)
_27252_/Q                                 6     10     -4 (VIOLATED)
_27266_/Q                                 6     10     -4 (VIOLATED)
_27270_/Q                                 6     10     -4 (VIOLATED)
_27272_/Q                                 6     10     -4 (VIOLATED)
_27277_/Q                                 6     10     -4 (VIOLATED)
_27280_/Q                                 6     10     -4 (VIOLATED)
_27281_/Q                                 6     10     -4 (VIOLATED)
_27283_/Q                                 6     10     -4 (VIOLATED)
_27284_/Q                                 6     10     -4 (VIOLATED)
_27286_/Q                                 6     10     -4 (VIOLATED)
_27290_/Q                                 6     10     -4 (VIOLATED)
_27296_/Q                                 6     10     -4 (VIOLATED)
_27307_/Q                                 6     10     -4 (VIOLATED)
clkbuf_4_5__f_clk/X                       6     10     -4 (VIOLATED)
clkbuf_leaf_115_clk/X                     6     10     -4 (VIOLATED)
clkbuf_leaf_20_clk/X                      6     10     -4 (VIOLATED)
clkbuf_leaf_24_clk/X                      6     10     -4 (VIOLATED)
clkbuf_leaf_33_clk/X                      6     10     -4 (VIOLATED)
clkbuf_leaf_56_clk/X                      6     10     -4 (VIOLATED)
clkbuf_leaf_85_clk/X                      6     10     -4 (VIOLATED)
clkbuf_leaf_94_clk/X                      6     10     -4 (VIOLATED)
input33/X                                 6     10     -4 (VIOLATED)
wire580/X                                 6     10     -4 (VIOLATED)
_26777_/Q                                 6      9     -3 (VIOLATED)
clkbuf_leaf_109_clk/X                     6      9     -3 (VIOLATED)
clkbuf_leaf_54_clk/X                      6      9     -3 (VIOLATED)
clkbuf_leaf_55_clk/X                      6      9     -3 (VIOLATED)
clkbuf_leaf_78_clk/X                      6      9     -3 (VIOLATED)
clkbuf_leaf_79_clk/X                      6      9     -3 (VIOLATED)
clkbuf_leaf_87_clk/X                      6      9     -3 (VIOLATED)
_14020_/Y                                 6      8     -2 (VIOLATED)
_14594_/Y                                 6      8     -2 (VIOLATED)
_15711_/Y                                 6      8     -2 (VIOLATED)
_15943_/Y                                 6      8     -2 (VIOLATED)
_15945_/Y                                 6      8     -2 (VIOLATED)
_16554_/X                                 6      8     -2 (VIOLATED)
_16766_/Y                                 6      8     -2 (VIOLATED)
_17201_/Y                                 6      8     -2 (VIOLATED)
_18225_/Y                                 6      8     -2 (VIOLATED)
_18236_/X                                 6      8     -2 (VIOLATED)
_20420_/Y                                 6      8     -2 (VIOLATED)
_21141_/Y                                 6      8     -2 (VIOLATED)
_21142_/X                                 6      8     -2 (VIOLATED)
_21804_/Y                                 6      8     -2 (VIOLATED)
_21885_/X                                 6      8     -2 (VIOLATED)
_21896_/Y                                 6      8     -2 (VIOLATED)
_22204_/X                                 6      8     -2 (VIOLATED)
_22639_/Y                                 6      8     -2 (VIOLATED)
_24013_/Y                                 6      8     -2 (VIOLATED)
_24488_/Y                                 6      8     -2 (VIOLATED)
_25615_/Y                                 6      8     -2 (VIOLATED)
_26415_/X                                 6      8     -2 (VIOLATED)
_26421_/Y                                 6      8     -2 (VIOLATED)
_26516_/Q                                 6      8     -2 (VIOLATED)
_26517_/Q                                 6      8     -2 (VIOLATED)
_26524_/Q                                 6      8     -2 (VIOLATED)
_26525_/Q                                 6      8     -2 (VIOLATED)
_26526_/Q                                 6      8     -2 (VIOLATED)
_26535_/Q                                 6      8     -2 (VIOLATED)
_26536_/Q                                 6      8     -2 (VIOLATED)
_26540_/Q                                 6      8     -2 (VIOLATED)
_26543_/Q                                 6      8     -2 (VIOLATED)
_26545_/Q                                 6      8     -2 (VIOLATED)
_26546_/Q                                 6      8     -2 (VIOLATED)
_26548_/Q                                 6      8     -2 (VIOLATED)
_26550_/Q                                 6      8     -2 (VIOLATED)
_26564_/Q                                 6      8     -2 (VIOLATED)
_26565_/Q                                 6      8     -2 (VIOLATED)
_26567_/Q                                 6      8     -2 (VIOLATED)
_26571_/Q                                 6      8     -2 (VIOLATED)
_26572_/Q                                 6      8     -2 (VIOLATED)
_26579_/Q                                 6      8     -2 (VIOLATED)
_26581_/Q                                 6      8     -2 (VIOLATED)
_26583_/Q                                 6      8     -2 (VIOLATED)
_26586_/Q                                 6      8     -2 (VIOLATED)
_26591_/Q                                 6      8     -2 (VIOLATED)
_26594_/Q                                 6      8     -2 (VIOLATED)
_26602_/Q                                 6      8     -2 (VIOLATED)
_26612_/Q                                 6      8     -2 (VIOLATED)
_26613_/Q                                 6      8     -2 (VIOLATED)
_26614_/Q                                 6      8     -2 (VIOLATED)
_26616_/Q                                 6      8     -2 (VIOLATED)
_26619_/Q                                 6      8     -2 (VIOLATED)
_26621_/Q                                 6      8     -2 (VIOLATED)
_26622_/Q                                 6      8     -2 (VIOLATED)
_26624_/Q                                 6      8     -2 (VIOLATED)
_26626_/Q                                 6      8     -2 (VIOLATED)
_26631_/Q                                 6      8     -2 (VIOLATED)
_26635_/Q                                 6      8     -2 (VIOLATED)
_26638_/Q                                 6      8     -2 (VIOLATED)
_26640_/Q                                 6      8     -2 (VIOLATED)
_26642_/Q                                 6      8     -2 (VIOLATED)
_26652_/Q                                 6      8     -2 (VIOLATED)
_26653_/Q                                 6      8     -2 (VIOLATED)
_26655_/Q                                 6      8     -2 (VIOLATED)
_26658_/Q                                 6      8     -2 (VIOLATED)
_26659_/Q                                 6      8     -2 (VIOLATED)
_26660_/Q                                 6      8     -2 (VIOLATED)
_26661_/Q                                 6      8     -2 (VIOLATED)
_26662_/Q                                 6      8     -2 (VIOLATED)
_26663_/Q                                 6      8     -2 (VIOLATED)
_26666_/Q                                 6      8     -2 (VIOLATED)
_26667_/Q                                 6      8     -2 (VIOLATED)
_26671_/Q                                 6      8     -2 (VIOLATED)
_26672_/Q                                 6      8     -2 (VIOLATED)
_26674_/Q                                 6      8     -2 (VIOLATED)
_26679_/Q                                 6      8     -2 (VIOLATED)
_26681_/Q                                 6      8     -2 (VIOLATED)
_26700_/Q                                 6      8     -2 (VIOLATED)
_26701_/Q                                 6      8     -2 (VIOLATED)
_26708_/Q                                 6      8     -2 (VIOLATED)
_26709_/Q                                 6      8     -2 (VIOLATED)
_26712_/Q                                 6      8     -2 (VIOLATED)
_26715_/Q                                 6      8     -2 (VIOLATED)
_26719_/Q                                 6      8     -2 (VIOLATED)
_26721_/Q                                 6      8     -2 (VIOLATED)
_26722_/Q                                 6      8     -2 (VIOLATED)
_26727_/Q                                 6      8     -2 (VIOLATED)
_26729_/Q                                 6      8     -2 (VIOLATED)
_26744_/Q                                 6      8     -2 (VIOLATED)
_26748_/Q                                 6      8     -2 (VIOLATED)
_26749_/Q                                 6      8     -2 (VIOLATED)
_26750_/Q                                 6      8     -2 (VIOLATED)
_26751_/Q                                 6      8     -2 (VIOLATED)
_26753_/Q                                 6      8     -2 (VIOLATED)
_26755_/Q                                 6      8     -2 (VIOLATED)
_26756_/Q                                 6      8     -2 (VIOLATED)
_26757_/Q                                 6      8     -2 (VIOLATED)
_26758_/Q                                 6      8     -2 (VIOLATED)
_26767_/Q                                 6      8     -2 (VIOLATED)
_26780_/Q                                 6      8     -2 (VIOLATED)
_26786_/Q                                 6      8     -2 (VIOLATED)
_26789_/Q                                 6      8     -2 (VIOLATED)
_26796_/Q                                 6      8     -2 (VIOLATED)
_26799_/Q                                 6      8     -2 (VIOLATED)
_26800_/Q                                 6      8     -2 (VIOLATED)
_26806_/Q                                 6      8     -2 (VIOLATED)
_26810_/Q                                 6      8     -2 (VIOLATED)
_26815_/Q                                 6      8     -2 (VIOLATED)
_26818_/Q                                 6      8     -2 (VIOLATED)
_26823_/Q                                 6      8     -2 (VIOLATED)
_26824_/Q                                 6      8     -2 (VIOLATED)
_26836_/Q                                 6      8     -2 (VIOLATED)
_26837_/Q                                 6      8     -2 (VIOLATED)
_26839_/Q                                 6      8     -2 (VIOLATED)
_26842_/Q                                 6      8     -2 (VIOLATED)
_26844_/Q                                 6      8     -2 (VIOLATED)
_26845_/Q                                 6      8     -2 (VIOLATED)
_26846_/Q                                 6      8     -2 (VIOLATED)
_26848_/Q                                 6      8     -2 (VIOLATED)
_26855_/Q                                 6      8     -2 (VIOLATED)
_26856_/Q                                 6      8     -2 (VIOLATED)
_26860_/Q                                 6      8     -2 (VIOLATED)
_26865_/Q                                 6      8     -2 (VIOLATED)
_26876_/Q                                 6      8     -2 (VIOLATED)
_26877_/Q                                 6      8     -2 (VIOLATED)
_26879_/Q                                 6      8     -2 (VIOLATED)
_26883_/Q                                 6      8     -2 (VIOLATED)
_26884_/Q                                 6      8     -2 (VIOLATED)
_26885_/Q                                 6      8     -2 (VIOLATED)
_26886_/Q                                 6      8     -2 (VIOLATED)
_26890_/Q                                 6      8     -2 (VIOLATED)
_26891_/Q                                 6      8     -2 (VIOLATED)
_26895_/Q                                 6      8     -2 (VIOLATED)
_26896_/Q                                 6      8     -2 (VIOLATED)
_26900_/Q                                 6      8     -2 (VIOLATED)
_26902_/Q                                 6      8     -2 (VIOLATED)
_26905_/Q                                 6      8     -2 (VIOLATED)
_26914_/Q                                 6      8     -2 (VIOLATED)
_26916_/Q                                 6      8     -2 (VIOLATED)
_26917_/Q                                 6      8     -2 (VIOLATED)
_26918_/Q                                 6      8     -2 (VIOLATED)
_26919_/Q                                 6      8     -2 (VIOLATED)
_26920_/Q                                 6      8     -2 (VIOLATED)
_26922_/Q                                 6      8     -2 (VIOLATED)
_26925_/Q                                 6      8     -2 (VIOLATED)
_26926_/Q                                 6      8     -2 (VIOLATED)
_26928_/Q                                 6      8     -2 (VIOLATED)
_26929_/Q                                 6      8     -2 (VIOLATED)
_26930_/Q                                 6      8     -2 (VIOLATED)
_26932_/Q                                 6      8     -2 (VIOLATED)
_26937_/Q                                 6      8     -2 (VIOLATED)
_26942_/Q                                 6      8     -2 (VIOLATED)
_26946_/Q                                 6      8     -2 (VIOLATED)
_26957_/Q                                 6      8     -2 (VIOLATED)
_26958_/Q                                 6      8     -2 (VIOLATED)
_26959_/Q                                 6      8     -2 (VIOLATED)
_26961_/Q                                 6      8     -2 (VIOLATED)
_26962_/Q                                 6      8     -2 (VIOLATED)
_26963_/Q                                 6      8     -2 (VIOLATED)
_26964_/Q                                 6      8     -2 (VIOLATED)
_26966_/Q                                 6      8     -2 (VIOLATED)
_26968_/Q                                 6      8     -2 (VIOLATED)
_26969_/Q                                 6      8     -2 (VIOLATED)
_26976_/Q                                 6      8     -2 (VIOLATED)
_26983_/Q                                 6      8     -2 (VIOLATED)
_26986_/Q                                 6      8     -2 (VIOLATED)
_26997_/Q                                 6      8     -2 (VIOLATED)
_27077_/Q                                 6      8     -2 (VIOLATED)
_27090_/Q                                 6      8     -2 (VIOLATED)
_27091_/Q                                 6      8     -2 (VIOLATED)
_27093_/Q                                 6      8     -2 (VIOLATED)
_27095_/Q                                 6      8     -2 (VIOLATED)
_27098_/Q                                 6      8     -2 (VIOLATED)
_27102_/Q                                 6      8     -2 (VIOLATED)
_27106_/Q                                 6      8     -2 (VIOLATED)
_27108_/Q                                 6      8     -2 (VIOLATED)
_27111_/Q                                 6      8     -2 (VIOLATED)
_27113_/Q                                 6      8     -2 (VIOLATED)
_27116_/Q                                 6      8     -2 (VIOLATED)
_27126_/Q                                 6      8     -2 (VIOLATED)
_27129_/Q                                 6      8     -2 (VIOLATED)
_27130_/Q                                 6      8     -2 (VIOLATED)
_27132_/Q                                 6      8     -2 (VIOLATED)
_27133_/Q                                 6      8     -2 (VIOLATED)
_27139_/Q                                 6      8     -2 (VIOLATED)
_27141_/Q                                 6      8     -2 (VIOLATED)
_27142_/Q                                 6      8     -2 (VIOLATED)
_27144_/Q                                 6      8     -2 (VIOLATED)
_27147_/Q                                 6      8     -2 (VIOLATED)
_27151_/Q                                 6      8     -2 (VIOLATED)
_27153_/Q                                 6      8     -2 (VIOLATED)
_27154_/Q                                 6      8     -2 (VIOLATED)
_27156_/Q                                 6      8     -2 (VIOLATED)
_27159_/Q                                 6      8     -2 (VIOLATED)
_27162_/Q                                 6      8     -2 (VIOLATED)
_27172_/Q                                 6      8     -2 (VIOLATED)
_27180_/Q                                 6      8     -2 (VIOLATED)
_27181_/Q                                 6      8     -2 (VIOLATED)
_27183_/Q                                 6      8     -2 (VIOLATED)
_27187_/Q                                 6      8     -2 (VIOLATED)
_27188_/Q                                 6      8     -2 (VIOLATED)
_27189_/Q                                 6      8     -2 (VIOLATED)
_27190_/Q                                 6      8     -2 (VIOLATED)
_27192_/Q                                 6      8     -2 (VIOLATED)
_27199_/Q                                 6      8     -2 (VIOLATED)
_27200_/Q                                 6      8     -2 (VIOLATED)
_27202_/Q                                 6      8     -2 (VIOLATED)
_27204_/Q                                 6      8     -2 (VIOLATED)
_27209_/Q                                 6      8     -2 (VIOLATED)
_27210_/Q                                 6      8     -2 (VIOLATED)
_27228_/Q                                 6      8     -2 (VIOLATED)
_27229_/Q                                 6      8     -2 (VIOLATED)
_27230_/Q                                 6      8     -2 (VIOLATED)
_27231_/Q                                 6      8     -2 (VIOLATED)
_27234_/Q                                 6      8     -2 (VIOLATED)
_27235_/Q                                 6      8     -2 (VIOLATED)
_27236_/Q                                 6      8     -2 (VIOLATED)
_27240_/Q                                 6      8     -2 (VIOLATED)
_27242_/Q                                 6      8     -2 (VIOLATED)
_27247_/Q                                 6      8     -2 (VIOLATED)
_27250_/Q                                 6      8     -2 (VIOLATED)
_27254_/Q                                 6      8     -2 (VIOLATED)
_27255_/Q                                 6      8     -2 (VIOLATED)
_27257_/Q                                 6      8     -2 (VIOLATED)
_27258_/Q                                 6      8     -2 (VIOLATED)
_27265_/Q                                 6      8     -2 (VIOLATED)
_27268_/Q                                 6      8     -2 (VIOLATED)
_27269_/Q                                 6      8     -2 (VIOLATED)
_27273_/Q                                 6      8     -2 (VIOLATED)
_27274_/Q                                 6      8     -2 (VIOLATED)
_27275_/Q                                 6      8     -2 (VIOLATED)
_27276_/Q                                 6      8     -2 (VIOLATED)
_27282_/Q                                 6      8     -2 (VIOLATED)
_27287_/Q                                 6      8     -2 (VIOLATED)
_27288_/Q                                 6      8     -2 (VIOLATED)
_27292_/Q                                 6      8     -2 (VIOLATED)
_27294_/Q                                 6      8     -2 (VIOLATED)
_27295_/Q                                 6      8     -2 (VIOLATED)
_27297_/Q                                 6      8     -2 (VIOLATED)
_27298_/Q                                 6      8     -2 (VIOLATED)
_27312_/Q                                 6      8     -2 (VIOLATED)
clkbuf_0_clk/X                            6      8     -2 (VIOLATED)
clkbuf_2_0_0_clk/X                        6      8     -2 (VIOLATED)
clkbuf_2_1_0_clk/X                        6      8     -2 (VIOLATED)
clkbuf_2_2_0_clk/X                        6      8     -2 (VIOLATED)
clkbuf_2_3_0_clk/X                        6      8     -2 (VIOLATED)
clkbuf_leaf_101_clk/X                     6      8     -2 (VIOLATED)
clkbuf_leaf_108_clk/X                     6      8     -2 (VIOLATED)
clkbuf_leaf_113_clk/X                     6      8     -2 (VIOLATED)
clkbuf_leaf_128_clk/X                     6      8     -2 (VIOLATED)
clkbuf_leaf_130_clk/X                     6      8     -2 (VIOLATED)
clkbuf_leaf_13_clk/X                      6      8     -2 (VIOLATED)
clkbuf_leaf_15_clk/X                      6      8     -2 (VIOLATED)
clkbuf_leaf_23_clk/X                      6      8     -2 (VIOLATED)
clkbuf_leaf_26_clk/X                      6      8     -2 (VIOLATED)
clkbuf_leaf_28_clk/X                      6      8     -2 (VIOLATED)
clkbuf_leaf_31_clk/X                      6      8     -2 (VIOLATED)
clkbuf_leaf_34_clk/X                      6      8     -2 (VIOLATED)
clkbuf_leaf_37_clk/X                      6      8     -2 (VIOLATED)
clkbuf_leaf_49_clk/X                      6      8     -2 (VIOLATED)
clkbuf_leaf_57_clk/X                      6      8     -2 (VIOLATED)
clkbuf_leaf_63_clk/X                      6      8     -2 (VIOLATED)
clkbuf_leaf_6_clk/X                       6      8     -2 (VIOLATED)
clkbuf_leaf_70_clk/X                      6      8     -2 (VIOLATED)
clkbuf_leaf_77_clk/X                      6      8     -2 (VIOLATED)
clkbuf_leaf_80_clk/X                      6      8     -2 (VIOLATED)
clkbuf_leaf_82_clk/X                      6      8     -2 (VIOLATED)
clkbuf_leaf_86_clk/X                      6      8     -2 (VIOLATED)
clkbuf_leaf_88_clk/X                      6      8     -2 (VIOLATED)
input1/X                                  6      8     -2 (VIOLATED)
input23/X                                 6      8     -2 (VIOLATED)
input30/X                                 6      8     -2 (VIOLATED)
input60/X                                 6      8     -2 (VIOLATED)
input66/X                                 6      8     -2 (VIOLATED)
max_cap579/X                              6      8     -2 (VIOLATED)
_26528_/Q                                 6      7        (VIOLATED)
_27087_/Q                                 6      7        (VIOLATED)
clkbuf_leaf_100_clk/X                     6      7        (VIOLATED)
clkbuf_leaf_102_clk/X                     6      7        (VIOLATED)
clkbuf_leaf_122_clk/X                     6      7        (VIOLATED)
clkbuf_leaf_124_clk/X                     6      7        (VIOLATED)
clkbuf_leaf_21_clk/X                      6      7        (VIOLATED)
clkbuf_leaf_32_clk/X                      6      7        (VIOLATED)
clkbuf_leaf_40_clk/X                      6      7        (VIOLATED)
clkbuf_leaf_41_clk/X                      6      7        (VIOLATED)
clkbuf_leaf_50_clk/X                      6      7        (VIOLATED)
clkbuf_leaf_52_clk/X                      6      7        (VIOLATED)
clkbuf_leaf_62_clk/X                      6      7        (VIOLATED)
clkbuf_leaf_64_clk/X                      6      7        (VIOLATED)
clkbuf_leaf_69_clk/X                      6      7        (VIOLATED)
clkbuf_leaf_72_clk/X                      6      7        (VIOLATED)
clkbuf_leaf_83_clk/X                      6      7        (VIOLATED)
clkbuf_leaf_84_clk/X                      6      7        (VIOLATED)
clkbuf_leaf_90_clk/X                      6      7        (VIOLATED)
clkbuf_leaf_96_clk/X                      6      7        (VIOLATED)


======================= Slowest Corner ===================================

max slew

Pin                                    Limit    Slew   Slack
------------------------------------------------------------
_24083_/A2                              0.75    1.25   -0.50 (VIOLATED)
ANTENNA__24083__A2/DIODE                0.75    1.25   -0.50 (VIOLATED)
ANTENNA__24036__A2/DIODE                0.75    1.25   -0.50 (VIOLATED)
_24036_/A2                              0.75    1.25   -0.50 (VIOLATED)
_24048_/A2                              0.75    1.25   -0.50 (VIOLATED)
_24055_/A2                              0.75    1.25   -0.50 (VIOLATED)
ANTENNA__24048__A2/DIODE                0.75    1.25   -0.50 (VIOLATED)
ANTENNA__24055__A2/DIODE                0.75    1.25   -0.50 (VIOLATED)
_24052_/B                               0.75    1.25   -0.50 (VIOLATED)
ANTENNA__24052__B/DIODE                 0.75    1.25   -0.50 (VIOLATED)
_24029_/Y                               0.75    1.25   -0.50 (VIOLATED)
_19085_/B                               0.75    1.15   -0.40 (VIOLATED)
ANTENNA__19092__A2/DIODE                0.75    1.15   -0.40 (VIOLATED)
_19086_/A2                              0.75    1.15   -0.40 (VIOLATED)
ANTENNA__19086__A2/DIODE                0.75    1.15   -0.40 (VIOLATED)
_19092_/A2                              0.75    1.15   -0.40 (VIOLATED)
_19104_/A2                              0.75    1.15   -0.40 (VIOLATED)
_19074_/B                               0.75    1.15   -0.40 (VIOLATED)
ANTENNA__19074__B/DIODE                 0.75    1.15   -0.40 (VIOLATED)
ANTENNA__19104__A2/DIODE                0.75    1.15   -0.40 (VIOLATED)
_19058_/A                               0.75    1.15   -0.40 (VIOLATED)
ANTENNA__19085__B/DIODE                 0.75    1.15   -0.40 (VIOLATED)
ANTENNA__19058__A/DIODE                 0.75    1.15   -0.40 (VIOLATED)
_19057_/Y                               0.75    1.15   -0.40 (VIOLATED)
_14128_/A2                              0.75    0.95   -0.20 (VIOLATED)
ANTENNA__14128__A2/DIODE                0.75    0.95   -0.20 (VIOLATED)
ANTENNA__14051__A/DIODE                 0.75    0.95   -0.20 (VIOLATED)
_14051_/A                               0.75    0.95   -0.20 (VIOLATED)
_14058_/B1                              0.75    0.95   -0.20 (VIOLATED)
_14052_/B                               0.75    0.95   -0.20 (VIOLATED)
ANTENNA__14052__B/DIODE                 0.75    0.95   -0.20 (VIOLATED)
_14059_/A2                              0.75    0.95   -0.20 (VIOLATED)
ANTENNA__14059__A2/DIODE                0.75    0.95   -0.20 (VIOLATED)
ANTENNA__14058__B1/DIODE                0.75    0.95   -0.20 (VIOLATED)
_14050_/Y                               0.75    0.95   -0.20 (VIOLATED)
_24837_/A                               0.75    0.94   -0.19 (VIOLATED)
_24850_/A1                              0.75    0.94   -0.19 (VIOLATED)
ANTENNA__24850__A1/DIODE                0.75    0.94   -0.19 (VIOLATED)
ANTENNA__24837__A/DIODE                 0.75    0.94   -0.19 (VIOLATED)
_24868_/C                               0.75    0.94   -0.19 (VIOLATED)
ANTENNA__24868__C/DIODE                 0.75    0.94   -0.19 (VIOLATED)
ANTENNA__24884__B/DIODE                 0.75    0.94   -0.19 (VIOLATED)
_24884_/B                               0.75    0.94   -0.19 (VIOLATED)
_24874_/A1                              0.75    0.94   -0.19 (VIOLATED)
ANTENNA__24874__A1/DIODE                0.75    0.94   -0.19 (VIOLATED)
_24900_/A                               0.75    0.94   -0.19 (VIOLATED)
ANTENNA__24900__A/DIODE                 0.75    0.94   -0.19 (VIOLATED)
_24836_/Y                               0.75    0.94   -0.19 (VIOLATED)
clkbuf_0_clk/A                          0.75    0.91   -0.16 (VIOLATED)
ANTENNA_clkbuf_0_clk_A/DIODE            0.75    0.91   -0.16 (VIOLATED)
clk                                     0.75    0.91   -0.16 (VIOLATED)
_24841_/A                               0.75    0.91   -0.16 (VIOLATED)
ANTENNA__24841__A/DIODE                 0.75    0.91   -0.16 (VIOLATED)
_24845_/A                               0.75    0.91   -0.16 (VIOLATED)
ANTENNA__24845__A/DIODE                 0.75    0.91   -0.16 (VIOLATED)
_24840_/Y                               0.75    0.91   -0.16 (VIOLATED)
_20336_/B                               0.75    0.89   -0.14 (VIOLATED)
_20395_/A2                              0.75    0.89   -0.14 (VIOLATED)
_20293_/A1_N                            0.75    0.89   -0.14 (VIOLATED)
_20300_/A                               0.75    0.89   -0.14 (VIOLATED)
_20307_/A1_N                            0.75    0.89   -0.14 (VIOLATED)
_20252_/Y                               0.75    0.89   -0.14 (VIOLATED)
_19501_/A                               0.75    0.88   -0.13 (VIOLATED)
_19494_/A1_N                            0.75    0.88   -0.13 (VIOLATED)
_19540_/B                               0.75    0.88   -0.13 (VIOLATED)
_19508_/A1_N                            0.75    0.88   -0.13 (VIOLATED)
_19603_/A2                              0.75    0.88   -0.13 (VIOLATED)
_19455_/Y                               0.75    0.88   -0.13 (VIOLATED)
max_cap594/A                            0.75    0.87   -0.12 (VIOLATED)
max_cap3/A                              0.75    0.87   -0.12 (VIOLATED)
_19189_/Y                               0.75    0.87   -0.12 (VIOLATED)
output546/A                             0.75    0.85   -0.10 (VIOLATED)
ANTENNA_output546_A/DIODE               0.75    0.85   -0.10 (VIOLATED)
output245/A                             0.75    0.85   -0.10 (VIOLATED)
ANTENNA_output245_A/DIODE               0.75    0.85   -0.10 (VIOLATED)
_24437_/B                               0.75    0.84   -0.09 (VIOLATED)
_24425_/B1                              0.75    0.84   -0.09 (VIOLATED)
_24432_/B1                              0.75    0.84   -0.09 (VIOLATED)
ANTENNA__24425__B1/DIODE                0.75    0.84   -0.09 (VIOLATED)
ANTENNA__24432__B1/DIODE                0.75    0.84   -0.09 (VIOLATED)
ANTENNA__24434__B/DIODE                 0.75    0.84   -0.09 (VIOLATED)
_24434_/B                               0.75    0.84   -0.09 (VIOLATED)
ANTENNA__24437__B/DIODE                 0.75    0.84   -0.09 (VIOLATED)
_27186_/Q                               0.75    0.84   -0.09 (VIOLATED)
ANTENNA__15993__B/DIODE                 0.75    0.84   -0.09 (VIOLATED)
_15993_/B                               0.75    0.84   -0.09 (VIOLATED)
_15986_/B                               0.75    0.84   -0.09 (VIOLATED)
_15996_/B1                              0.75    0.84   -0.09 (VIOLATED)
ANTENNA__15986__B/DIODE                 0.75    0.84   -0.09 (VIOLATED)
_15987_/B1                              0.75    0.84   -0.09 (VIOLATED)
ANTENNA__15987__B1/DIODE                0.75    0.84   -0.09 (VIOLATED)
ANTENNA__15996__B1/DIODE                0.75    0.84   -0.09 (VIOLATED)
_26656_/Q                               0.75    0.84   -0.09 (VIOLATED)
_24050_/A1                              0.75    0.84   -0.09 (VIOLATED)
ANTENNA__24050__A1/DIODE                0.75    0.84   -0.09 (VIOLATED)
_24023_/A1                              0.75    0.84   -0.09 (VIOLATED)
ANTENNA__24023__A1/DIODE                0.75    0.84   -0.09 (VIOLATED)
_24009_/A2                              0.75    0.84   -0.09 (VIOLATED)
ANTENNA__24009__A2/DIODE                0.75    0.84   -0.09 (VIOLATED)
_24017_/A2                              0.75    0.84   -0.09 (VIOLATED)
_24016_/A2                              0.75    0.84   -0.09 (VIOLATED)
ANTENNA__24017__A2/DIODE                0.75    0.84   -0.09 (VIOLATED)
ANTENNA__24016__A2/DIODE                0.75    0.84   -0.09 (VIOLATED)
_24008_/Y                               0.75    0.84   -0.09 (VIOLATED)
_14105_/A                               0.75    0.84   -0.09 (VIOLATED)
ANTENNA__14105__A/DIODE                 0.75    0.84   -0.09 (VIOLATED)
_14068_/A                               0.75    0.84   -0.09 (VIOLATED)
ANTENNA__14068__A/DIODE                 0.75    0.84   -0.09 (VIOLATED)
ANTENNA__14071__A/DIODE                 0.75    0.84   -0.09 (VIOLATED)
_14071_/A                               0.75    0.84   -0.09 (VIOLATED)
ANTENNA_rebuffer56_A/DIODE              0.75    0.84   -0.09 (VIOLATED)
_14084_/A                               0.75    0.84   -0.09 (VIOLATED)
rebuffer56/A                            0.75    0.84   -0.09 (VIOLATED)
ANTENNA__14084__A/DIODE                 0.75    0.84   -0.09 (VIOLATED)
_14067_/Y                               0.75    0.84   -0.09 (VIOLATED)
output456/A                             0.75    0.83   -0.08 (VIOLATED)
ANTENNA_output456_A/DIODE               0.75    0.83   -0.08 (VIOLATED)
_20783_/B1                              0.75    0.83   -0.08 (VIOLATED)
_20781_/C                               0.75    0.83   -0.08 (VIOLATED)
ANTENNA__20783__B1/DIODE                0.75    0.83   -0.08 (VIOLATED)
ANTENNA__20781__C/DIODE                 0.75    0.83   -0.08 (VIOLATED)
_20788_/B                               0.75    0.83   -0.08 (VIOLATED)
ANTENNA__20788__B/DIODE                 0.75    0.83   -0.08 (VIOLATED)
_26918_/Q                               0.75    0.83   -0.08 (VIOLATED)
output93/A                              0.75    0.82   -0.07 (VIOLATED)
ANTENNA_output93_A/DIODE                0.75    0.82   -0.07 (VIOLATED)
_25681_/A                               0.75    0.82   -0.07 (VIOLATED)
ANTENNA__25681__A/DIODE                 0.75    0.82   -0.07 (VIOLATED)
_25685_/A                               0.75    0.82   -0.07 (VIOLATED)
hold176/A                               0.75    0.82   -0.07 (VIOLATED)
ANTENNA__25685__A/DIODE                 0.75    0.82   -0.07 (VIOLATED)
ANTENNA_hold176_A/DIODE                 0.75    0.82   -0.07 (VIOLATED)
_27255_/Q                               0.75    0.82   -0.07 (VIOLATED)
_14758_/A1                              0.75    0.81   -0.06 (VIOLATED)
_14772_/A1                              0.75    0.81   -0.06 (VIOLATED)
_14759_/A                               0.75    0.81   -0.06 (VIOLATED)
ANTENNA__14759__A/DIODE                 0.75    0.81   -0.06 (VIOLATED)
_14816_/A                               0.75    0.81   -0.06 (VIOLATED)
ANTENNA__14816__A/DIODE                 0.75    0.81   -0.06 (VIOLATED)
ANTENNA__14758__A1/DIODE                0.75    0.81   -0.06 (VIOLATED)
ANTENNA__14772__A1/DIODE                0.75    0.81   -0.06 (VIOLATED)
_14712_/A1                              0.75    0.81   -0.06 (VIOLATED)
ANTENNA__14712__A1/DIODE                0.75    0.81   -0.06 (VIOLATED)
_14668_/Y                               0.75    0.81   -0.06 (VIOLATED)
output174/A                             0.75    0.80   -0.05 (VIOLATED)
ANTENNA_output174_A/DIODE               0.75    0.80   -0.05 (VIOLATED)
output554/A                             0.75    0.80   -0.05 (VIOLATED)
ANTENNA_output554_A/DIODE               0.75    0.80   -0.05 (VIOLATED)
output551/A                             0.75    0.79   -0.04 (VIOLATED)
ANTENNA_output551_A/DIODE               0.75    0.79   -0.04 (VIOLATED)
_24800_/A1                              0.75    0.79   -0.04 (VIOLATED)
_24834_/A3                              0.75    0.79   -0.04 (VIOLATED)
ANTENNA__24816__C/DIODE                 0.75    0.79   -0.04 (VIOLATED)
ANTENNA__24834__A3/DIODE                0.75    0.79   -0.04 (VIOLATED)
_24816_/C                               0.75    0.79   -0.04 (VIOLATED)
_24829_/A1                              0.75    0.79   -0.04 (VIOLATED)
_24815_/B1                              0.75    0.79   -0.04 (VIOLATED)
ANTENNA__24829__A1/DIODE                0.75    0.79   -0.04 (VIOLATED)
ANTENNA__24815__B1/DIODE                0.75    0.79   -0.04 (VIOLATED)
_24823_/A2                              0.75    0.79   -0.04 (VIOLATED)
ANTENNA__24823__A2/DIODE                0.75    0.79   -0.04 (VIOLATED)
_27194_/Q                               0.75    0.79   -0.04 (VIOLATED)
ANTENNA__24800__A1/DIODE                0.75    0.79   -0.04 (VIOLATED)
ANTENNA__24743__A2/DIODE                0.75    0.79   -0.04 (VIOLATED)
ANTENNA__24706__A/DIODE                 0.75    0.79   -0.04 (VIOLATED)
_24706_/A                               0.75    0.79   -0.04 (VIOLATED)
_24743_/A2                              0.75    0.79   -0.04 (VIOLATED)
_24738_/B1                              0.75    0.79   -0.04 (VIOLATED)
ANTENNA__24738__B1/DIODE                0.75    0.79   -0.04 (VIOLATED)
_27191_/Q                               0.75    0.79   -0.04 (VIOLATED)
_14426_/B                               0.75    0.79   -0.04 (VIOLATED)
ANTENNA__14426__B/DIODE                 0.75    0.79   -0.04 (VIOLATED)
_14416_/A                               0.75    0.79   -0.04 (VIOLATED)
ANTENNA__14416__A/DIODE                 0.75    0.79   -0.04 (VIOLATED)
_26569_/Q                               0.75    0.79   -0.04 (VIOLATED)
output351/A                             0.75    0.78   -0.03 (VIOLATED)
ANTENNA_output351_A/DIODE               0.75    0.78   -0.03 (VIOLATED)
output311/A                             0.75    0.78   -0.03 (VIOLATED)
ANTENNA_output311_A/DIODE               0.75    0.78   -0.03 (VIOLATED)
hold56/A                                0.75    0.78   -0.03 (VIOLATED)
ANTENNA_hold56_A/DIODE                  0.75    0.78   -0.03 (VIOLATED)
_27115_/Q                               0.75    0.78   -0.03 (VIOLATED)
_18513_/B1                              0.75    0.78   -0.03 (VIOLATED)
_18518_/B                               0.75    0.78   -0.03 (VIOLATED)
ANTENNA__18518__B/DIODE                 0.75    0.78   -0.03 (VIOLATED)
_23273_/B1                              0.75    0.78   -0.03 (VIOLATED)
ANTENNA__18513__B1/DIODE                0.75    0.78   -0.03 (VIOLATED)
ANTENNA__23273__B1/DIODE                0.75    0.78   -0.03 (VIOLATED)
ANTENNA__18510__B/DIODE                 0.75    0.78   -0.03 (VIOLATED)
_18510_/B                               0.75    0.78   -0.03 (VIOLATED)
_26800_/Q                               0.75    0.78   -0.03 (VIOLATED)
output343/A                             0.75    0.78   -0.03 (VIOLATED)
ANTENNA_3/DIODE                         0.75    0.78   -0.03 (VIOLATED)
ANTENNA_output343_A/DIODE               0.75    0.78   -0.03 (VIOLATED)
_23604_/B1                              0.75    0.77   -0.02 (VIOLATED)
ANTENNA__23604__B1/DIODE                0.75    0.77   -0.02 (VIOLATED)
_23689_/B1                              0.75    0.77   -0.02 (VIOLATED)
ANTENNA__23689__B1/DIODE                0.75    0.77   -0.02 (VIOLATED)
_18310_/B                               0.75    0.77   -0.02 (VIOLATED)
_18313_/A                               0.75    0.77   -0.02 (VIOLATED)
ANTENNA__18310__B/DIODE                 0.75    0.77   -0.02 (VIOLATED)
ANTENNA__18313__A/DIODE                 0.75    0.77   -0.02 (VIOLATED)
ANTENNA_hold112_A/DIODE                 0.75    0.77   -0.02 (VIOLATED)
hold112/A                               0.75    0.77   -0.02 (VIOLATED)
_26777_/Q                               0.75    0.77   -0.02 (VIOLATED)
ANTENNA_output148_A/DIODE               0.75    0.77   -0.02 (VIOLATED)
output148/A                             0.75    0.77   -0.02 (VIOLATED)
_24050_/A2                              0.75    0.77   -0.02 (VIOLATED)
ANTENNA__24050__A2/DIODE                0.75    0.77   -0.02 (VIOLATED)
_24023_/A2                              0.75    0.77   -0.02 (VIOLATED)
ANTENNA__24023__A2/DIODE                0.75    0.77   -0.02 (VIOLATED)
ANTENNA__24032__B1/DIODE                0.75    0.77   -0.02 (VIOLATED)
_24032_/B1                              0.75    0.77   -0.02 (VIOLATED)
_24020_/Y                               0.75    0.77   -0.02 (VIOLATED)
_22832_/B1                              0.75    0.77   -0.02 (VIOLATED)
ANTENNA__22832__B1/DIODE                0.75    0.77   -0.02 (VIOLATED)
output339/A                             0.75    0.77   -0.02 (VIOLATED)
ANTENNA_output339_A/DIODE               0.75    0.77   -0.02 (VIOLATED)
ANTENNA__18297__A1/DIODE                0.75    0.77   -0.02 (VIOLATED)
ANTENNA__18294__A/DIODE                 0.75    0.77   -0.02 (VIOLATED)
_18297_/A1                              0.75    0.77   -0.02 (VIOLATED)
_18294_/A                               0.75    0.77   -0.02 (VIOLATED)
_14046_/A1                              0.75    0.77   -0.02 (VIOLATED)
_26773_/Q                               0.75    0.77   -0.02 (VIOLATED)
ANTENNA__14046__A1/DIODE                0.75    0.77   -0.02 (VIOLATED)
output147/A                             0.75    0.77   -0.02 (VIOLATED)
ANTENNA_6/DIODE                         0.75    0.77   -0.02 (VIOLATED)
ANTENNA_output147_A/DIODE               0.75    0.77   -0.02 (VIOLATED)
_26453_/A                               0.75    0.77   -0.02 (VIOLATED)
ANTENNA__26453__A/DIODE                 0.75    0.77   -0.02 (VIOLATED)
_26422_/A                               0.75    0.77   -0.02 (VIOLATED)
ANTENNA__26422__A/DIODE                 0.75    0.77   -0.02 (VIOLATED)
_26429_/A                               0.75    0.77   -0.02 (VIOLATED)
ANTENNA__26429__A/DIODE                 0.75    0.77   -0.02 (VIOLATED)
_26425_/A                               0.75    0.77   -0.02 (VIOLATED)
ANTENNA__26425__A/DIODE                 0.75    0.77   -0.02 (VIOLATED)
_26421_/Y                               0.75    0.77   -0.02 (VIOLATED)
_13992_/A                               0.75    0.77   -0.02 (VIOLATED)
ANTENNA__13992__A/DIODE                 0.75    0.77   -0.02 (VIOLATED)
_14023_/C1                              0.75    0.77   -0.02 (VIOLATED)
ANTENNA__14023__C1/DIODE                0.75    0.77   -0.02 (VIOLATED)
ANTENNA__14021__C1/DIODE                0.75    0.77   -0.02 (VIOLATED)
_14021_/C1                              0.75    0.77   -0.02 (VIOLATED)
_14028_/A2                              0.75    0.77   -0.02 (VIOLATED)
ANTENNA__14028__A2/DIODE                0.75    0.77   -0.02 (VIOLATED)
_14020_/A                               0.75    0.77   -0.02 (VIOLATED)
ANTENNA__14020__A/DIODE                 0.75    0.77   -0.02 (VIOLATED)
_13963_/B                               0.75    0.77   -0.02 (VIOLATED)
ANTENNA__13963__B/DIODE                 0.75    0.77   -0.02 (VIOLATED)
_26529_/Q                               0.75    0.77   -0.02 (VIOLATED)
_26528_/Q                               0.75    0.77   -0.02 (VIOLATED)
ANTENNA__14723__A1/DIODE                0.75    0.77   -0.02 (VIOLATED)
_14723_/A1                              0.75    0.77   -0.02 (VIOLATED)
ANTENNA__14718__A1/DIODE                0.75    0.77   -0.02 (VIOLATED)
_14718_/A1                              0.75    0.77   -0.02 (VIOLATED)
output325/A                             0.75    0.77   -0.02 (VIOLATED)
ANTENNA_output325_A/DIODE               0.75    0.77   -0.02 (VIOLATED)
_14661_/A1                              0.75    0.77   -0.02 (VIOLATED)
_14660_/A2                              0.75    0.77   -0.02 (VIOLATED)
ANTENNA__14660__A2/DIODE                0.75    0.77   -0.02 (VIOLATED)
ANTENNA__14661__A1/DIODE                0.75    0.77   -0.02 (VIOLATED)
_14594_/Y                               0.75    0.77   -0.02 (VIOLATED)
output80/A                              0.75    0.77   -0.02 (VIOLATED)
ANTENNA_output80_A/DIODE                0.75    0.77   -0.02 (VIOLATED)
_25631_/A1                              0.75    0.77   -0.02 (VIOLATED)
ANTENNA__25631__A1/DIODE                0.75    0.77   -0.02 (VIOLATED)
ANTENNA__25628__B/DIODE                 0.75    0.77   -0.02 (VIOLATED)
_25628_/B                               0.75    0.77   -0.02 (VIOLATED)
_25624_/B1                              0.75    0.77   -0.02 (VIOLATED)
ANTENNA__25625__A/DIODE                 0.75    0.77   -0.02 (VIOLATED)
_25625_/A                               0.75    0.77   -0.02 (VIOLATED)
ANTENNA__25624__B1/DIODE                0.75    0.77   -0.02 (VIOLATED)
_27243_/Q                               0.75    0.77   -0.02 (VIOLATED)
_21913_/B1                              0.75    0.76   -0.01 (VIOLATED)
ANTENNA__21913__B1/DIODE                0.75    0.76   -0.01 (VIOLATED)
_21753_/B1                              0.75    0.76   -0.01 (VIOLATED)
ANTENNA__21753__B1/DIODE                0.75    0.76   -0.01 (VIOLATED)
_21752_/X                               0.75    0.76   -0.01 (VIOLATED)
_18154_/B                               0.75    0.76   -0.01 (VIOLATED)
ANTENNA__18154__B/DIODE                 0.75    0.76   -0.01 (VIOLATED)
_18185_/C                               0.75    0.76   -0.01 (VIOLATED)
ANTENNA__18186__B1/DIODE                0.75    0.76   -0.01 (VIOLATED)
_18186_/B1                              0.75    0.76   -0.01 (VIOLATED)
_18210_/A1                              0.75    0.76   -0.01 (VIOLATED)
ANTENNA__18210__A1/DIODE                0.75    0.76   -0.01 (VIOLATED)
ANTENNA__18185__C/DIODE                 0.75    0.76   -0.01 (VIOLATED)
_26760_/Q                               0.75    0.76   -0.01 (VIOLATED)
output442/A                             0.75    0.76   -0.01 (VIOLATED)
ANTENNA_output442_A/DIODE               0.75    0.76   -0.01 (VIOLATED)
_20671_/B1                              0.75    0.76   -0.01 (VIOLATED)
ANTENNA__20676__B/DIODE                 0.75    0.76   -0.01 (VIOLATED)
ANTENNA__20671__B1/DIODE                0.75    0.76   -0.01 (VIOLATED)
_20676_/B                               0.75    0.76   -0.01 (VIOLATED)
_20670_/A                               0.75    0.76   -0.01 (VIOLATED)
ANTENNA__20670__A/DIODE                 0.75    0.76   -0.01 (VIOLATED)
hold293/A                               0.75    0.76   -0.01 (VIOLATED)
ANTENNA_hold293_A/DIODE                 0.75    0.76   -0.01 (VIOLATED)
_26898_/Q                               0.75    0.76   -0.01 (VIOLATED)
_19046_/A1                              0.75    0.76   -0.01 (VIOLATED)
ANTENNA__19046__A1/DIODE                0.75    0.76   -0.01 (VIOLATED)
_19051_/A                               0.75    0.76   -0.01 (VIOLATED)
ANTENNA__19051__A/DIODE                 0.75    0.76   -0.01 (VIOLATED)
output476/A                             0.75    0.76   -0.01 (VIOLATED)
ANTENNA_output476_A/DIODE               0.75    0.76   -0.01 (VIOLATED)
_19044_/Y                               0.75    0.76   -0.01 (VIOLATED)
output505/A                             0.75    0.76   -0.01 (VIOLATED)
ANTENNA_output505_A/DIODE               0.75    0.76   -0.01 (VIOLATED)
ANTENNA__21425__B/DIODE                 0.75    0.76   -0.01 (VIOLATED)
_21421_/A1                              0.75    0.76   -0.01 (VIOLATED)
ANTENNA_hold80_A/DIODE                  0.75    0.76   -0.01 (VIOLATED)
ANTENNA__21421__A1/DIODE                0.75    0.76   -0.01 (VIOLATED)
hold80/A                                0.75    0.76   -0.01 (VIOLATED)
_21425_/B                               0.75    0.76   -0.01 (VIOLATED)
_26937_/Q                               0.75    0.76   -0.01 (VIOLATED)
_22191_/A2                              0.75    0.76   -0.01 (VIOLATED)
ANTENNA__22191__A2/DIODE                0.75    0.76   -0.01 (VIOLATED)
_22181_/A                               0.75    0.76   -0.01 (VIOLATED)
ANTENNA__22181__A/DIODE                 0.75    0.76   -0.01 (VIOLATED)
_22195_/B2                              0.75    0.76   -0.01 (VIOLATED)
_22189_/B                               0.75    0.76   -0.01 (VIOLATED)
_22183_/B1                              0.75    0.76   -0.01 (VIOLATED)
ANTENNA__22183__B1/DIODE                0.75    0.76   -0.01 (VIOLATED)
ANTENNA__22189__B/DIODE                 0.75    0.76   -0.01 (VIOLATED)
ANTENNA__22195__B2/DIODE                0.75    0.76   -0.01 (VIOLATED)
_26971_/Q                               0.75    0.76   -0.01 (VIOLATED)
output500/A                             0.75    0.76   -0.01 (VIOLATED)
ANTENNA_output500_A/DIODE               0.75    0.76   -0.01 (VIOLATED)
output301/A                             0.75    0.75   -0.00 (VIOLATED)
ANTENNA_output301_A/DIODE               0.75    0.75   -0.00 (VIOLATED)
ANTENNA__17440__B/DIODE                 0.75    0.75   -0.00 (VIOLATED)
ANTENNA_hold226_A/DIODE                 0.75    0.75   -0.00 (VIOLATED)
_17440_/B                               0.75    0.75   -0.00 (VIOLATED)
_17437_/A                               0.75    0.75   -0.00 (VIOLATED)
ANTENNA__17437__A/DIODE                 0.75    0.75   -0.00 (VIOLATED)
hold226/A                               0.75    0.75   -0.00 (VIOLATED)
_26722_/Q                               0.75    0.75   -0.00 (VIOLATED)
_22022_/A                               0.75    0.75   -0.00 (VIOLATED)
_22025_/B1                              0.75    0.75   -0.00 (VIOLATED)
ANTENNA__22022__A/DIODE                 0.75    0.75   -0.00 (VIOLATED)
ANTENNA__22025__B1/DIODE                0.75    0.75   -0.00 (VIOLATED)
_22031_/A2                              0.75    0.75   -0.00 (VIOLATED)
ANTENNA__22031__A2/DIODE                0.75    0.75   -0.00 (VIOLATED)
_26966_/Q                               0.75    0.75   -0.00 (VIOLATED)
_14014_/A2                              0.75    0.75   -0.00 (VIOLATED)
_14015_/B                               0.75    0.75   -0.00 (VIOLATED)
_14005_/Y                               0.75    0.75   -0.00 (VIOLATED)
output468/A                             0.75    0.75   -0.00 (VIOLATED)
ANTENNA_output468_A/DIODE               0.75    0.75   -0.00 (VIOLATED)
_21365_/B1                              0.75    0.75   -0.00 (VIOLATED)
_21364_/B                               0.75    0.75   -0.00 (VIOLATED)
ANTENNA__21365__B1/DIODE                0.75    0.75   -0.00 (VIOLATED)
_21368_/A2                              0.75    0.75   -0.00 (VIOLATED)
ANTENNA__21364__B/DIODE                 0.75    0.75   -0.00 (VIOLATED)
ANTENNA__21368__A2/DIODE                0.75    0.75   -0.00 (VIOLATED)
_26929_/Q                               0.75    0.75   -0.00 (VIOLATED)

max fanout

Pin                                   Limit Fanout  Slack
---------------------------------------------------------
clkbuf_4_9__f_clk/X                       6     24    -18 (VIOLATED)
clkbuf_4_10__f_clk/X                      6     20    -14 (VIOLATED)
clkbuf_4_11__f_clk/X                      6     20    -14 (VIOLATED)
clkbuf_4_14__f_clk/X                      6     20    -14 (VIOLATED)
clkbuf_4_8__f_clk/X                       6     20    -14 (VIOLATED)
clkbuf_4_12__f_clk/X                      6     18    -12 (VIOLATED)
clkbuf_4_6__f_clk/X                       6     18    -12 (VIOLATED)
clkbuf_4_13__f_clk/X                      6     16    -10 (VIOLATED)
clkbuf_4_1__f_clk/X                       6     16    -10 (VIOLATED)
clkbuf_4_4__f_clk/X                       6     16    -10 (VIOLATED)
clkbuf_4_15__f_clk/X                      6     14     -8 (VIOLATED)
clkbuf_4_3__f_clk/X                       6     14     -8 (VIOLATED)
clkbuf_4_7__f_clk/X                       6     14     -8 (VIOLATED)
clkbuf_leaf_58_clk/X                      6     14     -8 (VIOLATED)
_13264_/X                                 6     13     -7 (VIOLATED)
_15008_/X                                 6     13     -7 (VIOLATED)
_15245_/X                                 6     13     -7 (VIOLATED)
clkbuf_leaf_19_clk/X                      6     13     -7 (VIOLATED)
_13263_/X                                 6     12     -6 (VIOLATED)
_13265_/X                                 6     12     -6 (VIOLATED)
_13266_/X                                 6     12     -6 (VIOLATED)
_13267_/X                                 6     12     -6 (VIOLATED)
_13268_/X                                 6     12     -6 (VIOLATED)
_13269_/X                                 6     12     -6 (VIOLATED)
_13277_/X                                 6     12     -6 (VIOLATED)
_13278_/X                                 6     12     -6 (VIOLATED)
_13279_/X                                 6     12     -6 (VIOLATED)
_13280_/X                                 6     12     -6 (VIOLATED)
_13281_/X                                 6     12     -6 (VIOLATED)
_13282_/X                                 6     12     -6 (VIOLATED)
_13285_/X                                 6     12     -6 (VIOLATED)
_13286_/X                                 6     12     -6 (VIOLATED)
_13289_/X                                 6     12     -6 (VIOLATED)
_13290_/X                                 6     12     -6 (VIOLATED)
_13291_/X                                 6     12     -6 (VIOLATED)
_13294_/X                                 6     12     -6 (VIOLATED)
_13295_/X                                 6     12     -6 (VIOLATED)
_13297_/X                                 6     12     -6 (VIOLATED)
_13307_/X                                 6     12     -6 (VIOLATED)
_13308_/X                                 6     12     -6 (VIOLATED)
_13309_/X                                 6     12     -6 (VIOLATED)
_13310_/X                                 6     12     -6 (VIOLATED)
_13315_/X                                 6     12     -6 (VIOLATED)
_13323_/X                                 6     12     -6 (VIOLATED)
_13331_/X                                 6     12     -6 (VIOLATED)
_13332_/X                                 6     12     -6 (VIOLATED)
_13335_/X                                 6     12     -6 (VIOLATED)
_13336_/X                                 6     12     -6 (VIOLATED)
_13337_/X                                 6     12     -6 (VIOLATED)
_13338_/X                                 6     12     -6 (VIOLATED)
_13341_/X                                 6     12     -6 (VIOLATED)
_13342_/X                                 6     12     -6 (VIOLATED)
_13344_/X                                 6     12     -6 (VIOLATED)
_13345_/X                                 6     12     -6 (VIOLATED)
_13346_/X                                 6     12     -6 (VIOLATED)
_13347_/X                                 6     12     -6 (VIOLATED)
_13349_/X                                 6     12     -6 (VIOLATED)
_13354_/X                                 6     12     -6 (VIOLATED)
_13355_/X                                 6     12     -6 (VIOLATED)
_13356_/X                                 6     12     -6 (VIOLATED)
_13373_/X                                 6     12     -6 (VIOLATED)
_13374_/X                                 6     12     -6 (VIOLATED)
_13473_/X                                 6     12     -6 (VIOLATED)
_13476_/X                                 6     12     -6 (VIOLATED)
_13497_/X                                 6     12     -6 (VIOLATED)
_13553_/X                                 6     12     -6 (VIOLATED)
_13597_/X                                 6     12     -6 (VIOLATED)
_13598_/X                                 6     12     -6 (VIOLATED)
_13601_/X                                 6     12     -6 (VIOLATED)
_13602_/X                                 6     12     -6 (VIOLATED)
_13603_/X                                 6     12     -6 (VIOLATED)
_13605_/X                                 6     12     -6 (VIOLATED)
_13606_/X                                 6     12     -6 (VIOLATED)
_13607_/X                                 6     12     -6 (VIOLATED)
_13694_/X                                 6     12     -6 (VIOLATED)
_13695_/X                                 6     12     -6 (VIOLATED)
_13698_/X                                 6     12     -6 (VIOLATED)
_13699_/X                                 6     12     -6 (VIOLATED)
_13700_/X                                 6     12     -6 (VIOLATED)
_13704_/X                                 6     12     -6 (VIOLATED)
_13752_/X                                 6     12     -6 (VIOLATED)
_13760_/X                                 6     12     -6 (VIOLATED)
_13777_/X                                 6     12     -6 (VIOLATED)
_13781_/X                                 6     12     -6 (VIOLATED)
_13782_/X                                 6     12     -6 (VIOLATED)
_13783_/X                                 6     12     -6 (VIOLATED)
_13784_/X                                 6     12     -6 (VIOLATED)
_13847_/X                                 6     12     -6 (VIOLATED)
_13848_/X                                 6     12     -6 (VIOLATED)
_13850_/X                                 6     12     -6 (VIOLATED)
_13851_/X                                 6     12     -6 (VIOLATED)
_13852_/X                                 6     12     -6 (VIOLATED)
_13863_/X                                 6     12     -6 (VIOLATED)
_13914_/X                                 6     12     -6 (VIOLATED)
_13922_/X                                 6     12     -6 (VIOLATED)
_13931_/X                                 6     12     -6 (VIOLATED)
_13956_/X                                 6     12     -6 (VIOLATED)
_13958_/X                                 6     12     -6 (VIOLATED)
_13959_/X                                 6     12     -6 (VIOLATED)
_13961_/X                                 6     12     -6 (VIOLATED)
_13962_/X                                 6     12     -6 (VIOLATED)
_13999_/X                                 6     12     -6 (VIOLATED)
_14000_/X                                 6     12     -6 (VIOLATED)
_14001_/X                                 6     12     -6 (VIOLATED)
_14006_/X                                 6     12     -6 (VIOLATED)
_14008_/X                                 6     12     -6 (VIOLATED)
_14026_/X                                 6     12     -6 (VIOLATED)
_14029_/X                                 6     12     -6 (VIOLATED)
_14030_/X                                 6     12     -6 (VIOLATED)
_14031_/X                                 6     12     -6 (VIOLATED)
_14055_/X                                 6     12     -6 (VIOLATED)
_14059_/X                                 6     12     -6 (VIOLATED)
_14060_/Y                                 6     12     -6 (VIOLATED)
_14062_/X                                 6     12     -6 (VIOLATED)
_14063_/X                                 6     12     -6 (VIOLATED)
_14074_/X                                 6     12     -6 (VIOLATED)
_14076_/X                                 6     12     -6 (VIOLATED)
_14094_/X                                 6     12     -6 (VIOLATED)
_14100_/X                                 6     12     -6 (VIOLATED)
_14103_/X                                 6     12     -6 (VIOLATED)
_14104_/X                                 6     12     -6 (VIOLATED)
_14109_/X                                 6     12     -6 (VIOLATED)
_14112_/X                                 6     12     -6 (VIOLATED)
_14113_/X                                 6     12     -6 (VIOLATED)
_14134_/X                                 6     12     -6 (VIOLATED)
_14135_/X                                 6     12     -6 (VIOLATED)
_14137_/X                                 6     12     -6 (VIOLATED)
_14138_/X                                 6     12     -6 (VIOLATED)
_14139_/X                                 6     12     -6 (VIOLATED)
_14143_/X                                 6     12     -6 (VIOLATED)
_14148_/X                                 6     12     -6 (VIOLATED)
_14153_/X                                 6     12     -6 (VIOLATED)
_14156_/X                                 6     12     -6 (VIOLATED)
_14158_/X                                 6     12     -6 (VIOLATED)
_14162_/X                                 6     12     -6 (VIOLATED)
_14165_/X                                 6     12     -6 (VIOLATED)
_14167_/X                                 6     12     -6 (VIOLATED)
_14171_/X                                 6     12     -6 (VIOLATED)
_14172_/X                                 6     12     -6 (VIOLATED)
_14175_/X                                 6     12     -6 (VIOLATED)
_14179_/X                                 6     12     -6 (VIOLATED)
_14182_/X                                 6     12     -6 (VIOLATED)
_14185_/X                                 6     12     -6 (VIOLATED)
_14186_/X                                 6     12     -6 (VIOLATED)
_14191_/X                                 6     12     -6 (VIOLATED)
_14197_/X                                 6     12     -6 (VIOLATED)
_14202_/X                                 6     12     -6 (VIOLATED)
_14207_/X                                 6     12     -6 (VIOLATED)
_14211_/X                                 6     12     -6 (VIOLATED)
_14214_/X                                 6     12     -6 (VIOLATED)
_14215_/X                                 6     12     -6 (VIOLATED)
_14216_/X                                 6     12     -6 (VIOLATED)
_14219_/X                                 6     12     -6 (VIOLATED)
_14225_/X                                 6     12     -6 (VIOLATED)
_14230_/X                                 6     12     -6 (VIOLATED)
_14232_/X                                 6     12     -6 (VIOLATED)
_14237_/X                                 6     12     -6 (VIOLATED)
_14250_/X                                 6     12     -6 (VIOLATED)
_14266_/X                                 6     12     -6 (VIOLATED)
_14301_/X                                 6     12     -6 (VIOLATED)
_14320_/X                                 6     12     -6 (VIOLATED)
_14354_/X                                 6     12     -6 (VIOLATED)
_14395_/X                                 6     12     -6 (VIOLATED)
_14423_/X                                 6     12     -6 (VIOLATED)
_14430_/X                                 6     12     -6 (VIOLATED)
_14432_/X                                 6     12     -6 (VIOLATED)
_14437_/X                                 6     12     -6 (VIOLATED)
_14506_/X                                 6     12     -6 (VIOLATED)
_14811_/X                                 6     12     -6 (VIOLATED)
_14813_/X                                 6     12     -6 (VIOLATED)
_14822_/X                                 6     12     -6 (VIOLATED)
_14847_/X                                 6     12     -6 (VIOLATED)
_14849_/X                                 6     12     -6 (VIOLATED)
_14852_/X                                 6     12     -6 (VIOLATED)
_14877_/X                                 6     12     -6 (VIOLATED)
_14904_/X                                 6     12     -6 (VIOLATED)
_14913_/X                                 6     12     -6 (VIOLATED)
_14916_/X                                 6     12     -6 (VIOLATED)
_14934_/X                                 6     12     -6 (VIOLATED)
_14946_/X                                 6     12     -6 (VIOLATED)
_14961_/X                                 6     12     -6 (VIOLATED)
_14962_/X                                 6     12     -6 (VIOLATED)
_14984_/X                                 6     12     -6 (VIOLATED)
_14986_/X                                 6     12     -6 (VIOLATED)
_14991_/X                                 6     12     -6 (VIOLATED)
_14992_/X                                 6     12     -6 (VIOLATED)
_14993_/X                                 6     12     -6 (VIOLATED)
_14998_/X                                 6     12     -6 (VIOLATED)
_15002_/X                                 6     12     -6 (VIOLATED)
_15003_/X                                 6     12     -6 (VIOLATED)
_15011_/X                                 6     12     -6 (VIOLATED)
_15012_/X                                 6     12     -6 (VIOLATED)
_15013_/X                                 6     12     -6 (VIOLATED)
_15018_/X                                 6     12     -6 (VIOLATED)
_15019_/X                                 6     12     -6 (VIOLATED)
_15022_/X                                 6     12     -6 (VIOLATED)
_15026_/X                                 6     12     -6 (VIOLATED)
_15050_/X                                 6     12     -6 (VIOLATED)
_15052_/X                                 6     12     -6 (VIOLATED)
_15057_/X                                 6     12     -6 (VIOLATED)
_15073_/X                                 6     12     -6 (VIOLATED)
_15077_/X                                 6     12     -6 (VIOLATED)
_15080_/X                                 6     12     -6 (VIOLATED)
_15081_/X                                 6     12     -6 (VIOLATED)
_15109_/X                                 6     12     -6 (VIOLATED)
_15116_/X                                 6     12     -6 (VIOLATED)
_15134_/X                                 6     12     -6 (VIOLATED)
_15146_/X                                 6     12     -6 (VIOLATED)
_15149_/X                                 6     12     -6 (VIOLATED)
_15152_/X                                 6     12     -6 (VIOLATED)
_15230_/X                                 6     12     -6 (VIOLATED)
_15246_/X                                 6     12     -6 (VIOLATED)
_15250_/X                                 6     12     -6 (VIOLATED)
_15285_/X                                 6     12     -6 (VIOLATED)
_15373_/X                                 6     12     -6 (VIOLATED)
_15404_/X                                 6     12     -6 (VIOLATED)
_15459_/X                                 6     12     -6 (VIOLATED)
_15476_/X                                 6     12     -6 (VIOLATED)
_15535_/X                                 6     12     -6 (VIOLATED)
_15584_/X                                 6     12     -6 (VIOLATED)
_15585_/X                                 6     12     -6 (VIOLATED)
_15586_/X                                 6     12     -6 (VIOLATED)
_15596_/X                                 6     12     -6 (VIOLATED)
_15704_/X                                 6     12     -6 (VIOLATED)
_15705_/X                                 6     12     -6 (VIOLATED)
_15727_/X                                 6     12     -6 (VIOLATED)
_15742_/X                                 6     12     -6 (VIOLATED)
_15743_/X                                 6     12     -6 (VIOLATED)
_15763_/X                                 6     12     -6 (VIOLATED)
_15775_/X                                 6     12     -6 (VIOLATED)
_15784_/X                                 6     12     -6 (VIOLATED)
_15790_/X                                 6     12     -6 (VIOLATED)
_15803_/X                                 6     12     -6 (VIOLATED)
_15807_/X                                 6     12     -6 (VIOLATED)
_15812_/X                                 6     12     -6 (VIOLATED)
_15818_/X                                 6     12     -6 (VIOLATED)
_15824_/X                                 6     12     -6 (VIOLATED)
_15828_/X                                 6     12     -6 (VIOLATED)
_15830_/X                                 6     12     -6 (VIOLATED)
_15831_/X                                 6     12     -6 (VIOLATED)
_15836_/X                                 6     12     -6 (VIOLATED)
_15842_/X                                 6     12     -6 (VIOLATED)
_15847_/X                                 6     12     -6 (VIOLATED)
_15850_/X                                 6     12     -6 (VIOLATED)
_15854_/X                                 6     12     -6 (VIOLATED)
_15856_/X                                 6     12     -6 (VIOLATED)
_15859_/X                                 6     12     -6 (VIOLATED)
_15863_/X                                 6     12     -6 (VIOLATED)
_15867_/X                                 6     12     -6 (VIOLATED)
_15874_/X                                 6     12     -6 (VIOLATED)
_15877_/X                                 6     12     -6 (VIOLATED)
_15879_/X                                 6     12     -6 (VIOLATED)
_15896_/X                                 6     12     -6 (VIOLATED)
_15903_/X                                 6     12     -6 (VIOLATED)
_15907_/X                                 6     12     -6 (VIOLATED)
_15908_/X                                 6     12     -6 (VIOLATED)
_15960_/X                                 6     12     -6 (VIOLATED)
_15990_/X                                 6     12     -6 (VIOLATED)
_16024_/X                                 6     12     -6 (VIOLATED)
_16038_/X                                 6     12     -6 (VIOLATED)
_16046_/X                                 6     12     -6 (VIOLATED)
_16083_/X                                 6     12     -6 (VIOLATED)
_16090_/X                                 6     12     -6 (VIOLATED)
_16095_/X                                 6     12     -6 (VIOLATED)
_16098_/X                                 6     12     -6 (VIOLATED)
_16257_/X                                 6     12     -6 (VIOLATED)
_16372_/X                                 6     12     -6 (VIOLATED)
_16397_/X                                 6     12     -6 (VIOLATED)
_16403_/X                                 6     12     -6 (VIOLATED)
_16448_/X                                 6     12     -6 (VIOLATED)
_16481_/X                                 6     12     -6 (VIOLATED)
_16520_/X                                 6     12     -6 (VIOLATED)
_16524_/X                                 6     12     -6 (VIOLATED)
_16525_/X                                 6     12     -6 (VIOLATED)
_16608_/X                                 6     12     -6 (VIOLATED)
_16616_/X                                 6     12     -6 (VIOLATED)
_16626_/X                                 6     12     -6 (VIOLATED)
_16639_/X                                 6     12     -6 (VIOLATED)
_16654_/X                                 6     12     -6 (VIOLATED)
_16657_/X                                 6     12     -6 (VIOLATED)
_16660_/X                                 6     12     -6 (VIOLATED)
_16665_/X                                 6     12     -6 (VIOLATED)
_16669_/X                                 6     12     -6 (VIOLATED)
_16672_/X                                 6     12     -6 (VIOLATED)
_16674_/X                                 6     12     -6 (VIOLATED)
_16675_/X                                 6     12     -6 (VIOLATED)
_16678_/X                                 6     12     -6 (VIOLATED)
_16681_/X                                 6     12     -6 (VIOLATED)
_16686_/X                                 6     12     -6 (VIOLATED)
_16687_/X                                 6     12     -6 (VIOLATED)
_16692_/X                                 6     12     -6 (VIOLATED)
_16693_/X                                 6     12     -6 (VIOLATED)
_16694_/X                                 6     12     -6 (VIOLATED)
_16698_/X                                 6     12     -6 (VIOLATED)
_16699_/X                                 6     12     -6 (VIOLATED)
_16703_/X                                 6     12     -6 (VIOLATED)
_16704_/X                                 6     12     -6 (VIOLATED)
_16707_/X                                 6     12     -6 (VIOLATED)
_16708_/X                                 6     12     -6 (VIOLATED)
_16710_/X                                 6     12     -6 (VIOLATED)
_16711_/X                                 6     12     -6 (VIOLATED)
_16714_/X                                 6     12     -6 (VIOLATED)
_16717_/X                                 6     12     -6 (VIOLATED)
_16722_/X                                 6     12     -6 (VIOLATED)
_16725_/X                                 6     12     -6 (VIOLATED)
_16728_/X                                 6     12     -6 (VIOLATED)
_16734_/X                                 6     12     -6 (VIOLATED)
_16735_/X                                 6     12     -6 (VIOLATED)
_16792_/X                                 6     12     -6 (VIOLATED)
_16796_/X                                 6     12     -6 (VIOLATED)
_17207_/X                                 6     12     -6 (VIOLATED)
_17265_/X                                 6     12     -6 (VIOLATED)
_17305_/X                                 6     12     -6 (VIOLATED)
_17369_/X                                 6     12     -6 (VIOLATED)
_17386_/Y                                 6     12     -6 (VIOLATED)
_17419_/X                                 6     12     -6 (VIOLATED)
_17444_/X                                 6     12     -6 (VIOLATED)
_17473_/X                                 6     12     -6 (VIOLATED)
_17481_/X                                 6     12     -6 (VIOLATED)
_17487_/X                                 6     12     -6 (VIOLATED)
_17491_/X                                 6     12     -6 (VIOLATED)
_17496_/X                                 6     12     -6 (VIOLATED)
_17499_/X                                 6     12     -6 (VIOLATED)
_17500_/X                                 6     12     -6 (VIOLATED)
_17502_/X                                 6     12     -6 (VIOLATED)
_17507_/X                                 6     12     -6 (VIOLATED)
_17510_/X                                 6     12     -6 (VIOLATED)
_17511_/X                                 6     12     -6 (VIOLATED)
_17517_/X                                 6     12     -6 (VIOLATED)
_17528_/X                                 6     12     -6 (VIOLATED)
_17534_/X                                 6     12     -6 (VIOLATED)
_17539_/X                                 6     12     -6 (VIOLATED)
_17540_/X                                 6     12     -6 (VIOLATED)
_17543_/X                                 6     12     -6 (VIOLATED)
_17545_/X                                 6     12     -6 (VIOLATED)
_17546_/X                                 6     12     -6 (VIOLATED)
_17550_/X                                 6     12     -6 (VIOLATED)
_17551_/X                                 6     12     -6 (VIOLATED)
_17554_/X                                 6     12     -6 (VIOLATED)
_17558_/X                                 6     12     -6 (VIOLATED)
_17561_/X                                 6     12     -6 (VIOLATED)
_17568_/X                                 6     12     -6 (VIOLATED)
_17647_/X                                 6     12     -6 (VIOLATED)
_17701_/X                                 6     12     -6 (VIOLATED)
_18191_/X                                 6     12     -6 (VIOLATED)
_18208_/Y                                 6     12     -6 (VIOLATED)
_18241_/X                                 6     12     -6 (VIOLATED)
_18296_/X                                 6     12     -6 (VIOLATED)
_18321_/X                                 6     12     -6 (VIOLATED)
_18331_/X                                 6     12     -6 (VIOLATED)
_18335_/X                                 6     12     -6 (VIOLATED)
_18336_/X                                 6     12     -6 (VIOLATED)
_18339_/X                                 6     12     -6 (VIOLATED)
_18341_/X                                 6     12     -6 (VIOLATED)
_18342_/X                                 6     12     -6 (VIOLATED)
_18347_/X                                 6     12     -6 (VIOLATED)
_18352_/X                                 6     12     -6 (VIOLATED)
_18355_/X                                 6     12     -6 (VIOLATED)
_18357_/X                                 6     12     -6 (VIOLATED)
_18363_/X                                 6     12     -6 (VIOLATED)
_18364_/X                                 6     12     -6 (VIOLATED)
_18380_/X                                 6     12     -6 (VIOLATED)
_18392_/X                                 6     12     -6 (VIOLATED)
_18393_/X                                 6     12     -6 (VIOLATED)
_18396_/X                                 6     12     -6 (VIOLATED)
_18402_/X                                 6     12     -6 (VIOLATED)
_18410_/X                                 6     12     -6 (VIOLATED)
_18418_/X                                 6     12     -6 (VIOLATED)
_18434_/X                                 6     12     -6 (VIOLATED)
_18471_/X                                 6     12     -6 (VIOLATED)
_18484_/X                                 6     12     -6 (VIOLATED)
_18544_/X                                 6     12     -6 (VIOLATED)
_18727_/X                                 6     12     -6 (VIOLATED)
_18801_/X                                 6     12     -6 (VIOLATED)
_18920_/X                                 6     12     -6 (VIOLATED)
_18955_/X                                 6     12     -6 (VIOLATED)
_19048_/X                                 6     12     -6 (VIOLATED)
_19057_/Y                                 6     12     -6 (VIOLATED)
_19066_/X                                 6     12     -6 (VIOLATED)
_19072_/X                                 6     12     -6 (VIOLATED)
_19098_/X                                 6     12     -6 (VIOLATED)
_19106_/X                                 6     12     -6 (VIOLATED)
_19107_/X                                 6     12     -6 (VIOLATED)
_19122_/X                                 6     12     -6 (VIOLATED)
_19123_/X                                 6     12     -6 (VIOLATED)
_19132_/X                                 6     12     -6 (VIOLATED)
_19136_/X                                 6     12     -6 (VIOLATED)
_19153_/X                                 6     12     -6 (VIOLATED)
_19159_/X                                 6     12     -6 (VIOLATED)
_19160_/X                                 6     12     -6 (VIOLATED)
_19168_/X                                 6     12     -6 (VIOLATED)
_19173_/X                                 6     12     -6 (VIOLATED)
_19201_/X                                 6     12     -6 (VIOLATED)
_19207_/X                                 6     12     -6 (VIOLATED)
_19208_/X                                 6     12     -6 (VIOLATED)
_19350_/X                                 6     12     -6 (VIOLATED)
_19351_/X                                 6     12     -6 (VIOLATED)
_19397_/X                                 6     12     -6 (VIOLATED)
_19444_/X                                 6     12     -6 (VIOLATED)
_19555_/X                                 6     12     -6 (VIOLATED)
_19579_/X                                 6     12     -6 (VIOLATED)
_19667_/X                                 6     12     -6 (VIOLATED)
_19724_/X                                 6     12     -6 (VIOLATED)
_19761_/X                                 6     12     -6 (VIOLATED)
_19770_/X                                 6     12     -6 (VIOLATED)
_19847_/X                                 6     12     -6 (VIOLATED)
_19849_/X                                 6     12     -6 (VIOLATED)
_19895_/X                                 6     12     -6 (VIOLATED)
_19904_/X                                 6     12     -6 (VIOLATED)
_19928_/X                                 6     12     -6 (VIOLATED)
_19929_/X                                 6     12     -6 (VIOLATED)
_19935_/X                                 6     12     -6 (VIOLATED)
_19936_/X                                 6     12     -6 (VIOLATED)
_19941_/X                                 6     12     -6 (VIOLATED)
_19942_/X                                 6     12     -6 (VIOLATED)
_19948_/X                                 6     12     -6 (VIOLATED)
_19949_/X                                 6     12     -6 (VIOLATED)
_19954_/X                                 6     12     -6 (VIOLATED)
_19957_/X                                 6     12     -6 (VIOLATED)
_19961_/X                                 6     12     -6 (VIOLATED)
_19966_/X                                 6     12     -6 (VIOLATED)
_19972_/X                                 6     12     -6 (VIOLATED)
_19978_/X                                 6     12     -6 (VIOLATED)
_19990_/X                                 6     12     -6 (VIOLATED)
_20086_/X                                 6     12     -6 (VIOLATED)
_20514_/X                                 6     12     -6 (VIOLATED)
_20550_/X                                 6     12     -6 (VIOLATED)
_20672_/X                                 6     12     -6 (VIOLATED)
_20713_/X                                 6     12     -6 (VIOLATED)
_20718_/X                                 6     12     -6 (VIOLATED)
_20724_/X                                 6     12     -6 (VIOLATED)
_20728_/X                                 6     12     -6 (VIOLATED)
_20731_/X                                 6     12     -6 (VIOLATED)
_20737_/X                                 6     12     -6 (VIOLATED)
_20740_/X                                 6     12     -6 (VIOLATED)
_20743_/X                                 6     12     -6 (VIOLATED)
_20749_/X                                 6     12     -6 (VIOLATED)
_20752_/X                                 6     12     -6 (VIOLATED)
_20767_/X                                 6     12     -6 (VIOLATED)
_20792_/X                                 6     12     -6 (VIOLATED)
_20822_/X                                 6     12     -6 (VIOLATED)
_20849_/X                                 6     12     -6 (VIOLATED)
_20944_/X                                 6     12     -6 (VIOLATED)
_21007_/X                                 6     12     -6 (VIOLATED)
_21266_/X                                 6     12     -6 (VIOLATED)
_21267_/X                                 6     12     -6 (VIOLATED)
_21348_/X                                 6     12     -6 (VIOLATED)
_21384_/Y                                 6     12     -6 (VIOLATED)
_21385_/X                                 6     12     -6 (VIOLATED)
_21411_/X                                 6     12     -6 (VIOLATED)
_21416_/X                                 6     12     -6 (VIOLATED)
_21447_/X                                 6     12     -6 (VIOLATED)
_21463_/X                                 6     12     -6 (VIOLATED)
_21469_/X                                 6     12     -6 (VIOLATED)
_21473_/X                                 6     12     -6 (VIOLATED)
_21476_/X                                 6     12     -6 (VIOLATED)
_21480_/X                                 6     12     -6 (VIOLATED)
_21485_/X                                 6     12     -6 (VIOLATED)
_21488_/X                                 6     12     -6 (VIOLATED)
_21489_/X                                 6     12     -6 (VIOLATED)
_21491_/X                                 6     12     -6 (VIOLATED)
_21492_/X                                 6     12     -6 (VIOLATED)
_21496_/X                                 6     12     -6 (VIOLATED)
_21502_/X                                 6     12     -6 (VIOLATED)
_21663_/Y                                 6     12     -6 (VIOLATED)
_21686_/X                                 6     12     -6 (VIOLATED)
_21752_/X                                 6     12     -6 (VIOLATED)
_22148_/X                                 6     12     -6 (VIOLATED)
_22211_/X                                 6     12     -6 (VIOLATED)
_22222_/X                                 6     12     -6 (VIOLATED)
_22247_/X                                 6     12     -6 (VIOLATED)
_22267_/X                                 6     12     -6 (VIOLATED)
_22281_/X                                 6     12     -6 (VIOLATED)
_22282_/X                                 6     12     -6 (VIOLATED)
_22323_/X                                 6     12     -6 (VIOLATED)
_22324_/X                                 6     12     -6 (VIOLATED)
_22343_/X                                 6     12     -6 (VIOLATED)
_22356_/X                                 6     12     -6 (VIOLATED)
_22357_/X                                 6     12     -6 (VIOLATED)
_22370_/X                                 6     12     -6 (VIOLATED)
_22401_/X                                 6     12     -6 (VIOLATED)
_22402_/X                                 6     12     -6 (VIOLATED)
_22445_/X                                 6     12     -6 (VIOLATED)
_22458_/X                                 6     12     -6 (VIOLATED)
_22484_/X                                 6     12     -6 (VIOLATED)
_22486_/X                                 6     12     -6 (VIOLATED)
_22488_/X                                 6     12     -6 (VIOLATED)
_22496_/X                                 6     12     -6 (VIOLATED)
_22515_/X                                 6     12     -6 (VIOLATED)
_22517_/X                                 6     12     -6 (VIOLATED)
_22518_/X                                 6     12     -6 (VIOLATED)
_22557_/X                                 6     12     -6 (VIOLATED)
_22594_/Y                                 6     12     -6 (VIOLATED)
_22598_/X                                 6     12     -6 (VIOLATED)
_22708_/X                                 6     12     -6 (VIOLATED)
_22833_/X                                 6     12     -6 (VIOLATED)
_22867_/X                                 6     12     -6 (VIOLATED)
_22894_/X                                 6     12     -6 (VIOLATED)
_22926_/X                                 6     12     -6 (VIOLATED)
_23034_/X                                 6     12     -6 (VIOLATED)
_23035_/X                                 6     12     -6 (VIOLATED)
_23041_/X                                 6     12     -6 (VIOLATED)
_23124_/X                                 6     12     -6 (VIOLATED)
_23163_/X                                 6     12     -6 (VIOLATED)
_23177_/Y                                 6     12     -6 (VIOLATED)
_23242_/X                                 6     12     -6 (VIOLATED)
_23245_/Y                                 6     12     -6 (VIOLATED)
_23249_/X                                 6     12     -6 (VIOLATED)
_23256_/X                                 6     12     -6 (VIOLATED)
_23259_/X                                 6     12     -6 (VIOLATED)
_23262_/X                                 6     12     -6 (VIOLATED)
_23266_/X                                 6     12     -6 (VIOLATED)
_23271_/X                                 6     12     -6 (VIOLATED)
_23276_/X                                 6     12     -6 (VIOLATED)
_23282_/X                                 6     12     -6 (VIOLATED)
_23283_/X                                 6     12     -6 (VIOLATED)
_23287_/X                                 6     12     -6 (VIOLATED)
_23289_/X                                 6     12     -6 (VIOLATED)
_23295_/X                                 6     12     -6 (VIOLATED)
_23301_/X                                 6     12     -6 (VIOLATED)
_23305_/X                                 6     12     -6 (VIOLATED)
_23307_/X                                 6     12     -6 (VIOLATED)
_23313_/X                                 6     12     -6 (VIOLATED)
_23319_/X                                 6     12     -6 (VIOLATED)
_23325_/X                                 6     12     -6 (VIOLATED)
_23333_/X                                 6     12     -6 (VIOLATED)
_23349_/X                                 6     12     -6 (VIOLATED)
_23362_/X                                 6     12     -6 (VIOLATED)
_23489_/X                                 6     12     -6 (VIOLATED)
_23554_/X                                 6     12     -6 (VIOLATED)
_23697_/X                                 6     12     -6 (VIOLATED)
_23756_/X                                 6     12     -6 (VIOLATED)
_23758_/X                                 6     12     -6 (VIOLATED)
_23882_/X                                 6     12     -6 (VIOLATED)
_23966_/X                                 6     12     -6 (VIOLATED)
_23991_/X                                 6     12     -6 (VIOLATED)
_24037_/X                                 6     12     -6 (VIOLATED)
_24043_/X                                 6     12     -6 (VIOLATED)
_24054_/X                                 6     12     -6 (VIOLATED)
_24061_/X                                 6     12     -6 (VIOLATED)
_24098_/X                                 6     12     -6 (VIOLATED)
_24101_/X                                 6     12     -6 (VIOLATED)
_24106_/X                                 6     12     -6 (VIOLATED)
_24107_/X                                 6     12     -6 (VIOLATED)
_24112_/X                                 6     12     -6 (VIOLATED)
_24113_/X                                 6     12     -6 (VIOLATED)
_24118_/X                                 6     12     -6 (VIOLATED)
_24123_/X                                 6     12     -6 (VIOLATED)
_24126_/X                                 6     12     -6 (VIOLATED)
_24129_/X                                 6     12     -6 (VIOLATED)
_24132_/X                                 6     12     -6 (VIOLATED)
_24142_/X                                 6     12     -6 (VIOLATED)
_24156_/X                                 6     12     -6 (VIOLATED)
_24161_/X                                 6     12     -6 (VIOLATED)
_24164_/X                                 6     12     -6 (VIOLATED)
_24177_/X                                 6     12     -6 (VIOLATED)
_24190_/X                                 6     12     -6 (VIOLATED)
_24244_/Y                                 6     12     -6 (VIOLATED)
_24318_/X                                 6     12     -6 (VIOLATED)
_24358_/X                                 6     12     -6 (VIOLATED)
_24395_/X                                 6     12     -6 (VIOLATED)
_24538_/X                                 6     12     -6 (VIOLATED)
_24780_/X                                 6     12     -6 (VIOLATED)
_24782_/X                                 6     12     -6 (VIOLATED)
_24805_/X                                 6     12     -6 (VIOLATED)
_24835_/X                                 6     12     -6 (VIOLATED)
_24836_/Y                                 6     12     -6 (VIOLATED)
_24837_/X                                 6     12     -6 (VIOLATED)
_24909_/X                                 6     12     -6 (VIOLATED)
_24912_/X                                 6     12     -6 (VIOLATED)
_24919_/X                                 6     12     -6 (VIOLATED)
_24925_/X                                 6     12     -6 (VIOLATED)
_24938_/X                                 6     12     -6 (VIOLATED)
_24941_/X                                 6     12     -6 (VIOLATED)
_24944_/X                                 6     12     -6 (VIOLATED)
_24949_/X                                 6     12     -6 (VIOLATED)
_24953_/X                                 6     12     -6 (VIOLATED)
_24956_/X                                 6     12     -6 (VIOLATED)
_24959_/X                                 6     12     -6 (VIOLATED)
_24969_/X                                 6     12     -6 (VIOLATED)
_24973_/X                                 6     12     -6 (VIOLATED)
_24975_/X                                 6     12     -6 (VIOLATED)
_24988_/X                                 6     12     -6 (VIOLATED)
_25002_/X                                 6     12     -6 (VIOLATED)
_25004_/X                                 6     12     -6 (VIOLATED)
_25132_/X                                 6     12     -6 (VIOLATED)
_25178_/X                                 6     12     -6 (VIOLATED)
_25332_/X                                 6     12     -6 (VIOLATED)
_25381_/X                                 6     12     -6 (VIOLATED)
_25584_/X                                 6     12     -6 (VIOLATED)
_25652_/X                                 6     12     -6 (VIOLATED)
_25710_/X                                 6     12     -6 (VIOLATED)
_25713_/X                                 6     12     -6 (VIOLATED)
_25718_/X                                 6     12     -6 (VIOLATED)
_25723_/X                                 6     12     -6 (VIOLATED)
_25727_/X                                 6     12     -6 (VIOLATED)
_25729_/X                                 6     12     -6 (VIOLATED)
_25764_/X                                 6     12     -6 (VIOLATED)
_25883_/X                                 6     12     -6 (VIOLATED)
_25922_/X                                 6     12     -6 (VIOLATED)
_25926_/X                                 6     12     -6 (VIOLATED)
_26384_/X                                 6     12     -6 (VIOLATED)
_26486_/X                                 6     12     -6 (VIOLATED)
_26491_/X                                 6     12     -6 (VIOLATED)
_26492_/X                                 6     12     -6 (VIOLATED)
_26527_/Q                                 6     12     -6 (VIOLATED)
_26529_/Q                                 6     12     -6 (VIOLATED)
_26549_/Q                                 6     12     -6 (VIOLATED)
_26551_/Q                                 6     12     -6 (VIOLATED)
_26560_/Q                                 6     12     -6 (VIOLATED)
_26575_/Q                                 6     12     -6 (VIOLATED)
_26576_/Q                                 6     12     -6 (VIOLATED)
_26577_/Q                                 6     12     -6 (VIOLATED)
_26582_/Q                                 6     12     -6 (VIOLATED)
_26625_/Q                                 6     12     -6 (VIOLATED)
_26630_/Q                                 6     12     -6 (VIOLATED)
_26637_/Q                                 6     12     -6 (VIOLATED)
_26644_/Q                                 6     12     -6 (VIOLATED)
_26645_/Q                                 6     12     -6 (VIOLATED)
_26673_/Q                                 6     12     -6 (VIOLATED)
_26680_/Q                                 6     12     -6 (VIOLATED)
_26711_/Q                                 6     12     -6 (VIOLATED)
_26714_/Q                                 6     12     -6 (VIOLATED)
_26718_/Q                                 6     12     -6 (VIOLATED)
_26728_/Q                                 6     12     -6 (VIOLATED)
_26737_/Q                                 6     12     -6 (VIOLATED)
_26759_/Q                                 6     12     -6 (VIOLATED)
_26763_/Q                                 6     12     -6 (VIOLATED)
_26768_/Q                                 6     12     -6 (VIOLATED)
_26769_/Q                                 6     12     -6 (VIOLATED)
_26793_/Q                                 6     12     -6 (VIOLATED)
_26794_/Q                                 6     12     -6 (VIOLATED)
_26795_/Q                                 6     12     -6 (VIOLATED)
_26805_/Q                                 6     12     -6 (VIOLATED)
_26814_/Q                                 6     12     -6 (VIOLATED)
_26850_/Q                                 6     12     -6 (VIOLATED)
_26857_/Q                                 6     12     -6 (VIOLATED)
_26864_/Q                                 6     12     -6 (VIOLATED)
_26887_/Q                                 6     12     -6 (VIOLATED)
_26888_/Q                                 6     12     -6 (VIOLATED)
_26889_/Q                                 6     12     -6 (VIOLATED)
_26910_/Q                                 6     12     -6 (VIOLATED)
_26913_/Q                                 6     12     -6 (VIOLATED)
_26927_/Q                                 6     12     -6 (VIOLATED)
_26971_/Q                                 6     12     -6 (VIOLATED)
_26989_/Q                                 6     12     -6 (VIOLATED)
_27026_/Q                                 6     12     -6 (VIOLATED)
_27072_/Q                                 6     12     -6 (VIOLATED)
_27094_/Q                                 6     12     -6 (VIOLATED)
_27101_/Q                                 6     12     -6 (VIOLATED)
_27105_/Q                                 6     12     -6 (VIOLATED)
_27120_/Q                                 6     12     -6 (VIOLATED)
_27128_/Q                                 6     12     -6 (VIOLATED)
_27143_/Q                                 6     12     -6 (VIOLATED)
_27145_/Q                                 6     12     -6 (VIOLATED)
_27146_/Q                                 6     12     -6 (VIOLATED)
_27166_/Q                                 6     12     -6 (VIOLATED)
_27194_/Q                                 6     12     -6 (VIOLATED)
_27195_/Q                                 6     12     -6 (VIOLATED)
_27238_/Q                                 6     12     -6 (VIOLATED)
_27239_/Q                                 6     12     -6 (VIOLATED)
_27241_/Q                                 6     12     -6 (VIOLATED)
_27256_/Q                                 6     12     -6 (VIOLATED)
_27260_/Q                                 6     12     -6 (VIOLATED)
_27261_/Q                                 6     12     -6 (VIOLATED)
_27263_/Q                                 6     12     -6 (VIOLATED)
_27278_/Q                                 6     12     -6 (VIOLATED)
_27279_/Q                                 6     12     -6 (VIOLATED)
_27315_/Q                                 6     12     -6 (VIOLATED)
clkbuf_4_0__f_clk/X                       6     12     -6 (VIOLATED)
clkbuf_4_2__f_clk/X                       6     12     -6 (VIOLATED)
clkbuf_leaf_17_clk/X                      6     12     -6 (VIOLATED)
fanout596/X                               6     12     -6 (VIOLATED)
fanout599/X                               6     12     -6 (VIOLATED)
fanout600/X                               6     12     -6 (VIOLATED)
fanout601/X                               6     12     -6 (VIOLATED)
fanout602/X                               6     12     -6 (VIOLATED)
fanout604/X                               6     12     -6 (VIOLATED)
fanout605/X                               6     12     -6 (VIOLATED)
fanout606/X                               6     12     -6 (VIOLATED)
fanout609/X                               6     12     -6 (VIOLATED)
input26/X                                 6     12     -6 (VIOLATED)
input28/X                                 6     12     -6 (VIOLATED)
input29/X                                 6     12     -6 (VIOLATED)
input55/X                                 6     12     -6 (VIOLATED)
input58/X                                 6     12     -6 (VIOLATED)
clkbuf_leaf_16_clk/X                      6     11     -5 (VIOLATED)
clkbuf_leaf_25_clk/X                      6     11     -5 (VIOLATED)
clkbuf_leaf_5_clk/X                       6     11     -5 (VIOLATED)
clkbuf_leaf_75_clk/X                      6     11     -5 (VIOLATED)
_14050_/Y                                 6     10     -4 (VIOLATED)
_14067_/Y                                 6     10     -4 (VIOLATED)
_14668_/Y                                 6     10     -4 (VIOLATED)
_15869_/X                                 6     10     -4 (VIOLATED)
_16556_/Y                                 6     10     -4 (VIOLATED)
_16560_/Y                                 6     10     -4 (VIOLATED)
_17635_/Y                                 6     10     -4 (VIOLATED)
_18189_/Y                                 6     10     -4 (VIOLATED)
_19039_/Y                                 6     10     -4 (VIOLATED)
_21234_/Y                                 6     10     -4 (VIOLATED)
_23460_/Y                                 6     10     -4 (VIOLATED)
_24008_/Y                                 6     10     -4 (VIOLATED)
_24029_/Y                                 6     10     -4 (VIOLATED)
_24166_/X                                 6     10     -4 (VIOLATED)
_25026_/Y                                 6     10     -4 (VIOLATED)
_25091_/Y                                 6     10     -4 (VIOLATED)
_26417_/Y                                 6     10     -4 (VIOLATED)
_26518_/Q                                 6     10     -4 (VIOLATED)
_26519_/Q                                 6     10     -4 (VIOLATED)
_26520_/Q                                 6     10     -4 (VIOLATED)
_26522_/Q                                 6     10     -4 (VIOLATED)
_26530_/Q                                 6     10     -4 (VIOLATED)
_26532_/Q                                 6     10     -4 (VIOLATED)
_26534_/Q                                 6     10     -4 (VIOLATED)
_26538_/Q                                 6     10     -4 (VIOLATED)
_26542_/Q                                 6     10     -4 (VIOLATED)
_26544_/Q                                 6     10     -4 (VIOLATED)
_26552_/Q                                 6     10     -4 (VIOLATED)
_26554_/Q                                 6     10     -4 (VIOLATED)
_26559_/Q                                 6     10     -4 (VIOLATED)
_26563_/Q                                 6     10     -4 (VIOLATED)
_26566_/Q                                 6     10     -4 (VIOLATED)
_26568_/Q                                 6     10     -4 (VIOLATED)
_26570_/Q                                 6     10     -4 (VIOLATED)
_26573_/Q                                 6     10     -4 (VIOLATED)
_26574_/Q                                 6     10     -4 (VIOLATED)
_26580_/Q                                 6     10     -4 (VIOLATED)
_26584_/Q                                 6     10     -4 (VIOLATED)
_26585_/Q                                 6     10     -4 (VIOLATED)
_26588_/Q                                 6     10     -4 (VIOLATED)
_26590_/Q                                 6     10     -4 (VIOLATED)
_26592_/Q                                 6     10     -4 (VIOLATED)
_26615_/Q                                 6     10     -4 (VIOLATED)
_26617_/Q                                 6     10     -4 (VIOLATED)
_26618_/Q                                 6     10     -4 (VIOLATED)
_26623_/Q                                 6     10     -4 (VIOLATED)
_26628_/Q                                 6     10     -4 (VIOLATED)
_26633_/Q                                 6     10     -4 (VIOLATED)
_26634_/Q                                 6     10     -4 (VIOLATED)
_26641_/Q                                 6     10     -4 (VIOLATED)
_26648_/Q                                 6     10     -4 (VIOLATED)
_26654_/Q                                 6     10     -4 (VIOLATED)
_26656_/Q                                 6     10     -4 (VIOLATED)
_26664_/Q                                 6     10     -4 (VIOLATED)
_26665_/Q                                 6     10     -4 (VIOLATED)
_26668_/Q                                 6     10     -4 (VIOLATED)
_26670_/Q                                 6     10     -4 (VIOLATED)
_26676_/Q                                 6     10     -4 (VIOLATED)
_26678_/Q                                 6     10     -4 (VIOLATED)
_26691_/Q                                 6     10     -4 (VIOLATED)
_26702_/Q                                 6     10     -4 (VIOLATED)
_26703_/Q                                 6     10     -4 (VIOLATED)
_26704_/Q                                 6     10     -4 (VIOLATED)
_26706_/Q                                 6     10     -4 (VIOLATED)
_26716_/Q                                 6     10     -4 (VIOLATED)
_26720_/Q                                 6     10     -4 (VIOLATED)
_26724_/Q                                 6     10     -4 (VIOLATED)
_26726_/Q                                 6     10     -4 (VIOLATED)
_26730_/Q                                 6     10     -4 (VIOLATED)
_26732_/Q                                 6     10     -4 (VIOLATED)
_26741_/Q                                 6     10     -4 (VIOLATED)
_26752_/Q                                 6     10     -4 (VIOLATED)
_26754_/Q                                 6     10     -4 (VIOLATED)
_26760_/Q                                 6     10     -4 (VIOLATED)
_26762_/Q                                 6     10     -4 (VIOLATED)
_26764_/Q                                 6     10     -4 (VIOLATED)
_26766_/Q                                 6     10     -4 (VIOLATED)
_26770_/Q                                 6     10     -4 (VIOLATED)
_26772_/Q                                 6     10     -4 (VIOLATED)
_26776_/Q                                 6     10     -4 (VIOLATED)
_26778_/Q                                 6     10     -4 (VIOLATED)
_26798_/Q                                 6     10     -4 (VIOLATED)
_26801_/Q                                 6     10     -4 (VIOLATED)
_26803_/Q                                 6     10     -4 (VIOLATED)
_26804_/Q                                 6     10     -4 (VIOLATED)
_26807_/Q                                 6     10     -4 (VIOLATED)
_26808_/Q                                 6     10     -4 (VIOLATED)
_26812_/Q                                 6     10     -4 (VIOLATED)
_26817_/Q                                 6     10     -4 (VIOLATED)
_26820_/Q                                 6     10     -4 (VIOLATED)
_26822_/Q                                 6     10     -4 (VIOLATED)
_26826_/Q                                 6     10     -4 (VIOLATED)
_26833_/Q                                 6     10     -4 (VIOLATED)
_26838_/Q                                 6     10     -4 (VIOLATED)
_26840_/Q                                 6     10     -4 (VIOLATED)
_26847_/Q                                 6     10     -4 (VIOLATED)
_26849_/Q                                 6     10     -4 (VIOLATED)
_26851_/Q                                 6     10     -4 (VIOLATED)
_26852_/Q                                 6     10     -4 (VIOLATED)
_26854_/Q                                 6     10     -4 (VIOLATED)
_26858_/Q                                 6     10     -4 (VIOLATED)
_26866_/Q                                 6     10     -4 (VIOLATED)
_26878_/Q                                 6     10     -4 (VIOLATED)
_26880_/Q                                 6     10     -4 (VIOLATED)
_26882_/Q                                 6     10     -4 (VIOLATED)
_26892_/Q                                 6     10     -4 (VIOLATED)
_26894_/Q                                 6     10     -4 (VIOLATED)
_26898_/Q                                 6     10     -4 (VIOLATED)
_26904_/Q                                 6     10     -4 (VIOLATED)
_26924_/Q                                 6     10     -4 (VIOLATED)
_26931_/Q                                 6     10     -4 (VIOLATED)
_26934_/Q                                 6     10     -4 (VIOLATED)
_26936_/Q                                 6     10     -4 (VIOLATED)
_26940_/Q                                 6     10     -4 (VIOLATED)
_26944_/Q                                 6     10     -4 (VIOLATED)
_26948_/Q                                 6     10     -4 (VIOLATED)
_26956_/Q                                 6     10     -4 (VIOLATED)
_26960_/Q                                 6     10     -4 (VIOLATED)
_26965_/Q                                 6     10     -4 (VIOLATED)
_26967_/Q                                 6     10     -4 (VIOLATED)
_26970_/Q                                 6     10     -4 (VIOLATED)
_26973_/Q                                 6     10     -4 (VIOLATED)
_26975_/Q                                 6     10     -4 (VIOLATED)
_26978_/Q                                 6     10     -4 (VIOLATED)
_26980_/Q                                 6     10     -4 (VIOLATED)
_26982_/Q                                 6     10     -4 (VIOLATED)
_26984_/Q                                 6     10     -4 (VIOLATED)
_27029_/Q                                 6     10     -4 (VIOLATED)
_27071_/Q                                 6     10     -4 (VIOLATED)
_27079_/Q                                 6     10     -4 (VIOLATED)
_27080_/Q                                 6     10     -4 (VIOLATED)
_27092_/Q                                 6     10     -4 (VIOLATED)
_27097_/Q                                 6     10     -4 (VIOLATED)
_27110_/Q                                 6     10     -4 (VIOLATED)
_27112_/Q                                 6     10     -4 (VIOLATED)
_27117_/Q                                 6     10     -4 (VIOLATED)
_27122_/Q                                 6     10     -4 (VIOLATED)
_27134_/Q                                 6     10     -4 (VIOLATED)
_27135_/Q                                 6     10     -4 (VIOLATED)
_27136_/Q                                 6     10     -4 (VIOLATED)
_27138_/Q                                 6     10     -4 (VIOLATED)
_27140_/Q                                 6     10     -4 (VIOLATED)
_27148_/Q                                 6     10     -4 (VIOLATED)
_27150_/Q                                 6     10     -4 (VIOLATED)
_27152_/Q                                 6     10     -4 (VIOLATED)
_27158_/Q                                 6     10     -4 (VIOLATED)
_27160_/Q                                 6     10     -4 (VIOLATED)
_27165_/Q                                 6     10     -4 (VIOLATED)
_27182_/Q                                 6     10     -4 (VIOLATED)
_27184_/Q                                 6     10     -4 (VIOLATED)
_27186_/Q                                 6     10     -4 (VIOLATED)
_27191_/Q                                 6     10     -4 (VIOLATED)
_27196_/Q                                 6     10     -4 (VIOLATED)
_27198_/Q                                 6     10     -4 (VIOLATED)
_27206_/Q                                 6     10     -4 (VIOLATED)
_27208_/Q                                 6     10     -4 (VIOLATED)
_27220_/Q                                 6     10     -4 (VIOLATED)
_27224_/Q                                 6     10     -4 (VIOLATED)
_27232_/Q                                 6     10     -4 (VIOLATED)
_27233_/Q                                 6     10     -4 (VIOLATED)
_27237_/Q                                 6     10     -4 (VIOLATED)
_27243_/Q                                 6     10     -4 (VIOLATED)
_27244_/Q                                 6     10     -4 (VIOLATED)
_27246_/Q                                 6     10     -4 (VIOLATED)
_27248_/Q                                 6     10     -4 (VIOLATED)
_27252_/Q                                 6     10     -4 (VIOLATED)
_27266_/Q                                 6     10     -4 (VIOLATED)
_27270_/Q                                 6     10     -4 (VIOLATED)
_27272_/Q                                 6     10     -4 (VIOLATED)
_27277_/Q                                 6     10     -4 (VIOLATED)
_27280_/Q                                 6     10     -4 (VIOLATED)
_27281_/Q                                 6     10     -4 (VIOLATED)
_27283_/Q                                 6     10     -4 (VIOLATED)
_27284_/Q                                 6     10     -4 (VIOLATED)
_27286_/Q                                 6     10     -4 (VIOLATED)
_27290_/Q                                 6     10     -4 (VIOLATED)
_27296_/Q                                 6     10     -4 (VIOLATED)
_27307_/Q                                 6     10     -4 (VIOLATED)
clkbuf_4_5__f_clk/X                       6     10     -4 (VIOLATED)
clkbuf_leaf_115_clk/X                     6     10     -4 (VIOLATED)
clkbuf_leaf_20_clk/X                      6     10     -4 (VIOLATED)
clkbuf_leaf_24_clk/X                      6     10     -4 (VIOLATED)
clkbuf_leaf_33_clk/X                      6     10     -4 (VIOLATED)
clkbuf_leaf_56_clk/X                      6     10     -4 (VIOLATED)
clkbuf_leaf_85_clk/X                      6     10     -4 (VIOLATED)
clkbuf_leaf_94_clk/X                      6     10     -4 (VIOLATED)
input33/X                                 6     10     -4 (VIOLATED)
wire580/X                                 6     10     -4 (VIOLATED)
_26777_/Q                                 6      9     -3 (VIOLATED)
clkbuf_leaf_109_clk/X                     6      9     -3 (VIOLATED)
clkbuf_leaf_54_clk/X                      6      9     -3 (VIOLATED)
clkbuf_leaf_55_clk/X                      6      9     -3 (VIOLATED)
clkbuf_leaf_78_clk/X                      6      9     -3 (VIOLATED)
clkbuf_leaf_79_clk/X                      6      9     -3 (VIOLATED)
clkbuf_leaf_87_clk/X                      6      9     -3 (VIOLATED)
_14020_/Y                                 6      8     -2 (VIOLATED)
_14594_/Y                                 6      8     -2 (VIOLATED)
_15711_/Y                                 6      8     -2 (VIOLATED)
_15943_/Y                                 6      8     -2 (VIOLATED)
_15945_/Y                                 6      8     -2 (VIOLATED)
_16554_/X                                 6      8     -2 (VIOLATED)
_16766_/Y                                 6      8     -2 (VIOLATED)
_17201_/Y                                 6      8     -2 (VIOLATED)
_18225_/Y                                 6      8     -2 (VIOLATED)
_18236_/X                                 6      8     -2 (VIOLATED)
_20420_/Y                                 6      8     -2 (VIOLATED)
_21141_/Y                                 6      8     -2 (VIOLATED)
_21142_/X                                 6      8     -2 (VIOLATED)
_21804_/Y                                 6      8     -2 (VIOLATED)
_21885_/X                                 6      8     -2 (VIOLATED)
_21896_/Y                                 6      8     -2 (VIOLATED)
_22204_/X                                 6      8     -2 (VIOLATED)
_22639_/Y                                 6      8     -2 (VIOLATED)
_24013_/Y                                 6      8     -2 (VIOLATED)
_24488_/Y                                 6      8     -2 (VIOLATED)
_25615_/Y                                 6      8     -2 (VIOLATED)
_26415_/X                                 6      8     -2 (VIOLATED)
_26421_/Y                                 6      8     -2 (VIOLATED)
_26516_/Q                                 6      8     -2 (VIOLATED)
_26517_/Q                                 6      8     -2 (VIOLATED)
_26524_/Q                                 6      8     -2 (VIOLATED)
_26525_/Q                                 6      8     -2 (VIOLATED)
_26526_/Q                                 6      8     -2 (VIOLATED)
_26535_/Q                                 6      8     -2 (VIOLATED)
_26536_/Q                                 6      8     -2 (VIOLATED)
_26540_/Q                                 6      8     -2 (VIOLATED)
_26543_/Q                                 6      8     -2 (VIOLATED)
_26545_/Q                                 6      8     -2 (VIOLATED)
_26546_/Q                                 6      8     -2 (VIOLATED)
_26548_/Q                                 6      8     -2 (VIOLATED)
_26550_/Q                                 6      8     -2 (VIOLATED)
_26564_/Q                                 6      8     -2 (VIOLATED)
_26565_/Q                                 6      8     -2 (VIOLATED)
_26567_/Q                                 6      8     -2 (VIOLATED)
_26571_/Q                                 6      8     -2 (VIOLATED)
_26572_/Q                                 6      8     -2 (VIOLATED)
_26579_/Q                                 6      8     -2 (VIOLATED)
_26581_/Q                                 6      8     -2 (VIOLATED)
_26583_/Q                                 6      8     -2 (VIOLATED)
_26586_/Q                                 6      8     -2 (VIOLATED)
_26591_/Q                                 6      8     -2 (VIOLATED)
_26594_/Q                                 6      8     -2 (VIOLATED)
_26602_/Q                                 6      8     -2 (VIOLATED)
_26612_/Q                                 6      8     -2 (VIOLATED)
_26613_/Q                                 6      8     -2 (VIOLATED)
_26614_/Q                                 6      8     -2 (VIOLATED)
_26616_/Q                                 6      8     -2 (VIOLATED)
_26619_/Q                                 6      8     -2 (VIOLATED)
_26621_/Q                                 6      8     -2 (VIOLATED)
_26622_/Q                                 6      8     -2 (VIOLATED)
_26624_/Q                                 6      8     -2 (VIOLATED)
_26626_/Q                                 6      8     -2 (VIOLATED)
_26631_/Q                                 6      8     -2 (VIOLATED)
_26635_/Q                                 6      8     -2 (VIOLATED)
_26638_/Q                                 6      8     -2 (VIOLATED)
_26640_/Q                                 6      8     -2 (VIOLATED)
_26642_/Q                                 6      8     -2 (VIOLATED)
_26652_/Q                                 6      8     -2 (VIOLATED)
_26653_/Q                                 6      8     -2 (VIOLATED)
_26655_/Q                                 6      8     -2 (VIOLATED)
_26658_/Q                                 6      8     -2 (VIOLATED)
_26659_/Q                                 6      8     -2 (VIOLATED)
_26660_/Q                                 6      8     -2 (VIOLATED)
_26661_/Q                                 6      8     -2 (VIOLATED)
_26662_/Q                                 6      8     -2 (VIOLATED)
_26663_/Q                                 6      8     -2 (VIOLATED)
_26666_/Q                                 6      8     -2 (VIOLATED)
_26667_/Q                                 6      8     -2 (VIOLATED)
_26671_/Q                                 6      8     -2 (VIOLATED)
_26672_/Q                                 6      8     -2 (VIOLATED)
_26674_/Q                                 6      8     -2 (VIOLATED)
_26679_/Q                                 6      8     -2 (VIOLATED)
_26681_/Q                                 6      8     -2 (VIOLATED)
_26700_/Q                                 6      8     -2 (VIOLATED)
_26701_/Q                                 6      8     -2 (VIOLATED)
_26708_/Q                                 6      8     -2 (VIOLATED)
_26709_/Q                                 6      8     -2 (VIOLATED)
_26712_/Q                                 6      8     -2 (VIOLATED)
_26715_/Q                                 6      8     -2 (VIOLATED)
_26719_/Q                                 6      8     -2 (VIOLATED)
_26721_/Q                                 6      8     -2 (VIOLATED)
_26722_/Q                                 6      8     -2 (VIOLATED)
_26727_/Q                                 6      8     -2 (VIOLATED)
_26729_/Q                                 6      8     -2 (VIOLATED)
_26744_/Q                                 6      8     -2 (VIOLATED)
_26748_/Q                                 6      8     -2 (VIOLATED)
_26749_/Q                                 6      8     -2 (VIOLATED)
_26750_/Q                                 6      8     -2 (VIOLATED)
_26751_/Q                                 6      8     -2 (VIOLATED)
_26753_/Q                                 6      8     -2 (VIOLATED)
_26755_/Q                                 6      8     -2 (VIOLATED)
_26756_/Q                                 6      8     -2 (VIOLATED)
_26757_/Q                                 6      8     -2 (VIOLATED)
_26758_/Q                                 6      8     -2 (VIOLATED)
_26767_/Q                                 6      8     -2 (VIOLATED)
_26780_/Q                                 6      8     -2 (VIOLATED)
_26786_/Q                                 6      8     -2 (VIOLATED)
_26789_/Q                                 6      8     -2 (VIOLATED)
_26796_/Q                                 6      8     -2 (VIOLATED)
_26799_/Q                                 6      8     -2 (VIOLATED)
_26800_/Q                                 6      8     -2 (VIOLATED)
_26806_/Q                                 6      8     -2 (VIOLATED)
_26810_/Q                                 6      8     -2 (VIOLATED)
_26815_/Q                                 6      8     -2 (VIOLATED)
_26818_/Q                                 6      8     -2 (VIOLATED)
_26823_/Q                                 6      8     -2 (VIOLATED)
_26824_/Q                                 6      8     -2 (VIOLATED)
_26836_/Q                                 6      8     -2 (VIOLATED)
_26837_/Q                                 6      8     -2 (VIOLATED)
_26839_/Q                                 6      8     -2 (VIOLATED)
_26842_/Q                                 6      8     -2 (VIOLATED)
_26844_/Q                                 6      8     -2 (VIOLATED)
_26845_/Q                                 6      8     -2 (VIOLATED)
_26846_/Q                                 6      8     -2 (VIOLATED)
_26848_/Q                                 6      8     -2 (VIOLATED)
_26855_/Q                                 6      8     -2 (VIOLATED)
_26856_/Q                                 6      8     -2 (VIOLATED)
_26860_/Q                                 6      8     -2 (VIOLATED)
_26865_/Q                                 6      8     -2 (VIOLATED)
_26876_/Q                                 6      8     -2 (VIOLATED)
_26877_/Q                                 6      8     -2 (VIOLATED)
_26879_/Q                                 6      8     -2 (VIOLATED)
_26883_/Q                                 6      8     -2 (VIOLATED)
_26884_/Q                                 6      8     -2 (VIOLATED)
_26885_/Q                                 6      8     -2 (VIOLATED)
_26886_/Q                                 6      8     -2 (VIOLATED)
_26890_/Q                                 6      8     -2 (VIOLATED)
_26891_/Q                                 6      8     -2 (VIOLATED)
_26895_/Q                                 6      8     -2 (VIOLATED)
_26896_/Q                                 6      8     -2 (VIOLATED)
_26900_/Q                                 6      8     -2 (VIOLATED)
_26902_/Q                                 6      8     -2 (VIOLATED)
_26905_/Q                                 6      8     -2 (VIOLATED)
_26914_/Q                                 6      8     -2 (VIOLATED)
_26916_/Q                                 6      8     -2 (VIOLATED)
_26917_/Q                                 6      8     -2 (VIOLATED)
_26918_/Q                                 6      8     -2 (VIOLATED)
_26919_/Q                                 6      8     -2 (VIOLATED)
_26920_/Q                                 6      8     -2 (VIOLATED)
_26922_/Q                                 6      8     -2 (VIOLATED)
_26925_/Q                                 6      8     -2 (VIOLATED)
_26926_/Q                                 6      8     -2 (VIOLATED)
_26928_/Q                                 6      8     -2 (VIOLATED)
_26929_/Q                                 6      8     -2 (VIOLATED)
_26930_/Q                                 6      8     -2 (VIOLATED)
_26932_/Q                                 6      8     -2 (VIOLATED)
_26937_/Q                                 6      8     -2 (VIOLATED)
_26942_/Q                                 6      8     -2 (VIOLATED)
_26946_/Q                                 6      8     -2 (VIOLATED)
_26957_/Q                                 6      8     -2 (VIOLATED)
_26958_/Q                                 6      8     -2 (VIOLATED)
_26959_/Q                                 6      8     -2 (VIOLATED)
_26961_/Q                                 6      8     -2 (VIOLATED)
_26962_/Q                                 6      8     -2 (VIOLATED)
_26963_/Q                                 6      8     -2 (VIOLATED)
_26964_/Q                                 6      8     -2 (VIOLATED)
_26966_/Q                                 6      8     -2 (VIOLATED)
_26968_/Q                                 6      8     -2 (VIOLATED)
_26969_/Q                                 6      8     -2 (VIOLATED)
_26976_/Q                                 6      8     -2 (VIOLATED)
_26983_/Q                                 6      8     -2 (VIOLATED)
_26986_/Q                                 6      8     -2 (VIOLATED)
_26997_/Q                                 6      8     -2 (VIOLATED)
_27077_/Q                                 6      8     -2 (VIOLATED)
_27090_/Q                                 6      8     -2 (VIOLATED)
_27091_/Q                                 6      8     -2 (VIOLATED)
_27093_/Q                                 6      8     -2 (VIOLATED)
_27095_/Q                                 6      8     -2 (VIOLATED)
_27098_/Q                                 6      8     -2 (VIOLATED)
_27102_/Q                                 6      8     -2 (VIOLATED)
_27106_/Q                                 6      8     -2 (VIOLATED)
_27108_/Q                                 6      8     -2 (VIOLATED)
_27111_/Q                                 6      8     -2 (VIOLATED)
_27113_/Q                                 6      8     -2 (VIOLATED)
_27116_/Q                                 6      8     -2 (VIOLATED)
_27126_/Q                                 6      8     -2 (VIOLATED)
_27129_/Q                                 6      8     -2 (VIOLATED)
_27130_/Q                                 6      8     -2 (VIOLATED)
_27132_/Q                                 6      8     -2 (VIOLATED)
_27133_/Q                                 6      8     -2 (VIOLATED)
_27139_/Q                                 6      8     -2 (VIOLATED)
_27141_/Q                                 6      8     -2 (VIOLATED)
_27142_/Q                                 6      8     -2 (VIOLATED)
_27144_/Q                                 6      8     -2 (VIOLATED)
_27147_/Q                                 6      8     -2 (VIOLATED)
_27151_/Q                                 6      8     -2 (VIOLATED)
_27153_/Q                                 6      8     -2 (VIOLATED)
_27154_/Q                                 6      8     -2 (VIOLATED)
_27156_/Q                                 6      8     -2 (VIOLATED)
_27159_/Q                                 6      8     -2 (VIOLATED)
_27162_/Q                                 6      8     -2 (VIOLATED)
_27172_/Q                                 6      8     -2 (VIOLATED)
_27180_/Q                                 6      8     -2 (VIOLATED)
_27181_/Q                                 6      8     -2 (VIOLATED)
_27183_/Q                                 6      8     -2 (VIOLATED)
_27187_/Q                                 6      8     -2 (VIOLATED)
_27188_/Q                                 6      8     -2 (VIOLATED)
_27189_/Q                                 6      8     -2 (VIOLATED)
_27190_/Q                                 6      8     -2 (VIOLATED)
_27192_/Q                                 6      8     -2 (VIOLATED)
_27199_/Q                                 6      8     -2 (VIOLATED)
_27200_/Q                                 6      8     -2 (VIOLATED)
_27202_/Q                                 6      8     -2 (VIOLATED)
_27204_/Q                                 6      8     -2 (VIOLATED)
_27209_/Q                                 6      8     -2 (VIOLATED)
_27210_/Q                                 6      8     -2 (VIOLATED)
_27228_/Q                                 6      8     -2 (VIOLATED)
_27229_/Q                                 6      8     -2 (VIOLATED)
_27230_/Q                                 6      8     -2 (VIOLATED)
_27231_/Q                                 6      8     -2 (VIOLATED)
_27234_/Q                                 6      8     -2 (VIOLATED)
_27235_/Q                                 6      8     -2 (VIOLATED)
_27236_/Q                                 6      8     -2 (VIOLATED)
_27240_/Q                                 6      8     -2 (VIOLATED)
_27242_/Q                                 6      8     -2 (VIOLATED)
_27247_/Q                                 6      8     -2 (VIOLATED)
_27250_/Q                                 6      8     -2 (VIOLATED)
_27254_/Q                                 6      8     -2 (VIOLATED)
_27255_/Q                                 6      8     -2 (VIOLATED)
_27257_/Q                                 6      8     -2 (VIOLATED)
_27258_/Q                                 6      8     -2 (VIOLATED)
_27265_/Q                                 6      8     -2 (VIOLATED)
_27268_/Q                                 6      8     -2 (VIOLATED)
_27269_/Q                                 6      8     -2 (VIOLATED)
_27273_/Q                                 6      8     -2 (VIOLATED)
_27274_/Q                                 6      8     -2 (VIOLATED)
_27275_/Q                                 6      8     -2 (VIOLATED)
_27276_/Q                                 6      8     -2 (VIOLATED)
_27282_/Q                                 6      8     -2 (VIOLATED)
_27287_/Q                                 6      8     -2 (VIOLATED)
_27288_/Q                                 6      8     -2 (VIOLATED)
_27292_/Q                                 6      8     -2 (VIOLATED)
_27294_/Q                                 6      8     -2 (VIOLATED)
_27295_/Q                                 6      8     -2 (VIOLATED)
_27297_/Q                                 6      8     -2 (VIOLATED)
_27298_/Q                                 6      8     -2 (VIOLATED)
_27312_/Q                                 6      8     -2 (VIOLATED)
clkbuf_0_clk/X                            6      8     -2 (VIOLATED)
clkbuf_2_0_0_clk/X                        6      8     -2 (VIOLATED)
clkbuf_2_1_0_clk/X                        6      8     -2 (VIOLATED)
clkbuf_2_2_0_clk/X                        6      8     -2 (VIOLATED)
clkbuf_2_3_0_clk/X                        6      8     -2 (VIOLATED)
clkbuf_leaf_101_clk/X                     6      8     -2 (VIOLATED)
clkbuf_leaf_108_clk/X                     6      8     -2 (VIOLATED)
clkbuf_leaf_113_clk/X                     6      8     -2 (VIOLATED)
clkbuf_leaf_128_clk/X                     6      8     -2 (VIOLATED)
clkbuf_leaf_130_clk/X                     6      8     -2 (VIOLATED)
clkbuf_leaf_13_clk/X                      6      8     -2 (VIOLATED)
clkbuf_leaf_15_clk/X                      6      8     -2 (VIOLATED)
clkbuf_leaf_23_clk/X                      6      8     -2 (VIOLATED)
clkbuf_leaf_26_clk/X                      6      8     -2 (VIOLATED)
clkbuf_leaf_28_clk/X                      6      8     -2 (VIOLATED)
clkbuf_leaf_31_clk/X                      6      8     -2 (VIOLATED)
clkbuf_leaf_34_clk/X                      6      8     -2 (VIOLATED)
clkbuf_leaf_37_clk/X                      6      8     -2 (VIOLATED)
clkbuf_leaf_49_clk/X                      6      8     -2 (VIOLATED)
clkbuf_leaf_57_clk/X                      6      8     -2 (VIOLATED)
clkbuf_leaf_63_clk/X                      6      8     -2 (VIOLATED)
clkbuf_leaf_6_clk/X                       6      8     -2 (VIOLATED)
clkbuf_leaf_70_clk/X                      6      8     -2 (VIOLATED)
clkbuf_leaf_77_clk/X                      6      8     -2 (VIOLATED)
clkbuf_leaf_80_clk/X                      6      8     -2 (VIOLATED)
clkbuf_leaf_82_clk/X                      6      8     -2 (VIOLATED)
clkbuf_leaf_86_clk/X                      6      8     -2 (VIOLATED)
clkbuf_leaf_88_clk/X                      6      8     -2 (VIOLATED)
input1/X                                  6      8     -2 (VIOLATED)
input23/X                                 6      8     -2 (VIOLATED)
input30/X                                 6      8     -2 (VIOLATED)
input60/X                                 6      8     -2 (VIOLATED)
input66/X                                 6      8     -2 (VIOLATED)
max_cap579/X                              6      8     -2 (VIOLATED)
_26528_/Q                                 6      7        (VIOLATED)
_27087_/Q                                 6      7        (VIOLATED)
clkbuf_leaf_100_clk/X                     6      7        (VIOLATED)
clkbuf_leaf_102_clk/X                     6      7        (VIOLATED)
clkbuf_leaf_122_clk/X                     6      7        (VIOLATED)
clkbuf_leaf_124_clk/X                     6      7        (VIOLATED)
clkbuf_leaf_21_clk/X                      6      7        (VIOLATED)
clkbuf_leaf_32_clk/X                      6      7        (VIOLATED)
clkbuf_leaf_40_clk/X                      6      7        (VIOLATED)
clkbuf_leaf_41_clk/X                      6      7        (VIOLATED)
clkbuf_leaf_50_clk/X                      6      7        (VIOLATED)
clkbuf_leaf_52_clk/X                      6      7        (VIOLATED)
clkbuf_leaf_62_clk/X                      6      7        (VIOLATED)
clkbuf_leaf_64_clk/X                      6      7        (VIOLATED)
clkbuf_leaf_69_clk/X                      6      7        (VIOLATED)
clkbuf_leaf_72_clk/X                      6      7        (VIOLATED)
clkbuf_leaf_83_clk/X                      6      7        (VIOLATED)
clkbuf_leaf_84_clk/X                      6      7        (VIOLATED)
clkbuf_leaf_90_clk/X                      6      7        (VIOLATED)
clkbuf_leaf_96_clk/X                      6      7        (VIOLATED)


======================= Typical Corner ===================================

max slew

Pin                                    Limit    Slew   Slack
------------------------------------------------------------
_24083_/A2                              0.75    0.78   -0.03 (VIOLATED)
ANTENNA__24083__A2/DIODE                0.75    0.78   -0.03 (VIOLATED)
ANTENNA__24036__A2/DIODE                0.75    0.78   -0.03 (VIOLATED)
_24036_/A2                              0.75    0.78   -0.03 (VIOLATED)
_24048_/A2                              0.75    0.78   -0.03 (VIOLATED)
_24055_/A2                              0.75    0.78   -0.03 (VIOLATED)
ANTENNA__24048__A2/DIODE                0.75    0.78   -0.03 (VIOLATED)
ANTENNA__24055__A2/DIODE                0.75    0.78   -0.03 (VIOLATED)
_24052_/B                               0.75    0.78   -0.03 (VIOLATED)
ANTENNA__24052__B/DIODE                 0.75    0.78   -0.03 (VIOLATED)
_24029_/Y                               0.75    0.78   -0.03 (VIOLATED)

max fanout

Pin                                   Limit Fanout  Slack
---------------------------------------------------------
clkbuf_4_9__f_clk/X                       6     24    -18 (VIOLATED)
clkbuf_4_10__f_clk/X                      6     20    -14 (VIOLATED)
clkbuf_4_11__f_clk/X                      6     20    -14 (VIOLATED)
clkbuf_4_14__f_clk/X                      6     20    -14 (VIOLATED)
clkbuf_4_8__f_clk/X                       6     20    -14 (VIOLATED)
clkbuf_4_12__f_clk/X                      6     18    -12 (VIOLATED)
clkbuf_4_6__f_clk/X                       6     18    -12 (VIOLATED)
clkbuf_4_13__f_clk/X                      6     16    -10 (VIOLATED)
clkbuf_4_1__f_clk/X                       6     16    -10 (VIOLATED)
clkbuf_4_4__f_clk/X                       6     16    -10 (VIOLATED)
clkbuf_4_15__f_clk/X                      6     14     -8 (VIOLATED)
clkbuf_4_3__f_clk/X                       6     14     -8 (VIOLATED)
clkbuf_4_7__f_clk/X                       6     14     -8 (VIOLATED)
clkbuf_leaf_58_clk/X                      6     14     -8 (VIOLATED)
_13264_/X                                 6     13     -7 (VIOLATED)
_15008_/X                                 6     13     -7 (VIOLATED)
_15245_/X                                 6     13     -7 (VIOLATED)
clkbuf_leaf_19_clk/X                      6     13     -7 (VIOLATED)
_13263_/X                                 6     12     -6 (VIOLATED)
_13265_/X                                 6     12     -6 (VIOLATED)
_13266_/X                                 6     12     -6 (VIOLATED)
_13267_/X                                 6     12     -6 (VIOLATED)
_13268_/X                                 6     12     -6 (VIOLATED)
_13269_/X                                 6     12     -6 (VIOLATED)
_13277_/X                                 6     12     -6 (VIOLATED)
_13278_/X                                 6     12     -6 (VIOLATED)
_13279_/X                                 6     12     -6 (VIOLATED)
_13280_/X                                 6     12     -6 (VIOLATED)
_13281_/X                                 6     12     -6 (VIOLATED)
_13282_/X                                 6     12     -6 (VIOLATED)
_13285_/X                                 6     12     -6 (VIOLATED)
_13286_/X                                 6     12     -6 (VIOLATED)
_13289_/X                                 6     12     -6 (VIOLATED)
_13290_/X                                 6     12     -6 (VIOLATED)
_13291_/X                                 6     12     -6 (VIOLATED)
_13294_/X                                 6     12     -6 (VIOLATED)
_13295_/X                                 6     12     -6 (VIOLATED)
_13297_/X                                 6     12     -6 (VIOLATED)
_13307_/X                                 6     12     -6 (VIOLATED)
_13308_/X                                 6     12     -6 (VIOLATED)
_13309_/X                                 6     12     -6 (VIOLATED)
_13310_/X                                 6     12     -6 (VIOLATED)
_13315_/X                                 6     12     -6 (VIOLATED)
_13323_/X                                 6     12     -6 (VIOLATED)
_13331_/X                                 6     12     -6 (VIOLATED)
_13332_/X                                 6     12     -6 (VIOLATED)
_13335_/X                                 6     12     -6 (VIOLATED)
_13336_/X                                 6     12     -6 (VIOLATED)
_13337_/X                                 6     12     -6 (VIOLATED)
_13338_/X                                 6     12     -6 (VIOLATED)
_13341_/X                                 6     12     -6 (VIOLATED)
_13342_/X                                 6     12     -6 (VIOLATED)
_13344_/X                                 6     12     -6 (VIOLATED)
_13345_/X                                 6     12     -6 (VIOLATED)
_13346_/X                                 6     12     -6 (VIOLATED)
_13347_/X                                 6     12     -6 (VIOLATED)
_13349_/X                                 6     12     -6 (VIOLATED)
_13354_/X                                 6     12     -6 (VIOLATED)
_13355_/X                                 6     12     -6 (VIOLATED)
_13356_/X                                 6     12     -6 (VIOLATED)
_13373_/X                                 6     12     -6 (VIOLATED)
_13374_/X                                 6     12     -6 (VIOLATED)
_13473_/X                                 6     12     -6 (VIOLATED)
_13476_/X                                 6     12     -6 (VIOLATED)
_13497_/X                                 6     12     -6 (VIOLATED)
_13553_/X                                 6     12     -6 (VIOLATED)
_13597_/X                                 6     12     -6 (VIOLATED)
_13598_/X                                 6     12     -6 (VIOLATED)
_13601_/X                                 6     12     -6 (VIOLATED)
_13602_/X                                 6     12     -6 (VIOLATED)
_13603_/X                                 6     12     -6 (VIOLATED)
_13605_/X                                 6     12     -6 (VIOLATED)
_13606_/X                                 6     12     -6 (VIOLATED)
_13607_/X                                 6     12     -6 (VIOLATED)
_13694_/X                                 6     12     -6 (VIOLATED)
_13695_/X                                 6     12     -6 (VIOLATED)
_13698_/X                                 6     12     -6 (VIOLATED)
_13699_/X                                 6     12     -6 (VIOLATED)
_13700_/X                                 6     12     -6 (VIOLATED)
_13704_/X                                 6     12     -6 (VIOLATED)
_13752_/X                                 6     12     -6 (VIOLATED)
_13760_/X                                 6     12     -6 (VIOLATED)
_13777_/X                                 6     12     -6 (VIOLATED)
_13781_/X                                 6     12     -6 (VIOLATED)
_13782_/X                                 6     12     -6 (VIOLATED)
_13783_/X                                 6     12     -6 (VIOLATED)
_13784_/X                                 6     12     -6 (VIOLATED)
_13847_/X                                 6     12     -6 (VIOLATED)
_13848_/X                                 6     12     -6 (VIOLATED)
_13850_/X                                 6     12     -6 (VIOLATED)
_13851_/X                                 6     12     -6 (VIOLATED)
_13852_/X                                 6     12     -6 (VIOLATED)
_13863_/X                                 6     12     -6 (VIOLATED)
_13914_/X                                 6     12     -6 (VIOLATED)
_13922_/X                                 6     12     -6 (VIOLATED)
_13931_/X                                 6     12     -6 (VIOLATED)
_13956_/X                                 6     12     -6 (VIOLATED)
_13958_/X                                 6     12     -6 (VIOLATED)
_13959_/X                                 6     12     -6 (VIOLATED)
_13961_/X                                 6     12     -6 (VIOLATED)
_13962_/X                                 6     12     -6 (VIOLATED)
_13999_/X                                 6     12     -6 (VIOLATED)
_14000_/X                                 6     12     -6 (VIOLATED)
_14001_/X                                 6     12     -6 (VIOLATED)
_14006_/X                                 6     12     -6 (VIOLATED)
_14008_/X                                 6     12     -6 (VIOLATED)
_14026_/X                                 6     12     -6 (VIOLATED)
_14029_/X                                 6     12     -6 (VIOLATED)
_14030_/X                                 6     12     -6 (VIOLATED)
_14031_/X                                 6     12     -6 (VIOLATED)
_14055_/X                                 6     12     -6 (VIOLATED)
_14059_/X                                 6     12     -6 (VIOLATED)
_14060_/Y                                 6     12     -6 (VIOLATED)
_14062_/X                                 6     12     -6 (VIOLATED)
_14063_/X                                 6     12     -6 (VIOLATED)
_14074_/X                                 6     12     -6 (VIOLATED)
_14076_/X                                 6     12     -6 (VIOLATED)
_14094_/X                                 6     12     -6 (VIOLATED)
_14100_/X                                 6     12     -6 (VIOLATED)
_14103_/X                                 6     12     -6 (VIOLATED)
_14104_/X                                 6     12     -6 (VIOLATED)
_14109_/X                                 6     12     -6 (VIOLATED)
_14112_/X                                 6     12     -6 (VIOLATED)
_14113_/X                                 6     12     -6 (VIOLATED)
_14134_/X                                 6     12     -6 (VIOLATED)
_14135_/X                                 6     12     -6 (VIOLATED)
_14137_/X                                 6     12     -6 (VIOLATED)
_14138_/X                                 6     12     -6 (VIOLATED)
_14139_/X                                 6     12     -6 (VIOLATED)
_14143_/X                                 6     12     -6 (VIOLATED)
_14148_/X                                 6     12     -6 (VIOLATED)
_14153_/X                                 6     12     -6 (VIOLATED)
_14156_/X                                 6     12     -6 (VIOLATED)
_14158_/X                                 6     12     -6 (VIOLATED)
_14162_/X                                 6     12     -6 (VIOLATED)
_14165_/X                                 6     12     -6 (VIOLATED)
_14167_/X                                 6     12     -6 (VIOLATED)
_14171_/X                                 6     12     -6 (VIOLATED)
_14172_/X                                 6     12     -6 (VIOLATED)
_14175_/X                                 6     12     -6 (VIOLATED)
_14179_/X                                 6     12     -6 (VIOLATED)
_14182_/X                                 6     12     -6 (VIOLATED)
_14185_/X                                 6     12     -6 (VIOLATED)
_14186_/X                                 6     12     -6 (VIOLATED)
_14191_/X                                 6     12     -6 (VIOLATED)
_14197_/X                                 6     12     -6 (VIOLATED)
_14202_/X                                 6     12     -6 (VIOLATED)
_14207_/X                                 6     12     -6 (VIOLATED)
_14211_/X                                 6     12     -6 (VIOLATED)
_14214_/X                                 6     12     -6 (VIOLATED)
_14215_/X                                 6     12     -6 (VIOLATED)
_14216_/X                                 6     12     -6 (VIOLATED)
_14219_/X                                 6     12     -6 (VIOLATED)
_14225_/X                                 6     12     -6 (VIOLATED)
_14230_/X                                 6     12     -6 (VIOLATED)
_14232_/X                                 6     12     -6 (VIOLATED)
_14237_/X                                 6     12     -6 (VIOLATED)
_14250_/X                                 6     12     -6 (VIOLATED)
_14266_/X                                 6     12     -6 (VIOLATED)
_14301_/X                                 6     12     -6 (VIOLATED)
_14320_/X                                 6     12     -6 (VIOLATED)
_14354_/X                                 6     12     -6 (VIOLATED)
_14395_/X                                 6     12     -6 (VIOLATED)
_14423_/X                                 6     12     -6 (VIOLATED)
_14430_/X                                 6     12     -6 (VIOLATED)
_14432_/X                                 6     12     -6 (VIOLATED)
_14437_/X                                 6     12     -6 (VIOLATED)
_14506_/X                                 6     12     -6 (VIOLATED)
_14811_/X                                 6     12     -6 (VIOLATED)
_14813_/X                                 6     12     -6 (VIOLATED)
_14822_/X                                 6     12     -6 (VIOLATED)
_14847_/X                                 6     12     -6 (VIOLATED)
_14849_/X                                 6     12     -6 (VIOLATED)
_14852_/X                                 6     12     -6 (VIOLATED)
_14877_/X                                 6     12     -6 (VIOLATED)
_14904_/X                                 6     12     -6 (VIOLATED)
_14913_/X                                 6     12     -6 (VIOLATED)
_14916_/X                                 6     12     -6 (VIOLATED)
_14934_/X                                 6     12     -6 (VIOLATED)
_14946_/X                                 6     12     -6 (VIOLATED)
_14961_/X                                 6     12     -6 (VIOLATED)
_14962_/X                                 6     12     -6 (VIOLATED)
_14984_/X                                 6     12     -6 (VIOLATED)
_14986_/X                                 6     12     -6 (VIOLATED)
_14991_/X                                 6     12     -6 (VIOLATED)
_14992_/X                                 6     12     -6 (VIOLATED)
_14993_/X                                 6     12     -6 (VIOLATED)
_14998_/X                                 6     12     -6 (VIOLATED)
_15002_/X                                 6     12     -6 (VIOLATED)
_15003_/X                                 6     12     -6 (VIOLATED)
_15011_/X                                 6     12     -6 (VIOLATED)
_15012_/X                                 6     12     -6 (VIOLATED)
_15013_/X                                 6     12     -6 (VIOLATED)
_15018_/X                                 6     12     -6 (VIOLATED)
_15019_/X                                 6     12     -6 (VIOLATED)
_15022_/X                                 6     12     -6 (VIOLATED)
_15026_/X                                 6     12     -6 (VIOLATED)
_15050_/X                                 6     12     -6 (VIOLATED)
_15052_/X                                 6     12     -6 (VIOLATED)
_15057_/X                                 6     12     -6 (VIOLATED)
_15073_/X                                 6     12     -6 (VIOLATED)
_15077_/X                                 6     12     -6 (VIOLATED)
_15080_/X                                 6     12     -6 (VIOLATED)
_15081_/X                                 6     12     -6 (VIOLATED)
_15109_/X                                 6     12     -6 (VIOLATED)
_15116_/X                                 6     12     -6 (VIOLATED)
_15134_/X                                 6     12     -6 (VIOLATED)
_15146_/X                                 6     12     -6 (VIOLATED)
_15149_/X                                 6     12     -6 (VIOLATED)
_15152_/X                                 6     12     -6 (VIOLATED)
_15230_/X                                 6     12     -6 (VIOLATED)
_15246_/X                                 6     12     -6 (VIOLATED)
_15250_/X                                 6     12     -6 (VIOLATED)
_15285_/X                                 6     12     -6 (VIOLATED)
_15373_/X                                 6     12     -6 (VIOLATED)
_15404_/X                                 6     12     -6 (VIOLATED)
_15459_/X                                 6     12     -6 (VIOLATED)
_15476_/X                                 6     12     -6 (VIOLATED)
_15535_/X                                 6     12     -6 (VIOLATED)
_15584_/X                                 6     12     -6 (VIOLATED)
_15585_/X                                 6     12     -6 (VIOLATED)
_15586_/X                                 6     12     -6 (VIOLATED)
_15596_/X                                 6     12     -6 (VIOLATED)
_15704_/X                                 6     12     -6 (VIOLATED)
_15705_/X                                 6     12     -6 (VIOLATED)
_15727_/X                                 6     12     -6 (VIOLATED)
_15742_/X                                 6     12     -6 (VIOLATED)
_15743_/X                                 6     12     -6 (VIOLATED)
_15763_/X                                 6     12     -6 (VIOLATED)
_15775_/X                                 6     12     -6 (VIOLATED)
_15784_/X                                 6     12     -6 (VIOLATED)
_15790_/X                                 6     12     -6 (VIOLATED)
_15803_/X                                 6     12     -6 (VIOLATED)
_15807_/X                                 6     12     -6 (VIOLATED)
_15812_/X                                 6     12     -6 (VIOLATED)
_15818_/X                                 6     12     -6 (VIOLATED)
_15824_/X                                 6     12     -6 (VIOLATED)
_15828_/X                                 6     12     -6 (VIOLATED)
_15830_/X                                 6     12     -6 (VIOLATED)
_15831_/X                                 6     12     -6 (VIOLATED)
_15836_/X                                 6     12     -6 (VIOLATED)
_15842_/X                                 6     12     -6 (VIOLATED)
_15847_/X                                 6     12     -6 (VIOLATED)
_15850_/X                                 6     12     -6 (VIOLATED)
_15854_/X                                 6     12     -6 (VIOLATED)
_15856_/X                                 6     12     -6 (VIOLATED)
_15859_/X                                 6     12     -6 (VIOLATED)
_15863_/X                                 6     12     -6 (VIOLATED)
_15867_/X                                 6     12     -6 (VIOLATED)
_15874_/X                                 6     12     -6 (VIOLATED)
_15877_/X                                 6     12     -6 (VIOLATED)
_15879_/X                                 6     12     -6 (VIOLATED)
_15896_/X                                 6     12     -6 (VIOLATED)
_15903_/X                                 6     12     -6 (VIOLATED)
_15907_/X                                 6     12     -6 (VIOLATED)
_15908_/X                                 6     12     -6 (VIOLATED)
_15960_/X                                 6     12     -6 (VIOLATED)
_15990_/X                                 6     12     -6 (VIOLATED)
_16024_/X                                 6     12     -6 (VIOLATED)
_16038_/X                                 6     12     -6 (VIOLATED)
_16046_/X                                 6     12     -6 (VIOLATED)
_16083_/X                                 6     12     -6 (VIOLATED)
_16090_/X                                 6     12     -6 (VIOLATED)
_16095_/X                                 6     12     -6 (VIOLATED)
_16098_/X                                 6     12     -6 (VIOLATED)
_16257_/X                                 6     12     -6 (VIOLATED)
_16372_/X                                 6     12     -6 (VIOLATED)
_16397_/X                                 6     12     -6 (VIOLATED)
_16403_/X                                 6     12     -6 (VIOLATED)
_16448_/X                                 6     12     -6 (VIOLATED)
_16481_/X                                 6     12     -6 (VIOLATED)
_16520_/X                                 6     12     -6 (VIOLATED)
_16524_/X                                 6     12     -6 (VIOLATED)
_16525_/X                                 6     12     -6 (VIOLATED)
_16608_/X                                 6     12     -6 (VIOLATED)
_16616_/X                                 6     12     -6 (VIOLATED)
_16626_/X                                 6     12     -6 (VIOLATED)
_16639_/X                                 6     12     -6 (VIOLATED)
_16654_/X                                 6     12     -6 (VIOLATED)
_16657_/X                                 6     12     -6 (VIOLATED)
_16660_/X                                 6     12     -6 (VIOLATED)
_16665_/X                                 6     12     -6 (VIOLATED)
_16669_/X                                 6     12     -6 (VIOLATED)
_16672_/X                                 6     12     -6 (VIOLATED)
_16674_/X                                 6     12     -6 (VIOLATED)
_16675_/X                                 6     12     -6 (VIOLATED)
_16678_/X                                 6     12     -6 (VIOLATED)
_16681_/X                                 6     12     -6 (VIOLATED)
_16686_/X                                 6     12     -6 (VIOLATED)
_16687_/X                                 6     12     -6 (VIOLATED)
_16692_/X                                 6     12     -6 (VIOLATED)
_16693_/X                                 6     12     -6 (VIOLATED)
_16694_/X                                 6     12     -6 (VIOLATED)
_16698_/X                                 6     12     -6 (VIOLATED)
_16699_/X                                 6     12     -6 (VIOLATED)
_16703_/X                                 6     12     -6 (VIOLATED)
_16704_/X                                 6     12     -6 (VIOLATED)
_16707_/X                                 6     12     -6 (VIOLATED)
_16708_/X                                 6     12     -6 (VIOLATED)
_16710_/X                                 6     12     -6 (VIOLATED)
_16711_/X                                 6     12     -6 (VIOLATED)
_16714_/X                                 6     12     -6 (VIOLATED)
_16717_/X                                 6     12     -6 (VIOLATED)
_16722_/X                                 6     12     -6 (VIOLATED)
_16725_/X                                 6     12     -6 (VIOLATED)
_16728_/X                                 6     12     -6 (VIOLATED)
_16734_/X                                 6     12     -6 (VIOLATED)
_16735_/X                                 6     12     -6 (VIOLATED)
_16792_/X                                 6     12     -6 (VIOLATED)
_16796_/X                                 6     12     -6 (VIOLATED)
_17207_/X                                 6     12     -6 (VIOLATED)
_17265_/X                                 6     12     -6 (VIOLATED)
_17305_/X                                 6     12     -6 (VIOLATED)
_17369_/X                                 6     12     -6 (VIOLATED)
_17386_/Y                                 6     12     -6 (VIOLATED)
_17419_/X                                 6     12     -6 (VIOLATED)
_17444_/X                                 6     12     -6 (VIOLATED)
_17473_/X                                 6     12     -6 (VIOLATED)
_17481_/X                                 6     12     -6 (VIOLATED)
_17487_/X                                 6     12     -6 (VIOLATED)
_17491_/X                                 6     12     -6 (VIOLATED)
_17496_/X                                 6     12     -6 (VIOLATED)
_17499_/X                                 6     12     -6 (VIOLATED)
_17500_/X                                 6     12     -6 (VIOLATED)
_17502_/X                                 6     12     -6 (VIOLATED)
_17507_/X                                 6     12     -6 (VIOLATED)
_17510_/X                                 6     12     -6 (VIOLATED)
_17511_/X                                 6     12     -6 (VIOLATED)
_17517_/X                                 6     12     -6 (VIOLATED)
_17528_/X                                 6     12     -6 (VIOLATED)
_17534_/X                                 6     12     -6 (VIOLATED)
_17539_/X                                 6     12     -6 (VIOLATED)
_17540_/X                                 6     12     -6 (VIOLATED)
_17543_/X                                 6     12     -6 (VIOLATED)
_17545_/X                                 6     12     -6 (VIOLATED)
_17546_/X                                 6     12     -6 (VIOLATED)
_17550_/X                                 6     12     -6 (VIOLATED)
_17551_/X                                 6     12     -6 (VIOLATED)
_17554_/X                                 6     12     -6 (VIOLATED)
_17558_/X                                 6     12     -6 (VIOLATED)
_17561_/X                                 6     12     -6 (VIOLATED)
_17568_/X                                 6     12     -6 (VIOLATED)
_17647_/X                                 6     12     -6 (VIOLATED)
_17701_/X                                 6     12     -6 (VIOLATED)
_18191_/X                                 6     12     -6 (VIOLATED)
_18208_/Y                                 6     12     -6 (VIOLATED)
_18241_/X                                 6     12     -6 (VIOLATED)
_18296_/X                                 6     12     -6 (VIOLATED)
_18321_/X                                 6     12     -6 (VIOLATED)
_18331_/X                                 6     12     -6 (VIOLATED)
_18335_/X                                 6     12     -6 (VIOLATED)
_18336_/X                                 6     12     -6 (VIOLATED)
_18339_/X                                 6     12     -6 (VIOLATED)
_18341_/X                                 6     12     -6 (VIOLATED)
_18342_/X                                 6     12     -6 (VIOLATED)
_18347_/X                                 6     12     -6 (VIOLATED)
_18352_/X                                 6     12     -6 (VIOLATED)
_18355_/X                                 6     12     -6 (VIOLATED)
_18357_/X                                 6     12     -6 (VIOLATED)
_18363_/X                                 6     12     -6 (VIOLATED)
_18364_/X                                 6     12     -6 (VIOLATED)
_18380_/X                                 6     12     -6 (VIOLATED)
_18392_/X                                 6     12     -6 (VIOLATED)
_18393_/X                                 6     12     -6 (VIOLATED)
_18396_/X                                 6     12     -6 (VIOLATED)
_18402_/X                                 6     12     -6 (VIOLATED)
_18410_/X                                 6     12     -6 (VIOLATED)
_18418_/X                                 6     12     -6 (VIOLATED)
_18434_/X                                 6     12     -6 (VIOLATED)
_18471_/X                                 6     12     -6 (VIOLATED)
_18484_/X                                 6     12     -6 (VIOLATED)
_18544_/X                                 6     12     -6 (VIOLATED)
_18727_/X                                 6     12     -6 (VIOLATED)
_18801_/X                                 6     12     -6 (VIOLATED)
_18920_/X                                 6     12     -6 (VIOLATED)
_18955_/X                                 6     12     -6 (VIOLATED)
_19048_/X                                 6     12     -6 (VIOLATED)
_19057_/Y                                 6     12     -6 (VIOLATED)
_19066_/X                                 6     12     -6 (VIOLATED)
_19072_/X                                 6     12     -6 (VIOLATED)
_19098_/X                                 6     12     -6 (VIOLATED)
_19106_/X                                 6     12     -6 (VIOLATED)
_19107_/X                                 6     12     -6 (VIOLATED)
_19122_/X                                 6     12     -6 (VIOLATED)
_19123_/X                                 6     12     -6 (VIOLATED)
_19132_/X                                 6     12     -6 (VIOLATED)
_19136_/X                                 6     12     -6 (VIOLATED)
_19153_/X                                 6     12     -6 (VIOLATED)
_19159_/X                                 6     12     -6 (VIOLATED)
_19160_/X                                 6     12     -6 (VIOLATED)
_19168_/X                                 6     12     -6 (VIOLATED)
_19173_/X                                 6     12     -6 (VIOLATED)
_19201_/X                                 6     12     -6 (VIOLATED)
_19207_/X                                 6     12     -6 (VIOLATED)
_19208_/X                                 6     12     -6 (VIOLATED)
_19350_/X                                 6     12     -6 (VIOLATED)
_19351_/X                                 6     12     -6 (VIOLATED)
_19397_/X                                 6     12     -6 (VIOLATED)
_19444_/X                                 6     12     -6 (VIOLATED)
_19555_/X                                 6     12     -6 (VIOLATED)
_19579_/X                                 6     12     -6 (VIOLATED)
_19667_/X                                 6     12     -6 (VIOLATED)
_19724_/X                                 6     12     -6 (VIOLATED)
_19761_/X                                 6     12     -6 (VIOLATED)
_19770_/X                                 6     12     -6 (VIOLATED)
_19847_/X                                 6     12     -6 (VIOLATED)
_19849_/X                                 6     12     -6 (VIOLATED)
_19895_/X                                 6     12     -6 (VIOLATED)
_19904_/X                                 6     12     -6 (VIOLATED)
_19928_/X                                 6     12     -6 (VIOLATED)
_19929_/X                                 6     12     -6 (VIOLATED)
_19935_/X                                 6     12     -6 (VIOLATED)
_19936_/X                                 6     12     -6 (VIOLATED)
_19941_/X                                 6     12     -6 (VIOLATED)
_19942_/X                                 6     12     -6 (VIOLATED)
_19948_/X                                 6     12     -6 (VIOLATED)
_19949_/X                                 6     12     -6 (VIOLATED)
_19954_/X                                 6     12     -6 (VIOLATED)
_19957_/X                                 6     12     -6 (VIOLATED)
_19961_/X                                 6     12     -6 (VIOLATED)
_19966_/X                                 6     12     -6 (VIOLATED)
_19972_/X                                 6     12     -6 (VIOLATED)
_19978_/X                                 6     12     -6 (VIOLATED)
_19990_/X                                 6     12     -6 (VIOLATED)
_20086_/X                                 6     12     -6 (VIOLATED)
_20514_/X                                 6     12     -6 (VIOLATED)
_20550_/X                                 6     12     -6 (VIOLATED)
_20672_/X                                 6     12     -6 (VIOLATED)
_20713_/X                                 6     12     -6 (VIOLATED)
_20718_/X                                 6     12     -6 (VIOLATED)
_20724_/X                                 6     12     -6 (VIOLATED)
_20728_/X                                 6     12     -6 (VIOLATED)
_20731_/X                                 6     12     -6 (VIOLATED)
_20737_/X                                 6     12     -6 (VIOLATED)
_20740_/X                                 6     12     -6 (VIOLATED)
_20743_/X                                 6     12     -6 (VIOLATED)
_20749_/X                                 6     12     -6 (VIOLATED)
_20752_/X                                 6     12     -6 (VIOLATED)
_20767_/X                                 6     12     -6 (VIOLATED)
_20792_/X                                 6     12     -6 (VIOLATED)
_20822_/X                                 6     12     -6 (VIOLATED)
_20849_/X                                 6     12     -6 (VIOLATED)
_20944_/X                                 6     12     -6 (VIOLATED)
_21007_/X                                 6     12     -6 (VIOLATED)
_21266_/X                                 6     12     -6 (VIOLATED)
_21267_/X                                 6     12     -6 (VIOLATED)
_21348_/X                                 6     12     -6 (VIOLATED)
_21384_/Y                                 6     12     -6 (VIOLATED)
_21385_/X                                 6     12     -6 (VIOLATED)
_21411_/X                                 6     12     -6 (VIOLATED)
_21416_/X                                 6     12     -6 (VIOLATED)
_21447_/X                                 6     12     -6 (VIOLATED)
_21463_/X                                 6     12     -6 (VIOLATED)
_21469_/X                                 6     12     -6 (VIOLATED)
_21473_/X                                 6     12     -6 (VIOLATED)
_21476_/X                                 6     12     -6 (VIOLATED)
_21480_/X                                 6     12     -6 (VIOLATED)
_21485_/X                                 6     12     -6 (VIOLATED)
_21488_/X                                 6     12     -6 (VIOLATED)
_21489_/X                                 6     12     -6 (VIOLATED)
_21491_/X                                 6     12     -6 (VIOLATED)
_21492_/X                                 6     12     -6 (VIOLATED)
_21496_/X                                 6     12     -6 (VIOLATED)
_21502_/X                                 6     12     -6 (VIOLATED)
_21663_/Y                                 6     12     -6 (VIOLATED)
_21686_/X                                 6     12     -6 (VIOLATED)
_21752_/X                                 6     12     -6 (VIOLATED)
_22148_/X                                 6     12     -6 (VIOLATED)
_22211_/X                                 6     12     -6 (VIOLATED)
_22222_/X                                 6     12     -6 (VIOLATED)
_22247_/X                                 6     12     -6 (VIOLATED)
_22267_/X                                 6     12     -6 (VIOLATED)
_22281_/X                                 6     12     -6 (VIOLATED)
_22282_/X                                 6     12     -6 (VIOLATED)
_22323_/X                                 6     12     -6 (VIOLATED)
_22324_/X                                 6     12     -6 (VIOLATED)
_22343_/X                                 6     12     -6 (VIOLATED)
_22356_/X                                 6     12     -6 (VIOLATED)
_22357_/X                                 6     12     -6 (VIOLATED)
_22370_/X                                 6     12     -6 (VIOLATED)
_22401_/X                                 6     12     -6 (VIOLATED)
_22402_/X                                 6     12     -6 (VIOLATED)
_22445_/X                                 6     12     -6 (VIOLATED)
_22458_/X                                 6     12     -6 (VIOLATED)
_22484_/X                                 6     12     -6 (VIOLATED)
_22486_/X                                 6     12     -6 (VIOLATED)
_22488_/X                                 6     12     -6 (VIOLATED)
_22496_/X                                 6     12     -6 (VIOLATED)
_22515_/X                                 6     12     -6 (VIOLATED)
_22517_/X                                 6     12     -6 (VIOLATED)
_22518_/X                                 6     12     -6 (VIOLATED)
_22557_/X                                 6     12     -6 (VIOLATED)
_22594_/Y                                 6     12     -6 (VIOLATED)
_22598_/X                                 6     12     -6 (VIOLATED)
_22708_/X                                 6     12     -6 (VIOLATED)
_22833_/X                                 6     12     -6 (VIOLATED)
_22867_/X                                 6     12     -6 (VIOLATED)
_22894_/X                                 6     12     -6 (VIOLATED)
_22926_/X                                 6     12     -6 (VIOLATED)
_23034_/X                                 6     12     -6 (VIOLATED)
_23035_/X                                 6     12     -6 (VIOLATED)
_23041_/X                                 6     12     -6 (VIOLATED)
_23124_/X                                 6     12     -6 (VIOLATED)
_23163_/X                                 6     12     -6 (VIOLATED)
_23177_/Y                                 6     12     -6 (VIOLATED)
_23242_/X                                 6     12     -6 (VIOLATED)
_23245_/Y                                 6     12     -6 (VIOLATED)
_23249_/X                                 6     12     -6 (VIOLATED)
_23256_/X                                 6     12     -6 (VIOLATED)
_23259_/X                                 6     12     -6 (VIOLATED)
_23262_/X                                 6     12     -6 (VIOLATED)
_23266_/X                                 6     12     -6 (VIOLATED)
_23271_/X                                 6     12     -6 (VIOLATED)
_23276_/X                                 6     12     -6 (VIOLATED)
_23282_/X                                 6     12     -6 (VIOLATED)
_23283_/X                                 6     12     -6 (VIOLATED)
_23287_/X                                 6     12     -6 (VIOLATED)
_23289_/X                                 6     12     -6 (VIOLATED)
_23295_/X                                 6     12     -6 (VIOLATED)
_23301_/X                                 6     12     -6 (VIOLATED)
_23305_/X                                 6     12     -6 (VIOLATED)
_23307_/X                                 6     12     -6 (VIOLATED)
_23313_/X                                 6     12     -6 (VIOLATED)
_23319_/X                                 6     12     -6 (VIOLATED)
_23325_/X                                 6     12     -6 (VIOLATED)
_23333_/X                                 6     12     -6 (VIOLATED)
_23349_/X                                 6     12     -6 (VIOLATED)
_23362_/X                                 6     12     -6 (VIOLATED)
_23489_/X                                 6     12     -6 (VIOLATED)
_23554_/X                                 6     12     -6 (VIOLATED)
_23697_/X                                 6     12     -6 (VIOLATED)
_23756_/X                                 6     12     -6 (VIOLATED)
_23758_/X                                 6     12     -6 (VIOLATED)
_23882_/X                                 6     12     -6 (VIOLATED)
_23966_/X                                 6     12     -6 (VIOLATED)
_23991_/X                                 6     12     -6 (VIOLATED)
_24037_/X                                 6     12     -6 (VIOLATED)
_24043_/X                                 6     12     -6 (VIOLATED)
_24054_/X                                 6     12     -6 (VIOLATED)
_24061_/X                                 6     12     -6 (VIOLATED)
_24098_/X                                 6     12     -6 (VIOLATED)
_24101_/X                                 6     12     -6 (VIOLATED)
_24106_/X                                 6     12     -6 (VIOLATED)
_24107_/X                                 6     12     -6 (VIOLATED)
_24112_/X                                 6     12     -6 (VIOLATED)
_24113_/X                                 6     12     -6 (VIOLATED)
_24118_/X                                 6     12     -6 (VIOLATED)
_24123_/X                                 6     12     -6 (VIOLATED)
_24126_/X                                 6     12     -6 (VIOLATED)
_24129_/X                                 6     12     -6 (VIOLATED)
_24132_/X                                 6     12     -6 (VIOLATED)
_24142_/X                                 6     12     -6 (VIOLATED)
_24156_/X                                 6     12     -6 (VIOLATED)
_24161_/X                                 6     12     -6 (VIOLATED)
_24164_/X                                 6     12     -6 (VIOLATED)
_24177_/X                                 6     12     -6 (VIOLATED)
_24190_/X                                 6     12     -6 (VIOLATED)
_24244_/Y                                 6     12     -6 (VIOLATED)
_24318_/X                                 6     12     -6 (VIOLATED)
_24358_/X                                 6     12     -6 (VIOLATED)
_24395_/X                                 6     12     -6 (VIOLATED)
_24538_/X                                 6     12     -6 (VIOLATED)
_24780_/X                                 6     12     -6 (VIOLATED)
_24782_/X                                 6     12     -6 (VIOLATED)
_24805_/X                                 6     12     -6 (VIOLATED)
_24835_/X                                 6     12     -6 (VIOLATED)
_24836_/Y                                 6     12     -6 (VIOLATED)
_24837_/X                                 6     12     -6 (VIOLATED)
_24909_/X                                 6     12     -6 (VIOLATED)
_24912_/X                                 6     12     -6 (VIOLATED)
_24919_/X                                 6     12     -6 (VIOLATED)
_24925_/X                                 6     12     -6 (VIOLATED)
_24938_/X                                 6     12     -6 (VIOLATED)
_24941_/X                                 6     12     -6 (VIOLATED)
_24944_/X                                 6     12     -6 (VIOLATED)
_24949_/X                                 6     12     -6 (VIOLATED)
_24953_/X                                 6     12     -6 (VIOLATED)
_24956_/X                                 6     12     -6 (VIOLATED)
_24959_/X                                 6     12     -6 (VIOLATED)
_24969_/X                                 6     12     -6 (VIOLATED)
_24973_/X                                 6     12     -6 (VIOLATED)
_24975_/X                                 6     12     -6 (VIOLATED)
_24988_/X                                 6     12     -6 (VIOLATED)
_25002_/X                                 6     12     -6 (VIOLATED)
_25004_/X                                 6     12     -6 (VIOLATED)
_25132_/X                                 6     12     -6 (VIOLATED)
_25178_/X                                 6     12     -6 (VIOLATED)
_25332_/X                                 6     12     -6 (VIOLATED)
_25381_/X                                 6     12     -6 (VIOLATED)
_25584_/X                                 6     12     -6 (VIOLATED)
_25652_/X                                 6     12     -6 (VIOLATED)
_25710_/X                                 6     12     -6 (VIOLATED)
_25713_/X                                 6     12     -6 (VIOLATED)
_25718_/X                                 6     12     -6 (VIOLATED)
_25723_/X                                 6     12     -6 (VIOLATED)
_25727_/X                                 6     12     -6 (VIOLATED)
_25729_/X                                 6     12     -6 (VIOLATED)
_25764_/X                                 6     12     -6 (VIOLATED)
_25883_/X                                 6     12     -6 (VIOLATED)
_25922_/X                                 6     12     -6 (VIOLATED)
_25926_/X                                 6     12     -6 (VIOLATED)
_26384_/X                                 6     12     -6 (VIOLATED)
_26486_/X                                 6     12     -6 (VIOLATED)
_26491_/X                                 6     12     -6 (VIOLATED)
_26492_/X                                 6     12     -6 (VIOLATED)
_26527_/Q                                 6     12     -6 (VIOLATED)
_26529_/Q                                 6     12     -6 (VIOLATED)
_26549_/Q                                 6     12     -6 (VIOLATED)
_26551_/Q                                 6     12     -6 (VIOLATED)
_26560_/Q                                 6     12     -6 (VIOLATED)
_26575_/Q                                 6     12     -6 (VIOLATED)
_26576_/Q                                 6     12     -6 (VIOLATED)
_26577_/Q                                 6     12     -6 (VIOLATED)
_26582_/Q                                 6     12     -6 (VIOLATED)
_26625_/Q                                 6     12     -6 (VIOLATED)
_26630_/Q                                 6     12     -6 (VIOLATED)
_26637_/Q                                 6     12     -6 (VIOLATED)
_26644_/Q                                 6     12     -6 (VIOLATED)
_26645_/Q                                 6     12     -6 (VIOLATED)
_26673_/Q                                 6     12     -6 (VIOLATED)
_26680_/Q                                 6     12     -6 (VIOLATED)
_26711_/Q                                 6     12     -6 (VIOLATED)
_26714_/Q                                 6     12     -6 (VIOLATED)
_26718_/Q                                 6     12     -6 (VIOLATED)
_26728_/Q                                 6     12     -6 (VIOLATED)
_26737_/Q                                 6     12     -6 (VIOLATED)
_26759_/Q                                 6     12     -6 (VIOLATED)
_26763_/Q                                 6     12     -6 (VIOLATED)
_26768_/Q                                 6     12     -6 (VIOLATED)
_26769_/Q                                 6     12     -6 (VIOLATED)
_26793_/Q                                 6     12     -6 (VIOLATED)
_26794_/Q                                 6     12     -6 (VIOLATED)
_26795_/Q                                 6     12     -6 (VIOLATED)
_26805_/Q                                 6     12     -6 (VIOLATED)
_26814_/Q                                 6     12     -6 (VIOLATED)
_26850_/Q                                 6     12     -6 (VIOLATED)
_26857_/Q                                 6     12     -6 (VIOLATED)
_26864_/Q                                 6     12     -6 (VIOLATED)
_26887_/Q                                 6     12     -6 (VIOLATED)
_26888_/Q                                 6     12     -6 (VIOLATED)
_26889_/Q                                 6     12     -6 (VIOLATED)
_26910_/Q                                 6     12     -6 (VIOLATED)
_26913_/Q                                 6     12     -6 (VIOLATED)
_26927_/Q                                 6     12     -6 (VIOLATED)
_26971_/Q                                 6     12     -6 (VIOLATED)
_26989_/Q                                 6     12     -6 (VIOLATED)
_27026_/Q                                 6     12     -6 (VIOLATED)
_27072_/Q                                 6     12     -6 (VIOLATED)
_27094_/Q                                 6     12     -6 (VIOLATED)
_27101_/Q                                 6     12     -6 (VIOLATED)
_27105_/Q                                 6     12     -6 (VIOLATED)
_27120_/Q                                 6     12     -6 (VIOLATED)
_27128_/Q                                 6     12     -6 (VIOLATED)
_27143_/Q                                 6     12     -6 (VIOLATED)
_27145_/Q                                 6     12     -6 (VIOLATED)
_27146_/Q                                 6     12     -6 (VIOLATED)
_27166_/Q                                 6     12     -6 (VIOLATED)
_27194_/Q                                 6     12     -6 (VIOLATED)
_27195_/Q                                 6     12     -6 (VIOLATED)
_27238_/Q                                 6     12     -6 (VIOLATED)
_27239_/Q                                 6     12     -6 (VIOLATED)
_27241_/Q                                 6     12     -6 (VIOLATED)
_27256_/Q                                 6     12     -6 (VIOLATED)
_27260_/Q                                 6     12     -6 (VIOLATED)
_27261_/Q                                 6     12     -6 (VIOLATED)
_27263_/Q                                 6     12     -6 (VIOLATED)
_27278_/Q                                 6     12     -6 (VIOLATED)
_27279_/Q                                 6     12     -6 (VIOLATED)
_27315_/Q                                 6     12     -6 (VIOLATED)
clkbuf_4_0__f_clk/X                       6     12     -6 (VIOLATED)
clkbuf_4_2__f_clk/X                       6     12     -6 (VIOLATED)
clkbuf_leaf_17_clk/X                      6     12     -6 (VIOLATED)
fanout596/X                               6     12     -6 (VIOLATED)
fanout599/X                               6     12     -6 (VIOLATED)
fanout600/X                               6     12     -6 (VIOLATED)
fanout601/X                               6     12     -6 (VIOLATED)
fanout602/X                               6     12     -6 (VIOLATED)
fanout604/X                               6     12     -6 (VIOLATED)
fanout605/X                               6     12     -6 (VIOLATED)
fanout606/X                               6     12     -6 (VIOLATED)
fanout609/X                               6     12     -6 (VIOLATED)
input26/X                                 6     12     -6 (VIOLATED)
input28/X                                 6     12     -6 (VIOLATED)
input29/X                                 6     12     -6 (VIOLATED)
input55/X                                 6     12     -6 (VIOLATED)
input58/X                                 6     12     -6 (VIOLATED)
clkbuf_leaf_16_clk/X                      6     11     -5 (VIOLATED)
clkbuf_leaf_25_clk/X                      6     11     -5 (VIOLATED)
clkbuf_leaf_5_clk/X                       6     11     -5 (VIOLATED)
clkbuf_leaf_75_clk/X                      6     11     -5 (VIOLATED)
_14050_/Y                                 6     10     -4 (VIOLATED)
_14067_/Y                                 6     10     -4 (VIOLATED)
_14668_/Y                                 6     10     -4 (VIOLATED)
_15869_/X                                 6     10     -4 (VIOLATED)
_16556_/Y                                 6     10     -4 (VIOLATED)
_16560_/Y                                 6     10     -4 (VIOLATED)
_17635_/Y                                 6     10     -4 (VIOLATED)
_18189_/Y                                 6     10     -4 (VIOLATED)
_19039_/Y                                 6     10     -4 (VIOLATED)
_21234_/Y                                 6     10     -4 (VIOLATED)
_23460_/Y                                 6     10     -4 (VIOLATED)
_24008_/Y                                 6     10     -4 (VIOLATED)
_24029_/Y                                 6     10     -4 (VIOLATED)
_24166_/X                                 6     10     -4 (VIOLATED)
_25026_/Y                                 6     10     -4 (VIOLATED)
_25091_/Y                                 6     10     -4 (VIOLATED)
_26417_/Y                                 6     10     -4 (VIOLATED)
_26518_/Q                                 6     10     -4 (VIOLATED)
_26519_/Q                                 6     10     -4 (VIOLATED)
_26520_/Q                                 6     10     -4 (VIOLATED)
_26522_/Q                                 6     10     -4 (VIOLATED)
_26530_/Q                                 6     10     -4 (VIOLATED)
_26532_/Q                                 6     10     -4 (VIOLATED)
_26534_/Q                                 6     10     -4 (VIOLATED)
_26538_/Q                                 6     10     -4 (VIOLATED)
_26542_/Q                                 6     10     -4 (VIOLATED)
_26544_/Q                                 6     10     -4 (VIOLATED)
_26552_/Q                                 6     10     -4 (VIOLATED)
_26554_/Q                                 6     10     -4 (VIOLATED)
_26559_/Q                                 6     10     -4 (VIOLATED)
_26563_/Q                                 6     10     -4 (VIOLATED)
_26566_/Q                                 6     10     -4 (VIOLATED)
_26568_/Q                                 6     10     -4 (VIOLATED)
_26570_/Q                                 6     10     -4 (VIOLATED)
_26573_/Q                                 6     10     -4 (VIOLATED)
_26574_/Q                                 6     10     -4 (VIOLATED)
_26580_/Q                                 6     10     -4 (VIOLATED)
_26584_/Q                                 6     10     -4 (VIOLATED)
_26585_/Q                                 6     10     -4 (VIOLATED)
_26588_/Q                                 6     10     -4 (VIOLATED)
_26590_/Q                                 6     10     -4 (VIOLATED)
_26592_/Q                                 6     10     -4 (VIOLATED)
_26615_/Q                                 6     10     -4 (VIOLATED)
_26617_/Q                                 6     10     -4 (VIOLATED)
_26618_/Q                                 6     10     -4 (VIOLATED)
_26623_/Q                                 6     10     -4 (VIOLATED)
_26628_/Q                                 6     10     -4 (VIOLATED)
_26633_/Q                                 6     10     -4 (VIOLATED)
_26634_/Q                                 6     10     -4 (VIOLATED)
_26641_/Q                                 6     10     -4 (VIOLATED)
_26648_/Q                                 6     10     -4 (VIOLATED)
_26654_/Q                                 6     10     -4 (VIOLATED)
_26656_/Q                                 6     10     -4 (VIOLATED)
_26664_/Q                                 6     10     -4 (VIOLATED)
_26665_/Q                                 6     10     -4 (VIOLATED)
_26668_/Q                                 6     10     -4 (VIOLATED)
_26670_/Q                                 6     10     -4 (VIOLATED)
_26676_/Q                                 6     10     -4 (VIOLATED)
_26678_/Q                                 6     10     -4 (VIOLATED)
_26691_/Q                                 6     10     -4 (VIOLATED)
_26702_/Q                                 6     10     -4 (VIOLATED)
_26703_/Q                                 6     10     -4 (VIOLATED)
_26704_/Q                                 6     10     -4 (VIOLATED)
_26706_/Q                                 6     10     -4 (VIOLATED)
_26716_/Q                                 6     10     -4 (VIOLATED)
_26720_/Q                                 6     10     -4 (VIOLATED)
_26724_/Q                                 6     10     -4 (VIOLATED)
_26726_/Q                                 6     10     -4 (VIOLATED)
_26730_/Q                                 6     10     -4 (VIOLATED)
_26732_/Q                                 6     10     -4 (VIOLATED)
_26741_/Q                                 6     10     -4 (VIOLATED)
_26752_/Q                                 6     10     -4 (VIOLATED)
_26754_/Q                                 6     10     -4 (VIOLATED)
_26760_/Q                                 6     10     -4 (VIOLATED)
_26762_/Q                                 6     10     -4 (VIOLATED)
_26764_/Q                                 6     10     -4 (VIOLATED)
_26766_/Q                                 6     10     -4 (VIOLATED)
_26770_/Q                                 6     10     -4 (VIOLATED)
_26772_/Q                                 6     10     -4 (VIOLATED)
_26776_/Q                                 6     10     -4 (VIOLATED)
_26778_/Q                                 6     10     -4 (VIOLATED)
_26798_/Q                                 6     10     -4 (VIOLATED)
_26801_/Q                                 6     10     -4 (VIOLATED)
_26803_/Q                                 6     10     -4 (VIOLATED)
_26804_/Q                                 6     10     -4 (VIOLATED)
_26807_/Q                                 6     10     -4 (VIOLATED)
_26808_/Q                                 6     10     -4 (VIOLATED)
_26812_/Q                                 6     10     -4 (VIOLATED)
_26817_/Q                                 6     10     -4 (VIOLATED)
_26820_/Q                                 6     10     -4 (VIOLATED)
_26822_/Q                                 6     10     -4 (VIOLATED)
_26826_/Q                                 6     10     -4 (VIOLATED)
_26833_/Q                                 6     10     -4 (VIOLATED)
_26838_/Q                                 6     10     -4 (VIOLATED)
_26840_/Q                                 6     10     -4 (VIOLATED)
_26847_/Q                                 6     10     -4 (VIOLATED)
_26849_/Q                                 6     10     -4 (VIOLATED)
_26851_/Q                                 6     10     -4 (VIOLATED)
_26852_/Q                                 6     10     -4 (VIOLATED)
_26854_/Q                                 6     10     -4 (VIOLATED)
_26858_/Q                                 6     10     -4 (VIOLATED)
_26866_/Q                                 6     10     -4 (VIOLATED)
_26878_/Q                                 6     10     -4 (VIOLATED)
_26880_/Q                                 6     10     -4 (VIOLATED)
_26882_/Q                                 6     10     -4 (VIOLATED)
_26892_/Q                                 6     10     -4 (VIOLATED)
_26894_/Q                                 6     10     -4 (VIOLATED)
_26898_/Q                                 6     10     -4 (VIOLATED)
_26904_/Q                                 6     10     -4 (VIOLATED)
_26924_/Q                                 6     10     -4 (VIOLATED)
_26931_/Q                                 6     10     -4 (VIOLATED)
_26934_/Q                                 6     10     -4 (VIOLATED)
_26936_/Q                                 6     10     -4 (VIOLATED)
_26940_/Q                                 6     10     -4 (VIOLATED)
_26944_/Q                                 6     10     -4 (VIOLATED)
_26948_/Q                                 6     10     -4 (VIOLATED)
_26956_/Q                                 6     10     -4 (VIOLATED)
_26960_/Q                                 6     10     -4 (VIOLATED)
_26965_/Q                                 6     10     -4 (VIOLATED)
_26967_/Q                                 6     10     -4 (VIOLATED)
_26970_/Q                                 6     10     -4 (VIOLATED)
_26973_/Q                                 6     10     -4 (VIOLATED)
_26975_/Q                                 6     10     -4 (VIOLATED)
_26978_/Q                                 6     10     -4 (VIOLATED)
_26980_/Q                                 6     10     -4 (VIOLATED)
_26982_/Q                                 6     10     -4 (VIOLATED)
_26984_/Q                                 6     10     -4 (VIOLATED)
_27029_/Q                                 6     10     -4 (VIOLATED)
_27071_/Q                                 6     10     -4 (VIOLATED)
_27079_/Q                                 6     10     -4 (VIOLATED)
_27080_/Q                                 6     10     -4 (VIOLATED)
_27092_/Q                                 6     10     -4 (VIOLATED)
_27097_/Q                                 6     10     -4 (VIOLATED)
_27110_/Q                                 6     10     -4 (VIOLATED)
_27112_/Q                                 6     10     -4 (VIOLATED)
_27117_/Q                                 6     10     -4 (VIOLATED)
_27122_/Q                                 6     10     -4 (VIOLATED)
_27134_/Q                                 6     10     -4 (VIOLATED)
_27135_/Q                                 6     10     -4 (VIOLATED)
_27136_/Q                                 6     10     -4 (VIOLATED)
_27138_/Q                                 6     10     -4 (VIOLATED)
_27140_/Q                                 6     10     -4 (VIOLATED)
_27148_/Q                                 6     10     -4 (VIOLATED)
_27150_/Q                                 6     10     -4 (VIOLATED)
_27152_/Q                                 6     10     -4 (VIOLATED)
_27158_/Q                                 6     10     -4 (VIOLATED)
_27160_/Q                                 6     10     -4 (VIOLATED)
_27165_/Q                                 6     10     -4 (VIOLATED)
_27182_/Q                                 6     10     -4 (VIOLATED)
_27184_/Q                                 6     10     -4 (VIOLATED)
_27186_/Q                                 6     10     -4 (VIOLATED)
_27191_/Q                                 6     10     -4 (VIOLATED)
_27196_/Q                                 6     10     -4 (VIOLATED)
_27198_/Q                                 6     10     -4 (VIOLATED)
_27206_/Q                                 6     10     -4 (VIOLATED)
_27208_/Q                                 6     10     -4 (VIOLATED)
_27220_/Q                                 6     10     -4 (VIOLATED)
_27224_/Q                                 6     10     -4 (VIOLATED)
_27232_/Q                                 6     10     -4 (VIOLATED)
_27233_/Q                                 6     10     -4 (VIOLATED)
_27237_/Q                                 6     10     -4 (VIOLATED)
_27243_/Q                                 6     10     -4 (VIOLATED)
_27244_/Q                                 6     10     -4 (VIOLATED)
_27246_/Q                                 6     10     -4 (VIOLATED)
_27248_/Q                                 6     10     -4 (VIOLATED)
_27252_/Q                                 6     10     -4 (VIOLATED)
_27266_/Q                                 6     10     -4 (VIOLATED)
_27270_/Q                                 6     10     -4 (VIOLATED)
_27272_/Q                                 6     10     -4 (VIOLATED)
_27277_/Q                                 6     10     -4 (VIOLATED)
_27280_/Q                                 6     10     -4 (VIOLATED)
_27281_/Q                                 6     10     -4 (VIOLATED)
_27283_/Q                                 6     10     -4 (VIOLATED)
_27284_/Q                                 6     10     -4 (VIOLATED)
_27286_/Q                                 6     10     -4 (VIOLATED)
_27290_/Q                                 6     10     -4 (VIOLATED)
_27296_/Q                                 6     10     -4 (VIOLATED)
_27307_/Q                                 6     10     -4 (VIOLATED)
clkbuf_4_5__f_clk/X                       6     10     -4 (VIOLATED)
clkbuf_leaf_115_clk/X                     6     10     -4 (VIOLATED)
clkbuf_leaf_20_clk/X                      6     10     -4 (VIOLATED)
clkbuf_leaf_24_clk/X                      6     10     -4 (VIOLATED)
clkbuf_leaf_33_clk/X                      6     10     -4 (VIOLATED)
clkbuf_leaf_56_clk/X                      6     10     -4 (VIOLATED)
clkbuf_leaf_85_clk/X                      6     10     -4 (VIOLATED)
clkbuf_leaf_94_clk/X                      6     10     -4 (VIOLATED)
input33/X                                 6     10     -4 (VIOLATED)
wire580/X                                 6     10     -4 (VIOLATED)
_26777_/Q                                 6      9     -3 (VIOLATED)
clkbuf_leaf_109_clk/X                     6      9     -3 (VIOLATED)
clkbuf_leaf_54_clk/X                      6      9     -3 (VIOLATED)
clkbuf_leaf_55_clk/X                      6      9     -3 (VIOLATED)
clkbuf_leaf_78_clk/X                      6      9     -3 (VIOLATED)
clkbuf_leaf_79_clk/X                      6      9     -3 (VIOLATED)
clkbuf_leaf_87_clk/X                      6      9     -3 (VIOLATED)
_14020_/Y                                 6      8     -2 (VIOLATED)
_14594_/Y                                 6      8     -2 (VIOLATED)
_15711_/Y                                 6      8     -2 (VIOLATED)
_15943_/Y                                 6      8     -2 (VIOLATED)
_15945_/Y                                 6      8     -2 (VIOLATED)
_16554_/X                                 6      8     -2 (VIOLATED)
_16766_/Y                                 6      8     -2 (VIOLATED)
_17201_/Y                                 6      8     -2 (VIOLATED)
_18225_/Y                                 6      8     -2 (VIOLATED)
_18236_/X                                 6      8     -2 (VIOLATED)
_20420_/Y                                 6      8     -2 (VIOLATED)
_21141_/Y                                 6      8     -2 (VIOLATED)
_21142_/X                                 6      8     -2 (VIOLATED)
_21804_/Y                                 6      8     -2 (VIOLATED)
_21885_/X                                 6      8     -2 (VIOLATED)
_21896_/Y                                 6      8     -2 (VIOLATED)
_22204_/X                                 6      8     -2 (VIOLATED)
_22639_/Y                                 6      8     -2 (VIOLATED)
_24013_/Y                                 6      8     -2 (VIOLATED)
_24488_/Y                                 6      8     -2 (VIOLATED)
_25615_/Y                                 6      8     -2 (VIOLATED)
_26415_/X                                 6      8     -2 (VIOLATED)
_26421_/Y                                 6      8     -2 (VIOLATED)
_26516_/Q                                 6      8     -2 (VIOLATED)
_26517_/Q                                 6      8     -2 (VIOLATED)
_26524_/Q                                 6      8     -2 (VIOLATED)
_26525_/Q                                 6      8     -2 (VIOLATED)
_26526_/Q                                 6      8     -2 (VIOLATED)
_26535_/Q                                 6      8     -2 (VIOLATED)
_26536_/Q                                 6      8     -2 (VIOLATED)
_26540_/Q                                 6      8     -2 (VIOLATED)
_26543_/Q                                 6      8     -2 (VIOLATED)
_26545_/Q                                 6      8     -2 (VIOLATED)
_26546_/Q                                 6      8     -2 (VIOLATED)
_26548_/Q                                 6      8     -2 (VIOLATED)
_26550_/Q                                 6      8     -2 (VIOLATED)
_26564_/Q                                 6      8     -2 (VIOLATED)
_26565_/Q                                 6      8     -2 (VIOLATED)
_26567_/Q                                 6      8     -2 (VIOLATED)
_26571_/Q                                 6      8     -2 (VIOLATED)
_26572_/Q                                 6      8     -2 (VIOLATED)
_26579_/Q                                 6      8     -2 (VIOLATED)
_26581_/Q                                 6      8     -2 (VIOLATED)
_26583_/Q                                 6      8     -2 (VIOLATED)
_26586_/Q                                 6      8     -2 (VIOLATED)
_26591_/Q                                 6      8     -2 (VIOLATED)
_26594_/Q                                 6      8     -2 (VIOLATED)
_26602_/Q                                 6      8     -2 (VIOLATED)
_26612_/Q                                 6      8     -2 (VIOLATED)
_26613_/Q                                 6      8     -2 (VIOLATED)
_26614_/Q                                 6      8     -2 (VIOLATED)
_26616_/Q                                 6      8     -2 (VIOLATED)
_26619_/Q                                 6      8     -2 (VIOLATED)
_26621_/Q                                 6      8     -2 (VIOLATED)
_26622_/Q                                 6      8     -2 (VIOLATED)
_26624_/Q                                 6      8     -2 (VIOLATED)
_26626_/Q                                 6      8     -2 (VIOLATED)
_26631_/Q                                 6      8     -2 (VIOLATED)
_26635_/Q                                 6      8     -2 (VIOLATED)
_26638_/Q                                 6      8     -2 (VIOLATED)
_26640_/Q                                 6      8     -2 (VIOLATED)
_26642_/Q                                 6      8     -2 (VIOLATED)
_26652_/Q                                 6      8     -2 (VIOLATED)
_26653_/Q                                 6      8     -2 (VIOLATED)
_26655_/Q                                 6      8     -2 (VIOLATED)
_26658_/Q                                 6      8     -2 (VIOLATED)
_26659_/Q                                 6      8     -2 (VIOLATED)
_26660_/Q                                 6      8     -2 (VIOLATED)
_26661_/Q                                 6      8     -2 (VIOLATED)
_26662_/Q                                 6      8     -2 (VIOLATED)
_26663_/Q                                 6      8     -2 (VIOLATED)
_26666_/Q                                 6      8     -2 (VIOLATED)
_26667_/Q                                 6      8     -2 (VIOLATED)
_26671_/Q                                 6      8     -2 (VIOLATED)
_26672_/Q                                 6      8     -2 (VIOLATED)
_26674_/Q                                 6      8     -2 (VIOLATED)
_26679_/Q                                 6      8     -2 (VIOLATED)
_26681_/Q                                 6      8     -2 (VIOLATED)
_26700_/Q                                 6      8     -2 (VIOLATED)
_26701_/Q                                 6      8     -2 (VIOLATED)
_26708_/Q                                 6      8     -2 (VIOLATED)
_26709_/Q                                 6      8     -2 (VIOLATED)
_26712_/Q                                 6      8     -2 (VIOLATED)
_26715_/Q                                 6      8     -2 (VIOLATED)
_26719_/Q                                 6      8     -2 (VIOLATED)
_26721_/Q                                 6      8     -2 (VIOLATED)
_26722_/Q                                 6      8     -2 (VIOLATED)
_26727_/Q                                 6      8     -2 (VIOLATED)
_26729_/Q                                 6      8     -2 (VIOLATED)
_26744_/Q                                 6      8     -2 (VIOLATED)
_26748_/Q                                 6      8     -2 (VIOLATED)
_26749_/Q                                 6      8     -2 (VIOLATED)
_26750_/Q                                 6      8     -2 (VIOLATED)
_26751_/Q                                 6      8     -2 (VIOLATED)
_26753_/Q                                 6      8     -2 (VIOLATED)
_26755_/Q                                 6      8     -2 (VIOLATED)
_26756_/Q                                 6      8     -2 (VIOLATED)
_26757_/Q                                 6      8     -2 (VIOLATED)
_26758_/Q                                 6      8     -2 (VIOLATED)
_26767_/Q                                 6      8     -2 (VIOLATED)
_26780_/Q                                 6      8     -2 (VIOLATED)
_26786_/Q                                 6      8     -2 (VIOLATED)
_26789_/Q                                 6      8     -2 (VIOLATED)
_26796_/Q                                 6      8     -2 (VIOLATED)
_26799_/Q                                 6      8     -2 (VIOLATED)
_26800_/Q                                 6      8     -2 (VIOLATED)
_26806_/Q                                 6      8     -2 (VIOLATED)
_26810_/Q                                 6      8     -2 (VIOLATED)
_26815_/Q                                 6      8     -2 (VIOLATED)
_26818_/Q                                 6      8     -2 (VIOLATED)
_26823_/Q                                 6      8     -2 (VIOLATED)
_26824_/Q                                 6      8     -2 (VIOLATED)
_26836_/Q                                 6      8     -2 (VIOLATED)
_26837_/Q                                 6      8     -2 (VIOLATED)
_26839_/Q                                 6      8     -2 (VIOLATED)
_26842_/Q                                 6      8     -2 (VIOLATED)
_26844_/Q                                 6      8     -2 (VIOLATED)
_26845_/Q                                 6      8     -2 (VIOLATED)
_26846_/Q                                 6      8     -2 (VIOLATED)
_26848_/Q                                 6      8     -2 (VIOLATED)
_26855_/Q                                 6      8     -2 (VIOLATED)
_26856_/Q                                 6      8     -2 (VIOLATED)
_26860_/Q                                 6      8     -2 (VIOLATED)
_26865_/Q                                 6      8     -2 (VIOLATED)
_26876_/Q                                 6      8     -2 (VIOLATED)
_26877_/Q                                 6      8     -2 (VIOLATED)
_26879_/Q                                 6      8     -2 (VIOLATED)
_26883_/Q                                 6      8     -2 (VIOLATED)
_26884_/Q                                 6      8     -2 (VIOLATED)
_26885_/Q                                 6      8     -2 (VIOLATED)
_26886_/Q                                 6      8     -2 (VIOLATED)
_26890_/Q                                 6      8     -2 (VIOLATED)
_26891_/Q                                 6      8     -2 (VIOLATED)
_26895_/Q                                 6      8     -2 (VIOLATED)
_26896_/Q                                 6      8     -2 (VIOLATED)
_26900_/Q                                 6      8     -2 (VIOLATED)
_26902_/Q                                 6      8     -2 (VIOLATED)
_26905_/Q                                 6      8     -2 (VIOLATED)
_26914_/Q                                 6      8     -2 (VIOLATED)
_26916_/Q                                 6      8     -2 (VIOLATED)
_26917_/Q                                 6      8     -2 (VIOLATED)
_26918_/Q                                 6      8     -2 (VIOLATED)
_26919_/Q                                 6      8     -2 (VIOLATED)
_26920_/Q                                 6      8     -2 (VIOLATED)
_26922_/Q                                 6      8     -2 (VIOLATED)
_26925_/Q                                 6      8     -2 (VIOLATED)
_26926_/Q                                 6      8     -2 (VIOLATED)
_26928_/Q                                 6      8     -2 (VIOLATED)
_26929_/Q                                 6      8     -2 (VIOLATED)
_26930_/Q                                 6      8     -2 (VIOLATED)
_26932_/Q                                 6      8     -2 (VIOLATED)
_26937_/Q                                 6      8     -2 (VIOLATED)
_26942_/Q                                 6      8     -2 (VIOLATED)
_26946_/Q                                 6      8     -2 (VIOLATED)
_26957_/Q                                 6      8     -2 (VIOLATED)
_26958_/Q                                 6      8     -2 (VIOLATED)
_26959_/Q                                 6      8     -2 (VIOLATED)
_26961_/Q                                 6      8     -2 (VIOLATED)
_26962_/Q                                 6      8     -2 (VIOLATED)
_26963_/Q                                 6      8     -2 (VIOLATED)
_26964_/Q                                 6      8     -2 (VIOLATED)
_26966_/Q                                 6      8     -2 (VIOLATED)
_26968_/Q                                 6      8     -2 (VIOLATED)
_26969_/Q                                 6      8     -2 (VIOLATED)
_26976_/Q                                 6      8     -2 (VIOLATED)
_26983_/Q                                 6      8     -2 (VIOLATED)
_26986_/Q                                 6      8     -2 (VIOLATED)
_26997_/Q                                 6      8     -2 (VIOLATED)
_27077_/Q                                 6      8     -2 (VIOLATED)
_27090_/Q                                 6      8     -2 (VIOLATED)
_27091_/Q                                 6      8     -2 (VIOLATED)
_27093_/Q                                 6      8     -2 (VIOLATED)
_27095_/Q                                 6      8     -2 (VIOLATED)
_27098_/Q                                 6      8     -2 (VIOLATED)
_27102_/Q                                 6      8     -2 (VIOLATED)
_27106_/Q                                 6      8     -2 (VIOLATED)
_27108_/Q                                 6      8     -2 (VIOLATED)
_27111_/Q                                 6      8     -2 (VIOLATED)
_27113_/Q                                 6      8     -2 (VIOLATED)
_27116_/Q                                 6      8     -2 (VIOLATED)
_27126_/Q                                 6      8     -2 (VIOLATED)
_27129_/Q                                 6      8     -2 (VIOLATED)
_27130_/Q                                 6      8     -2 (VIOLATED)
_27132_/Q                                 6      8     -2 (VIOLATED)
_27133_/Q                                 6      8     -2 (VIOLATED)
_27139_/Q                                 6      8     -2 (VIOLATED)
_27141_/Q                                 6      8     -2 (VIOLATED)
_27142_/Q                                 6      8     -2 (VIOLATED)
_27144_/Q                                 6      8     -2 (VIOLATED)
_27147_/Q                                 6      8     -2 (VIOLATED)
_27151_/Q                                 6      8     -2 (VIOLATED)
_27153_/Q                                 6      8     -2 (VIOLATED)
_27154_/Q                                 6      8     -2 (VIOLATED)
_27156_/Q                                 6      8     -2 (VIOLATED)
_27159_/Q                                 6      8     -2 (VIOLATED)
_27162_/Q                                 6      8     -2 (VIOLATED)
_27172_/Q                                 6      8     -2 (VIOLATED)
_27180_/Q                                 6      8     -2 (VIOLATED)
_27181_/Q                                 6      8     -2 (VIOLATED)
_27183_/Q                                 6      8     -2 (VIOLATED)
_27187_/Q                                 6      8     -2 (VIOLATED)
_27188_/Q                                 6      8     -2 (VIOLATED)
_27189_/Q                                 6      8     -2 (VIOLATED)
_27190_/Q                                 6      8     -2 (VIOLATED)
_27192_/Q                                 6      8     -2 (VIOLATED)
_27199_/Q                                 6      8     -2 (VIOLATED)
_27200_/Q                                 6      8     -2 (VIOLATED)
_27202_/Q                                 6      8     -2 (VIOLATED)
_27204_/Q                                 6      8     -2 (VIOLATED)
_27209_/Q                                 6      8     -2 (VIOLATED)
_27210_/Q                                 6      8     -2 (VIOLATED)
_27228_/Q                                 6      8     -2 (VIOLATED)
_27229_/Q                                 6      8     -2 (VIOLATED)
_27230_/Q                                 6      8     -2 (VIOLATED)
_27231_/Q                                 6      8     -2 (VIOLATED)
_27234_/Q                                 6      8     -2 (VIOLATED)
_27235_/Q                                 6      8     -2 (VIOLATED)
_27236_/Q                                 6      8     -2 (VIOLATED)
_27240_/Q                                 6      8     -2 (VIOLATED)
_27242_/Q                                 6      8     -2 (VIOLATED)
_27247_/Q                                 6      8     -2 (VIOLATED)
_27250_/Q                                 6      8     -2 (VIOLATED)
_27254_/Q                                 6      8     -2 (VIOLATED)
_27255_/Q                                 6      8     -2 (VIOLATED)
_27257_/Q                                 6      8     -2 (VIOLATED)
_27258_/Q                                 6      8     -2 (VIOLATED)
_27265_/Q                                 6      8     -2 (VIOLATED)
_27268_/Q                                 6      8     -2 (VIOLATED)
_27269_/Q                                 6      8     -2 (VIOLATED)
_27273_/Q                                 6      8     -2 (VIOLATED)
_27274_/Q                                 6      8     -2 (VIOLATED)
_27275_/Q                                 6      8     -2 (VIOLATED)
_27276_/Q                                 6      8     -2 (VIOLATED)
_27282_/Q                                 6      8     -2 (VIOLATED)
_27287_/Q                                 6      8     -2 (VIOLATED)
_27288_/Q                                 6      8     -2 (VIOLATED)
_27292_/Q                                 6      8     -2 (VIOLATED)
_27294_/Q                                 6      8     -2 (VIOLATED)
_27295_/Q                                 6      8     -2 (VIOLATED)
_27297_/Q                                 6      8     -2 (VIOLATED)
_27298_/Q                                 6      8     -2 (VIOLATED)
_27312_/Q                                 6      8     -2 (VIOLATED)
clkbuf_0_clk/X                            6      8     -2 (VIOLATED)
clkbuf_2_0_0_clk/X                        6      8     -2 (VIOLATED)
clkbuf_2_1_0_clk/X                        6      8     -2 (VIOLATED)
clkbuf_2_2_0_clk/X                        6      8     -2 (VIOLATED)
clkbuf_2_3_0_clk/X                        6      8     -2 (VIOLATED)
clkbuf_leaf_101_clk/X                     6      8     -2 (VIOLATED)
clkbuf_leaf_108_clk/X                     6      8     -2 (VIOLATED)
clkbuf_leaf_113_clk/X                     6      8     -2 (VIOLATED)
clkbuf_leaf_128_clk/X                     6      8     -2 (VIOLATED)
clkbuf_leaf_130_clk/X                     6      8     -2 (VIOLATED)
clkbuf_leaf_13_clk/X                      6      8     -2 (VIOLATED)
clkbuf_leaf_15_clk/X                      6      8     -2 (VIOLATED)
clkbuf_leaf_23_clk/X                      6      8     -2 (VIOLATED)
clkbuf_leaf_26_clk/X                      6      8     -2 (VIOLATED)
clkbuf_leaf_28_clk/X                      6      8     -2 (VIOLATED)
clkbuf_leaf_31_clk/X                      6      8     -2 (VIOLATED)
clkbuf_leaf_34_clk/X                      6      8     -2 (VIOLATED)
clkbuf_leaf_37_clk/X                      6      8     -2 (VIOLATED)
clkbuf_leaf_49_clk/X                      6      8     -2 (VIOLATED)
clkbuf_leaf_57_clk/X                      6      8     -2 (VIOLATED)
clkbuf_leaf_63_clk/X                      6      8     -2 (VIOLATED)
clkbuf_leaf_6_clk/X                       6      8     -2 (VIOLATED)
clkbuf_leaf_70_clk/X                      6      8     -2 (VIOLATED)
clkbuf_leaf_77_clk/X                      6      8     -2 (VIOLATED)
clkbuf_leaf_80_clk/X                      6      8     -2 (VIOLATED)
clkbuf_leaf_82_clk/X                      6      8     -2 (VIOLATED)
clkbuf_leaf_86_clk/X                      6      8     -2 (VIOLATED)
clkbuf_leaf_88_clk/X                      6      8     -2 (VIOLATED)
input1/X                                  6      8     -2 (VIOLATED)
input23/X                                 6      8     -2 (VIOLATED)
input30/X                                 6      8     -2 (VIOLATED)
input60/X                                 6      8     -2 (VIOLATED)
input66/X                                 6      8     -2 (VIOLATED)
max_cap579/X                              6      8     -2 (VIOLATED)
_26528_/Q                                 6      7        (VIOLATED)
_27087_/Q                                 6      7        (VIOLATED)
clkbuf_leaf_100_clk/X                     6      7        (VIOLATED)
clkbuf_leaf_102_clk/X                     6      7        (VIOLATED)
clkbuf_leaf_122_clk/X                     6      7        (VIOLATED)
clkbuf_leaf_124_clk/X                     6      7        (VIOLATED)
clkbuf_leaf_21_clk/X                      6      7        (VIOLATED)
clkbuf_leaf_32_clk/X                      6      7        (VIOLATED)
clkbuf_leaf_40_clk/X                      6      7        (VIOLATED)
clkbuf_leaf_41_clk/X                      6      7        (VIOLATED)
clkbuf_leaf_50_clk/X                      6      7        (VIOLATED)
clkbuf_leaf_52_clk/X                      6      7        (VIOLATED)
clkbuf_leaf_62_clk/X                      6      7        (VIOLATED)
clkbuf_leaf_64_clk/X                      6      7        (VIOLATED)
clkbuf_leaf_69_clk/X                      6      7        (VIOLATED)
clkbuf_leaf_72_clk/X                      6      7        (VIOLATED)
clkbuf_leaf_83_clk/X                      6      7        (VIOLATED)
clkbuf_leaf_84_clk/X                      6      7        (VIOLATED)
clkbuf_leaf_90_clk/X                      6      7        (VIOLATED)
clkbuf_leaf_96_clk/X                      6      7        (VIOLATED)



===========================================================================
report_parasitic_annotation -report_unannotated
============================================================================
Found 0 unannotated drivers.
Found 0 partially unannotated drivers.

===========================================================================
max slew violation count 355
max fanout violation count 1181
max cap violation count 0
============================================================================

===========================================================================
check_setup -verbose -unconstrained_endpoints -multiple_clock -no_clock -no_input_delay -loops -generated_clocks
===========================================================================
