net,length_um
_10263_,1222.35
_06413_,1134.26
_05950_,1051.23
_07122_,1011.56
_05799_,1005.585
_05447_,985.37
_05804_,976.165
_08413_,954.51
_10248_,907.205
_06279_,907.19
_07255_,905.09
_07961_,891.5
_11623_,879.77
_07158_,879.6
net351,877.89
_08445_,874.955
_12477_,873.39
net245,859.69
_07256_,854.59
_07756_,845.68
_07483_,845.47
net174,841.44
_07706_,840.28
_12463_,829.5
_05455_,829.27
_06100_,829.04
net500,825.91
_06862_,825.3
_10241_,823.29
net31,811.82
net80,808.91
_00959_,808.33
_05603_,806.38
_09447_,805.48
_05400_,805.35
net95,805.13
_11711_,793.95
net546,792.85
_10551_,789.97
_09125_,789.91
_10908_,786.09
_05380_,785.85
_08719_,785.7
_05880_,782.15
net23,781.32
_08482_,778.27
_06952_,778.07
net139,772.98
net313,770.7
net554,769.21
_05707_,766.5
net93,765.66
net28,764.12
net456,762.82
_05706_,761.88
_06059_,761.74
_06563_,761.56
net4,759.16
_05703_,757.34
net55,754.07
net550,753.4
net325,752.7
net468,750.76
net222,748.94
_10105_,747.71
net491,747.51
_01448_,745.36
net71,739.61
_06124_,737.05
_05441_,733.84
net101,731.115
clknet_0_clk,729.43
net537,728.25
_07705_,724.64
_06864_,723.4
_10929_,721.5
_06481_,717.76
net596,716.78
_05452_,714.005
net551,713.64
_10775_,711
net255,709.45
net284,707.64
net125,707.13
net171,705.3
net206,704.145
net158,704.08
_05420_,702.76
net509,702.08
net349,701.38
net54,698.28
net257,696.94
net148,695.29
net58,692.73
net355,692.605
net180,691.08
_05389_,689.75
net544,689.74
net36,689.24
net470,688.695
_06056_,686.92
net169,683.7
_05708_,683.2
_06218_,681.89
net377,681.25
_06061_,679.09
net476,678.86
net460,678.72
_06899_,676.97
net57,675.82
net448,671.54
net440,671.44
net278,670.77
_09220_,667.8
net552,665.97
net505,662.49
net147,662.1
net172,659.075
_06253_,657.36
net61,656.27
net432,656.13
net322,653.34
net473,653.24
_00894_,652.46
_11448_,649.96
_10203_,649.5
_06216_,647.62
net56,645.64
net495,643.86
net431,642.295
_08225_,640.16
_06151_,639.9
_02300_,639.44
net290,638.795
net203,638.58
_08716_,635.68
net512,626.245
net463,624.77
net201,624.38
net228,623.49
net602,623.33
net424,621.43
_06099_,621.135
_04629_,620.505
net305,619.86
_07825_,619.59
_05803_,619.47
net397,619.08
net151,618.76
net47,618.52
net200,617.035
net26,616.96
_06060_,612.5
net3,611.82
net353,609.94
net88,608.135
_07260_,607.11
net442,606.26
net94,605.63
net393,604.85
net535,603.18
_01348_,602.615
net182,602.01
net260,600.51
net188,600.12
_05702_,599.835
_11136_,599.33
net91,598.13
net428,597.945
net396,597.41
net112,596.74
net221,596.18
_12290_,592.8
net327,592.49
net208,590.18
net455,589.04
_02370_,588.47
net30,588.13
net102,587.92
net42,586.78
_02311_,586.42
_05802_,585.94
net399,584.94
net484,583.5
_05417_,582.89
net266,581.38
_13162_,577.76
net292,575.7
net402,575.7
net234,575.52
_06962_,573.06
net522,572.84
net490,572.1
_06257_,571.52
net70,571.27
net138,570.91
net503,569.5
net115,569.48
net528,567.62
net421,566.24
net318,565.055
net73,564.45
net84,564.085
_10740_,563.99
net566,562.51
_05378_,562.21
_08661_,560.62
net144,559.02
net354,558.83
net529,558.34
net304,557.62
net223,557.43
net417,557.165
net336,556.14
net43,555.45
net68,555.32
net272,555.01
_05440_,554.68
net51,552.08
net439,551.8
net119,550.62
_05418_,549.15
net44,548.53
net46,548.14
net314,547.5
net242,547.275
net380,547.06
_07541_,546.69
_02306_,546.54
_03943_,546.14
net163,546.1
_05807_,545.56
_07031_,544.42
net454,544.4
_07027_,544.145
_02295_,543.64
net485,543.63
net409,543.27
net444,542.48
net345,542.3
net358,542.13
net281,540.7
net265,540.46
net564,540.17
net107,537.82
_06058_,536.92
net212,536.19
net186,535.77
net64,535.37
net369,533.18
net241,531.37
net478,530.94
net341,530.51
_07841_,528.515
net383,527.4
net342,526.8
net123,526.755
net120,526.71
net494,526.68
net1,526.62
net521,525.88
net420,524.905
_06195_,524.26
net571,524.19
net183,523.73
net136,523.24
net2,519.44
net190,518.9
net253,517.84
net275,517.6
_05579_,517.34
_05376_,516.24
net578,515.99
_06217_,515.38
net498,514.45
_06295_,512.045
_13046_,511.735
net406,511.08
_07411_,510.92
net357,510.35
_05379_,510.27
_06015_,510.06
net329,508.21
_07163_,506.99
net288,506.95
net33,506.88
net229,506.79
net240,506.14
net74,505.06
net194,504.85
_05886_,504.49
net367,504.1
_06031_,502.215
net534,501.78
_07852_,501.5
net573,501
net457,500.15
net477,499.85
net568,499.78
_05424_,499.2
net78,498.315
net75,498.14
net268,498.1
net108,497.33
net378,497.25
net289,496.26
net459,496.08
net487,495.72
net295,494.68
net303,494.09
net307,493.9
net225,493.81
net555,493.64
net539,493.42
net309,491.92
net110,489.09
_03780_,488.2
net298,488.12
net489,487.745
net146,485.86
net154,485.41
_05464_,484.915
net453,483.84
net209,483.34
net150,483.32
net331,482.71
net435,481.755
_05710_,481.285
_07869_,480.905
net561,480.2
net441,479.83
net461,479.8
net532,479.3
net297,478.69
net525,477.81
_06022_,477.51
net410,477.07
_07044_,476.46
_04615_,476.095
net178,476.05
net527,475.64
_07023_,474.78
net239,474.595
net346,474.34
net407,473.84
net364,471.9
net224,471.74
net549,470.02
net149,469.4
_05712_,469.275
net18,468.52
net226,468.49
_07848_,467.9
net601,467.05
_06098_,465.96
net294,465.68
net381,465.24
net538,464.96
net403,464.73
net137,463.675
_03887_,463.44
net604,463.01
net338,462.34
net250,461.62
net330,460.75
net464,460.61
_03941_,460.17
net486,459.27
net167,458.74
_05391_,458.56
_07799_,458.55
net398,458.06
net415,456.3
net516,456.2
net543,456.2
_12966_,456.04
net413,455.92
clk,455.75
_05432_,455.63
_02314_,455.33
net518,454.93
_07829_,454.615
_12650_,452.98
net215,452.08
net213,451.89
_05407_,451.62
net467,451.45
_05392_,451.36
net187,451.34
net104,450.76
net299,448.5
net511,448.11
_07039_,446.795
net258,446.38
_05582_,445.74
net447,444.94
net192,444.52
_05798_,443.51
net519,443.34
net177,443.13
net390,441.35
_08064_,441.06
_08362_,440.95
net219,439.73
net536,439.28
net66,439.22
net418,438.98
clknet_4_11__leaf_clk,438.52
_02322_,437.93
net24,437.56
net302,437.53
net130,437.16
net530,436.4
net360,436.22
net599,436.11
net204,435.25
net320,435.04
_11625_,433.17
_06183_,432.51
_05375_,432.46
net328,432
net462,431.92
_08059_,431.46
_07794_,431.33
net504,431.145
net446,430.42
net416,428.82
net387,428.74
_08638_,428.56
net37,428.18
net81,427.87
_02308_,426.87
net572,426.76
net524,426.5
_08016_,426.48
net362,426.195
net449,424.73
net196,424.5
_07589_,424.425
_07035_,424.255
net90,423.04
net156,422.82
_10952_,422.68
net437,422.59
_06106_,421.85
net287,421.815
net214,421.08
clknet_4_9__leaf_clk,420.68
net375,420.46
_04549_,420.24
_06489_,420.11
_10623_,420.11
net384,419.69
_05271_,419.42
net569,419.39
_12401_,418.77
_07804_,418.62
net533,418.24
net191,418.02
net339,417.67
_09328_,417.56
net523,417.29
net556,417.06
net356,416.455
_06379_,416.25
net363,415.56
net412,415.3
net374,414.58
net7,414.3
_07765_,413.735
net306,413.06
net193,412.79
_12711_,412.66
net159,412.32
net392,410.29
_07787_,409.53
_05397_,408.26
net414,408.06
_06169_,407.415
_02331_,407.29
_05855_,407.19
_05356_,406.945
net576,406.86
_06453_,406.57
_05658_,406.34
net373,405.71
net160,404.72
net135,404.55
net570,404.46
_10909_,402.92
net100,402.91
net520,401.79
net199,401.515
_05454_,399.79
net238,398.56
net499,398.1
clknet_4_14__leaf_clk,398.05
_09389_,397.74
net371,397.3
net50,396.94
net308,396.86
net565,396.45
net96,396.15
net394,395.86
net40,395.68
net63,395.5
net372,395.39
_02233_,395.3
_05355_,394.73
_06188_,394.67
net411,393.7
net247,393.24
_05453_,391.97
net264,391.39
net560,391.2
net401,390.84
_02318_,388.33
net218,388.33
net488,388.32
net510,388.3
_06158_,388
net155,387.925
_05393_,387.1
net389,385.93
_09283_,385.63
net184,384.58
net577,383.04
net343,382.74
net482,382.02
net426,381.96
net195,381.02
_06311_,380.7
_06299_,380.63
net8,380.34
net12,379.74
_08583_,378.875
net335,378.38
net48,377.95
_06987_,377.845
net89,377.725
net321,377.655
net62,376.98
net379,376.2
net286,375.78
net162,375.56
net45,374.71
net197,374.29
_09182_,374.19
_06190_,373.73
net231,373.12
_08338_,372.85
net368,372.66
net337,372.48
net559,370.9
net19,370.74
net340,370.5
net132,369.52
_08053_,366.56
net198,366.04
net443,365.45
_06237_,365.09
_06226_,364.86
net232,364.59
_07588_,363.995
_05405_,363.395
_05964_,363.36
net376,362.78
net105,361.955
net170,361.09
net29,360.8
_06230_,360.61
net21,358.08
net436,357.58
_07050_,355.59
net391,355.59
net493,355.36
net408,355.15
net323,354.36
net479,353.835
net237,353.72
net310,352.92
net273,352.74
_01548_,352.53
net526,352.48
_07790_,351.94
net605,351.83
net267,351.825
net301,350.96
_10871_,350.78
_05401_,350.46
net270,349.55
net117,348.44
_06197_,347.42
_07810_,346.76
_04068_,346.56
net315,346.24
_01433_,345.26
_13130_,345.12
net259,344.72
_05419_,343.93
net334,343.88
_09390_,343.42
net25,343.09
_09399_,343.04
_02397_,342.14
_03915_,341.79
_03927_,340.34
net114,339.48
net300,339.28
_05884_,337.7
_11669_,337.61
_13152_,337.45
clknet_4_8__leaf_clk,337.36
net517,337.24
_02108_,336.805
net400,336.42
clknet_4_7__leaf_clk,335.81
net173,335.14
_10058_,335
net547,334.96
net271,334.835
_06234_,334.76
net458,334.14
_04542_,333.79
_08639_,332.73
_07739_,332.42
net507,332.33
_11229_,331.78
net269,331.72
_06266_,331.62
_04113_,331.52
net276,330.68
net236,330.48
_06168_,329.73
_09441_,329.66
_10882_,328.94
net579,328.885
_07814_,328.8
net60,328.62
_07161_,328.5
net143,327.62
_07726_,327.24
net285,326.66
_10299_,325.52
_05863_,325.49
net274,324.895
net359,323.76
net134,323.55
_06999_,322.81
clknet_4_6__leaf_clk,322.18
net69,322.075
clknet_4_12__leaf_clk,321.74
net542,321.12
_06222_,321.07
_06215_,320.88
_07740_,319.98
net65,319.94
_08486_,319.62
_02343_,319.34
net179,319.135
net344,318.36
net207,317.94
net17,317.16
_09404_,316.38
net404,316.01
_06274_,315.96
net133,315.75
_06241_,314.65
net427,314.62
net562,313.04
net76,312.4
net365,312.29
net352,311.56
_01414_,310.64
net385,310.2
_06261_,309.56
net220,309.52
net405,309.12
_05396_,308.55
_08573_,308.16
_05388_,307.99
_08660_,307.79
net617,307.52
_03913_,307.31
net433,307.3
net164,306.52
clknet_4_10__leaf_clk,306.405
_01555_,305.96
_09435_,305.58
_06104_,304.36
_09347_,304
_07823_,303.465
clknet_2_3_0_clk,303.39
net202,303.16
clknet_4_13__leaf_clk,302.8
clknet_4_4__leaf_clk,302.31
clknet_2_0_0_clk,302.14
_05711_,301.64
_05444_,301.06
_08008_,300.58
_07807_,300.3
_03177_,299.12
_06873_,298.53
_00081_,298.225
_09398_,297.3
net430,297.18
_02338_,297.015
_06361_,296.47
_07819_,295.9
net166,295.18
_01499_,294.74
_03061_,294.46
_06245_,293.9
_03808_,293.82
net129,293.64
net370,293.56
net124,293.52
_03809_,292.85
_07088_,291.96
net502,291.82
net567,291.52
_04265_,291.21
net419,290.72
_10990_,290.595
net263,289.34
_10182_,289.32
net235,289.22
net72,289.16
_02333_,287.71
_05450_,287.58
net540,287.04
_02348_,286.69
_04314_,286.115
_06270_,286.045
_10855_,285.605
_05954_,285.08
_10878_,284.68
_10996_,283.755
net52,283.46
clknet_2_2_0_clk,283.46
_11728_,283.27
net474,282.84
net466,282.67
_06146_,282.46
net326,281.02
clknet_2_1_0_clk,280.98
net142,280.6
_00789_,280.16
net429,280.09
_10195_,280.07
_00790_,280.025
_07146_,279.56
_05352_,279.46
net27,279
net388,278.53
net211,278.4
skew_ctrl.a_sr\[6\]\[1\],278.33
net116,277.57
_06256_,277.54
net216,276.68
_02358_,276.455
net153,276.4
net366,276.4
net210,276.29
net92,274.68
_02297_,273.9
net152,273.2
net480,272.8
_11662_,272.69
_03101_,272.66
net176,272.02
_06191_,271.81
net475,270.94
_01394_,270.72
net395,270.38
_11540_,269.3
net205,269.28
net249,268.45
net67,268.2
net49,267.31
net165,266.54
_06902_,266.005
_06157_,265.205
net469,263.92
_05953_,263.86
_02353_,263.17
_08565_,261.95
_11833_,261.8
_08067_,261.375
net332,261.12
net545,260.96
_05362_,259.54
_04512_,259.13
_05446_,259.115
clknet_4_1__leaf_clk,258.8
_03099_,258.22
_08642_,258.15
_02346_,256.72
net233,255.42
_02109_,255.095
net261,254.78
_01910_,254.48
net465,253.55
_07880_,252.95
_00084_,252.865
_08653_,252.62
_01571_,252.29
net471,251.42
_06277_,250.64
_06251_,250.3
net296,250.18
_08644_,249.825
net230,248.76
_03910_,248.63
net514,247.9
_00082_,246.34
net185,246.32
_01569_,246.295
_08647_,246.25
_07834_,246.11
net85,245.99
_06198_,245.03
net14,244.13
clknet_4_15__leaf_clk,244.04
net293,243.73
net111,243.64
net531,243.42
_10863_,243.41
net181,243.27
_07000_,242.45
_07777_,242.18
net141,242.1
net251,241.94
_10216_,241.86
_07381_,241.71
_10946_,241.67
_12530_,241.48
net87,240.85
net280,240.66
_06127_,240.14
_07466_,239.6
_01391_,239.58
net450,238.98
_07095_,238.82
net350,238.74
_03056_,237.77
_00512_,237.435
_11137_,237.33
_12456_,237.035
net122,236.43
_01573_,236.4
net316,236.155
_11688_,235.96
net20,235.79
_01598_,235.39
_05390_,235.215
_09424_,235.055
net279,235.04
_06649_,234.98
_06284_,234.97
_10234_,233.84
_07128_,233.75
_08622_,233.26
_07240_,233.23
_02363_,232.95
net557,232.72
_01400_,232.47
net422,232.36
_06214_,232.22
net79,232.16
_03105_,230.955
_06926_,230.89
net32,230.7
net496,230.36
_12254_,230.28
_07875_,230.015
net262,229.5
_01507_,229.36
pe_row\[1\].pe_col\[2\].pe_inst.b_out\[7\],229
_08636_,228.81
_08609_,228.56
net277,228.36
_11549_,228.24
_07600_,228.2
_03031_,227.34
_10859_,226.935
net382,226.57
_10869_,226.11
_01456_,226.02
_13156_,225.66
net311,225.29
net22,225.24
_03069_,224.46
_00785_,223.965
_03899_,223.95
_05377_,223.58
net34,223.36
_03049_,223.025
net168,222.56
net541,222.37
net501,221.9
_10229_,221.68
net492,221.44
_06126_,220.88
net600,220.1
_13082_,219.86
net175,219.06
_10180_,218.86
_00784_,218.725
_03801_,218.68
_05949_,218.66
_08597_,217.8
net82,217.36
net254,216.72
_02909_,215.71
net161,215.62
net41,212.36
pe_row\[1\].pe_col\[3\].pe_inst.b_out\[1\],212.22
_07831_,212.17
net515,212.13
net580,211.88
net324,211.38
_10951_,210.93
_00787_,210.82
_03014_,210.41
_06239_,210.41
_08368_,209.26
net497,209.2
_07719_,209.075
net157,208.72
_10860_,208.36
_08651_,208.32
_08487_,206.66
net423,205.5
_10963_,205.38
_09383_,204.87
_01457_,204.2
net16,204.2
_09429_,203.87
_03812_,203.5
_13081_,203.15
_02784_,201.94
net452,201.66
net563,200.7
net99,200.6
_03378_,200.58
_05451_,199.98
_00786_,199.88
pe_row\[3\].pe_col\[0\].pe_inst.a_in\[1\],199.88
_10902_,199.83
net558,199.72
_06281_,199.64
_13142_,199.64
_12451_,199.1
net217,199.02
_00503_,199.01
clknet_4_0__leaf_clk,199
net10,198.7
_06494_,198.37
_08614_,198.155
_00603_,198.025
_06247_,198.01
_00083_,196.845
net548,196.7
net252,196.16
_02196_,196.1
_11698_,196.07
_09426_,195.78
_08632_,195.74
_04624_,195.52
_10202_,195.5
_03104_,194.6
_11504_,194.575
_04572_,194.52
_12446_,194.28
_07837_,193.945
_05445_,193.84
_10185_,193.8
net256,193.8
_03110_,193.715
_06960_,193.415
_03035_,192.72
_10100_,191.68
_11182_,191.34
_07772_,191.22
net317,190.19
_02726_,189.9
pe_row\[0\].pe_col\[3\].pe_inst.b_in\[4\],189.56
pe_row\[1\].pe_col\[3\].pe_inst.b_out\[0\],189.52
net451,189.48
net97,189.42
_06289_,189.36
_07590_,188.87
_07809_,188.82
net333,188.22
_00788_,187.56
_10189_,187.56
net483,187.2
_13160_,186.6
_01500_,186.54
_03869_,186.435
_03519_,185.73
_00791_,185.245
net118,185.16
_11699_,184.92
_06327_,184.395
_04821_,184.14
net189,183.78
_05885_,183.64
_00502_,183.5
_03865_,182.48
_08595_,182.48
_13147_,182.435
_11705_,182.25
pe_row\[0\].pe_col\[1\].pe_inst.a_out\[0\],182.045
_04779_,181.47
_12453_,180.92
_06232_,180.88
_07017_,180.88
_10193_,180.59
_03041_,180.24
_11694_,179.69
_12435_,179.56
_11704_,179.255
_06136_,179.21
_01459_,178.9
_07071_,178.875
_01506_,178.78
net113,178.32
_05952_,178.23
clknet_4_2__leaf_clk,178.07
_01639_,177.9
_03863_,177.04
net53,176.84
_13166_,176.77
net312,176.65
net445,176.47
_12440_,176.44
_03125_,175.94
net386,175.74
net244,175.66
_11693_,175.49
_02327_,175.14
net131,175.11
net145,175.06
net39,174.88
net86,174.36
net128,174.3
_02302_,174.24
_09419_,174.155
net481,174.075
net282,174
pe_row\[3\].pe_col\[0\].pe_inst.a_in\[0\],173.97
_03874_,173.92
_10959_,173.87
_07879_,173.24
net77,173.145
_09414_,172.51
_09396_,172.29
_01601_,172.21
_00600_,172.075
_10179_,171.32
_08559_,171.16
_09575_,171.01
_01505_,170.84
pe_row\[0\].pe_col\[3\].pe_inst.b_in\[3\],170.08
net140,169.66
_11362_,169.54
_12431_,169.47
net98,169.28
_01675_,168.84
net438,168.76
_05387_,168.7
_03302_,168.58
_07711_,168.52
_01523_,168.5
pe_row\[1\].pe_col\[0\].pe_inst.b_out\[7\],168.39
_05457_,168.07
_05302_,167.72
_07091_,167.2
_10090_,167.14
pe_row\[1\].pe_col\[1\].pe_inst.b_out\[1\],166.94
clknet_4_5__leaf_clk,166.85
_06138_,166.755
_03109_,166.475
_08600_,166.475
_09522_,166.28
_01458_,166.02
_02115_,165.98
_03075_,165.65
_13104_,165.54
_08628_,164.68
_13150_,164.615
pe_row\[1\].pe_col\[1\].pe_inst.b_out\[6\],164.48
_06280_,164.155
_12443_,163.89
_11719_,163.7
net606,163.29
_06722_,163.17
_09387_,163.17
skew_ctrl.b_sr\[9\]\[0\],162.88
_09428_,162.69
_08656_,162.58
_01679_,162.29
_10074_,162.17
pe_row\[0\].pe_col\[3\].pe_inst.b_out\[0\],161.84
_06155_,161.82
_10168_,161.74
net361,161.54
_12461_,160.68
_02328_,160.66
pe_row\[2\].pe_col\[2\].pe_inst.a_out\[6\],160.49
pe_row\[1\].pe_col\[1\].pe_inst.b_out\[0\],160.065
_05404_,159.64
net425,159.03
_03894_,158.72
_09380_,158.635
_12500_,158.49
_06130_,158.3
_01508_,158.12
pe_row\[1\].pe_col\[1\].pe_inst.a_out\[3\],157.94
pe_row\[3\].pe_col\[1\].pe_inst.a_out\[5\],157.7
_09432_,157.35
_03890_,157.245
_01944_,157.24
_11338_,157.06
_09433_,156.84
_06978_,156.82
pe_row\[0\].pe_col\[1\].pe_inst.b_out\[1\],156.64
_10099_,156.46
pe_row\[0\].pe_col\[0\].pe_inst.b_out\[6\],156.42
_03118_,156.16
_07931_,156.075
_10197_,155.785
_09375_,155.565
_08604_,155.56
_13093_,155.43
net347,155.42
net59,155.4
net434,155.36
_02521_,155.355
_03149_,155.32
pe_row\[0\].pe_col\[3\].pe_inst.b_out\[6\],155.18
_03164_,155.035
_04617_,155
_00085_,154.955
_01480_,154.44
_02585_,153.93
_03964_,153.91
_00513_,153.51
pe_row\[2\].pe_col\[1\].pe_inst.b_out\[5\],153.46
pe_row\[3\].pe_col\[1\].pe_inst.a_out\[2\],152.82
pe_row\[2\].pe_col\[2\].pe_inst.a_out\[5\],152.32
_03123_,151.04
_03120_,150.7
_13092_,150.35
_01481_,149.48
_03133_,149.2
pe_row\[0\].pe_col\[2\].pe_inst.a_out\[4\],149.11
net472,148.94
_00871_,148.85
_02002_,148.8
_06293_,148.62
_04620_,148.61
_01971_,148.355
_03114_,148.34
_09299_,147.93
_02492_,147.52
_12967_,147.18
_01406_,146.96
_05305_,146.74
pe_row\[1\].pe_col\[3\].pe_inst.b_out\[4\],146.49
_10995_,146.31
_02384_,146.23
_01511_,145.91
_03758_,145.67
_11709_,145.31
_03145_,145.205
_10089_,145.12
_07734_,145.08
_03897_,144.92
_06118_,144.6
pe_row\[1\].pe_col\[1\].pe_inst.b_out\[3\],144.56
_11687_,144.475
pe_row\[1\].pe_col\[1\].pe_inst.b_out\[2\],144.36
pe_row\[0\].pe_col\[0\].pe_inst.b_out\[4\],144.34
_03756_,144.18
pe_row\[0\].pe_col\[1\].pe_inst.b_out\[2\],143.32
_09423_,143.03
_07021_,142.995
pe_row\[2\].pe_col\[2\].pe_inst.b_out\[6\],142.88
_06898_,142.74
_09392_,142.68
_01509_,142.58
pe_row\[0\].pe_col\[2\].pe_inst.a_out\[0\],142.58
_02786_,142.575
_07850_,142.48
_08617_,142.44
net5,142.3
_12845_,142.05
_05399_,142.02
_10184_,141.795
net103,141.78
pe_row\[2\].pe_col\[3\].pe_inst.b_out\[5\],141.38
pe_row\[0\].pe_col\[1\].pe_inst.b_in\[1\],140.775
_07038_,140.485
_07022_,140.42
_03885_,140.41
_09510_,140.39
pe_row\[0\].pe_col\[0\].pe_inst.a_out\[5\],140.38
pe_row\[1\].pe_col\[2\].pe_inst.b_out\[6\],140.28
_12162_,140.19
_04627_,140.11
net106,140.095
_10209_,140.02
_01510_,139.88
_07046_,139.86
_13108_,139.8
pe_row\[1\].pe_col\[1\].pe_inst.a_out\[4\],139.64
pe_row\[3\].pe_col\[2\].pe_inst.a_out\[0\],139.64
_07015_,139.47
_01492_,139.32
_03152_,139.19
_08627_,139.13
_07037_,139.12
_07094_,139.02
_07294_,138.88
_10227_,138.23
pe_row\[0\].pe_col\[0\].pe_inst.a_out\[2\],138.2
_07075_,138.095
_03229_,138.08
pe_row\[0\].pe_col\[3\].pe_inst.b_in\[5\],137.905
_09439_,137.815
net609,137.755
_01787_,137.51
_07914_,137.42
_03810_,137.23
_10056_,137.01
_08607_,136.94
_08621_,136.88
_11715_,136.78
pe_row\[2\].pe_col\[2\].pe_inst.a_out\[7\],136.65
_06294_,136.38
pe_row\[2\].pe_col\[1\].pe_inst.b_out\[7\],136.3
pe_row\[0\].pe_col\[0\].pe_inst.b_out\[0\],135.86
_01580_,135.675
_08690_,135.615
_07994_,135.085
_06123_,134.93
_05883_,134.66
_06154_,134.56
_08521_,134.35
_04027_,134.19
clknet_4_3__leaf_clk,134.09
_10150_,133.95
pe_row\[1\].pe_col\[0\].pe_inst.a_in\[1\],133.66
pe_row\[2\].pe_col\[1\].pe_inst.a_out\[1\],132.72
_05374_,132.69
_06706_,132.48
_11913_,132.08
pe_row\[1\].pe_col\[0\].pe_inst.a_out\[7\],132
pe_row\[0\].pe_col\[3\].pe_inst.b_out\[1\],131.74
pe_row\[2\].pe_col\[0\].pe_inst.b_out\[7\],131.34
_06128_,131.005
_07843_,131
net243,130.96
_06244_,130.84
_08641_,130.79
_07714_,130.7
net109,130.555
_10370_,130.54
net574,130.48
_10076_,130.15
_01010_,129.48
_04662_,129.17
_08626_,129.145
_06117_,128.99
_12466_,128.9
_11724_,128.36
_05482_,128.34
_10933_,128.28
_09368_,128.26
pe_row\[1\].pe_col\[1\].pe_inst.a_out\[7\],128.195
_06161_,128.12
pe_row\[2\].pe_col\[0\].pe_inst.a_in\[1\],128.1
clknet_leaf_19_clk,128.02
_12556_,127.78
_07885_,127.66
net319,127.66
_02246_,127.62
_07715_,127.48
_10922_,127.12
_12616_,127.105
_06640_,127.06
_00086_,126.685
_06307_,126.44
_03135_,126.42
_03180_,125.44
_10311_,125.44
_10226_,125.4
pe_row\[0\].pe_col\[3\].pe_inst.b_out\[3\],125.38
net127,125.16
pe_row\[2\].pe_col\[1\].pe_inst.a_out\[4\],124.96
_13163_,124.79
net83,124.7
_06641_,124.62
_05481_,124.42
_04817_,124.32
_06487_,124.3
_01105_,124.24
pe_row\[3\].pe_col\[0\].pe_inst.a_in\[3\],124.05
_07043_,123.82
_09119_,123.76
net283,123.65
_01719_,123.6
_06310_,123.34
_10052_,123.3
_08612_,123.225
_00216_,122.975
pe_row\[1\].pe_col\[3\].pe_inst.b_out\[2\],122.92
_13174_,122.765
pe_row\[0\].pe_col\[2\].pe_inst.b_in\[6\],122.38
_10176_,122.235
_08635_,122.145
_13169_,122.1
pe_row\[2\].pe_col\[1\].pe_inst.b_out\[0\],121.925
pe_row\[1\].pe_col\[1\].pe_inst.b_out\[4\],121.815
pe_row\[1\].pe_col\[0\].pe_inst.a_out\[4\],121.76
_13155_,121.725
_12844_,121.7
_13165_,121.335
net575,121.19
_01600_,121.15
_12935_,120.89
_05462_,120.77
_04141_,120.705
_11092_,120.695
_01525_,120.56
pe_row\[0\].pe_col\[2\].pe_inst.b_in\[7\],120.52
_07854_,120.14
_05368_,120.13
_10237_,120
_07069_,119.92
pe_row\[2\].pe_col\[2\].pe_inst.b_out\[0\],119.64
pe_row\[0\].pe_col\[0\].pe_inst.a_out\[4\],119.52
_03341_,119.28
_08592_,118.99
_07058_,118.89
_05296_,118.78
_10973_,118.63
pe_row\[0\].pe_col\[1\].pe_inst.b_out\[5\],117.89
_05430_,117.75
_03914_,117.68
pe_row\[0\].pe_col\[3\].pe_inst.b_out\[2\],117.63
_09285_,117.38
_02990_,117.22
_08517_,117.22
pe_row\[0\].pe_col\[2\].pe_inst.b_out\[1\],117.04
_02342_,116.92
_01101_,116.82
_09436_,116.82
_02577_,116.76
pe_row\[3\].pe_col\[0\].pe_inst.a_in\[4\],116.65
_05406_,116.46
_05463_,116.41
_03902_,116.26
_08631_,116.19
_08515_,116.02
_10921_,115.98
_09371_,115.76
_01627_,115.69
_02352_,115.61
pe_row\[3\].pe_col\[1\].pe_inst.a_out\[6\],115.48
pe_row\[0\].pe_col\[1\].pe_inst.b_out\[4\],115.46
_07066_,115.415
net248,115.34
_13243_,115.24
_03470_,115.04
_10313_,114.84
pe_row\[3\].pe_col\[1\].pe_inst.a_out\[0\],114.78
_08586_,114.53
pe_row\[1\].pe_col\[0\].pe_inst.a_in\[5\],114.41
_03924_,113.6
_03817_,113.56
_01524_,113.32
_04661_,113.32
pe_row\[0\].pe_col\[0\].pe_inst.a_out\[6\],113.27
pe_row\[1\].pe_col\[0\].pe_inst.a_in\[4\],113
clknet_leaf_33_clk,112.92
_11080_,112.86
_07886_,112.76
pe_row\[2\].pe_col\[0\].pe_inst.b_out\[2\],112
_01090_,111.9
_07062_,111.51
_08173_,111.45
_06269_,111.44
_07859_,111.26
_08611_,110.94
pe_row\[2\].pe_col\[2\].pe_inst.b_out\[5\],110.74
_10207_,110.43
_01840_,110.12
_11739_,110.06
pe_row\[3\].pe_col\[0\].pe_inst.a_in\[2\],110
_08079_,109.98
_09657_,109.78
_00271_,109.725
_11799_,109.72
_06770_,109.66
_01602_,109.6
pe_row\[2\].pe_col\[2\].pe_inst.a_out\[1\],109.6
_07030_,109.51
_05300_,109.44
pe_row\[0\].pe_col\[3\].pe_inst.b_out\[5\],109.32
pe_row\[3\].pe_col\[2\].pe_inst.a_out\[2\],109.18
_01465_,109.145
_06225_,109.11
clknet_leaf_16_clk,109.08
_12438_,109.015
_03889_,108.74
_01673_,108.72
_03154_,108.6
_07916_,108.48
pe_row\[0\].pe_col\[0\].pe_inst.b_out\[7\],108.32
_12430_,108.09
_01605_,108.05
_03873_,107.8
_05515_,107.8
_07882_,107.78
_06314_,107.73
_06258_,107.68
_11707_,107.52
clknet_leaf_24_clk,107.36
_02501_,107.29
_12157_,107.25
_04681_,106.64
_04194_,106.62
_00601_,106.365
_09473_,106.28
_06705_,106
_08523_,105.8
_08083_,105.74
_09431_,105.73
pe_row\[3\].pe_col\[1\].pe_inst.a_out\[4\],105.66
_10205_,105.45
_00607_,105.445
_03923_,105.38
pe_row\[0\].pe_col\[2\].pe_inst.b_out\[0\],105.36
_07073_,105.16
_05551_,105.1
_04838_,105.08
_13164_,105.02
_07222_,105
pe_row\[0\].pe_col\[0\].pe_inst.b_out\[1\],104.82
_09477_,104.795
_07041_,104.46
_00913_,104.24
_10214_,104.1
_12901_,104.08
_05504_,104.06
_12499_,104.01
_06490_,103.92
_02557_,103.56
_11851_,103.54
_11090_,103.51
_01725_,103.345
_07067_,103.24
_06347_,103.12
_00822_,102.86
_01576_,102.79
_13175_,102.74
clknet_leaf_25_clk,102.675
_09402_,102.545
_01119_,102.44
_13216_,102.425
_11048_,102.33
_05616_,102.27
_10223_,102.225
_09574_,102.07
_01669_,102
net11,102
_02347_,101.74
_04693_,101.72
_05416_,101.53
pe_row\[1\].pe_col\[0\].pe_inst.a_in\[3\],101.53
_06968_,101.49
pe_row\[0\].pe_col\[2\].pe_inst.b_out\[2\],101.48
_09312_,101.28
_03163_,101.26
_01165_,101.24
_07910_,101.07
clknet_leaf_20_clk,101.06
pe_row\[0\].pe_col\[1\].pe_inst.b_out\[0\],101.04
_01013_,101
_09651_,100.93
_06965_,100.86
pe_row\[0\].pe_col\[1\].pe_inst.a_out\[1\],100.8
_09418_,100.58
_13159_,100.47
_07047_,100.46
_10936_,100.25
pe_row\[0\].pe_col\[1\].pe_inst.b_in\[0\],100.22
_11840_,100.195
pe_row\[0\].pe_col\[0\].pe_inst.a_out\[7\],100.195
pe_row\[0\].pe_col\[3\].pe_inst.b_in\[6\],100.16
_10222_,100.02
pe_row\[3\].pe_col\[0\].pe_inst.a_out\[0\],99.93
clknet_leaf_34_clk,99.9
_09660_,99.73
pe_row\[3\].pe_col\[1\].pe_inst.a_out\[7\],99.62
_09334_,99.56
_09505_,99.56
clknet_leaf_37_clk,99.36
pe_row\[0\].pe_col\[0\].pe_inst.a_out\[3\],99.28
_10937_,99.26
clknet_leaf_58_clk,99.26
_01464_,98.9
_08997_,98.82
_13241_,98.68
_02367_,98.645
_03465_,98.5
_05250_,98.4
pe_row\[2\].pe_col\[3\].pe_inst.b_out\[1\],98.355
_06243_,98.28
_01772_,98.25
_12442_,98.05
_06424_,98.04
_09474_,97.98
_07042_,97.91
_02351_,97.62
_05566_,97.55
pe_row\[2\].pe_col\[1\].pe_inst.a_out\[6\],97.54
_05373_,97.29
_00606_,97.165
_07911_,97.14
_03880_,97.12
_10211_,97.11
_01011_,97.08
pe_row\[1\].pe_col\[0\].pe_inst.b_out\[0\],97.04
pe_row\[2\].pe_col\[1\].pe_inst.b_out\[4\],96.82
_03122_,96.655
_07111_,96.61
_12078_,96.56
_02337_,96.55
clknet_leaf_54_clk,96.46
_02505_,96.435
_11242_,96.36
_11990_,96.36
_07359_,96.32
_12434_,96.28
_03767_,96.275
_06301_,96.23
_11015_,96.23
_05474_,96.22
clknet_leaf_56_clk,96.18
_07863_,96.155
pe_row\[0\].pe_col\[3\].pe_inst.b_in\[1\],96.135
_11149_,95.96
pe_row\[2\].pe_col\[2\].pe_inst.b_out\[3\],95.93
_09571_,95.88
_03884_,95.79
_06276_,95.71
_05371_,95.7
_10178_,95.68
_10943_,95.56
_07926_,95.52
clknet_leaf_5_clk,95.5
_10269_,95.46
_12377_,95.43
_05409_,95.27
_05629_,95.18
_02445_,95.16
_04142_,95.105
_10167_,95.1
_10926_,94.9
_10927_,94.88
pe_row\[2\].pe_col\[2\].pe_inst.b_out\[1\],94.845
pe_row\[1\].pe_col\[0\].pe_inst.a_in\[0\],94.82
_09373_,94.7
_03130_,94.59
_05475_,94.5
pe_row\[0\].pe_col\[1\].pe_inst.b_in\[7\],94.46
_08591_,94.45
pe_row\[0\].pe_col\[1\].pe_inst.a_out\[4\],94.3
clknet_leaf_88_clk,94.28
_12469_,94.24
_04024_,94.2
_07927_,94.1
_10172_,94.03
pe_row\[2\].pe_col\[0\].pe_inst.b_out\[5\],93.92
_12899_,93.88
_03382_,93.83
_07983_,93.825
pe_row\[2\].pe_col\[0\].pe_inst.b_out\[1\],93.82
pe_row\[1\].pe_col\[1\].pe_inst.b_out\[5\],93.78
_11005_,93.725
clknet_leaf_101_clk,93.64
_03386_,93.58
clknet_leaf_32_clk,93.54
_04557_,93.52
_08697_,93.52
_05911_,93.47
clknet_leaf_107_clk,93.3
_03355_,93.245
_03045_,93.2
_08620_,93.19
_08590_,93.14
_11714_,93.055
_06650_,92.94
_09413_,92.9
_06250_,92.815
pe_row\[2\].pe_col\[2\].pe_inst.b_out\[2\],92.75
_09277_,92.725
pe_row\[0\].pe_col\[2\].pe_inst.a_out\[5\],92.64
_01220_,92.62
_07798_,92.6
_11713_,92.6
_12093_,92.58
_06422_,92.56
_02372_,92.495
pe_row\[1\].pe_col\[0\].pe_inst.a_out\[6\],92.47
_04970_,92.45
_04669_,92.42
_02408_,92.4
_07997_,92.39
pe_row\[2\].pe_col\[1\].pe_inst.b_out\[6\],92.38
_11718_,92.32
_11004_,92.31
clknet_leaf_79_clk,92.22
_11037_,92.1
_10941_,92.09
_02296_,92.06
_03186_,92.04
_11008_,91.78
_08919_,91.66
_02413_,91.64
_10232_,91.58
_10183_,91.52
_03166_,91.43
_02558_,91.4
_07357_,91.26
_11686_,91.24
_02537_,91.18
_13249_,91.18
_06220_,91.07
_13224_,91.04
_07167_,90.87
_07079_,90.84
_02361_,90.65
_07054_,90.62
pe_row\[0\].pe_col\[2\].pe_inst.a_out\[6\],90.62
_07881_,90.59
_00552_,90.585
_02387_,90.47
_07890_,90.36
_02326_,90.355
_03272_,90.34
_11943_,90.28
_03126_,90.22
_07182_,90.02
_07586_,89.9
_08987_,89.84
_12720_,89.74
_05471_,89.7
_12855_,89.66
pe_row\[0\].pe_col\[2\].pe_inst.a_out\[7\],89.64
_00537_,89.56
_07064_,89.56
_13171_,89.54
_06249_,89.46
_12427_,89.46
pe_row\[0\].pe_col\[0\].pe_inst.b_out\[3\],89.46
pe_row\[2\].pe_col\[0\].pe_inst.b_out\[6\],89.39
_09442_,89.29
_10861_,89.27
_01177_,89.22
_07839_,89.22
_10862_,89.14
_11692_,89
_07053_,88.99
clknet_leaf_85_clk,88.98
_11163_,88.97
_09394_,88.95
_07741_,88.82
pe_row\[1\].pe_col\[0\].pe_inst.a_in\[2\],88.82
_11813_,88.8
pe_row\[0\].pe_col\[2\].pe_inst.b_in\[0\],88.76
_10201_,88.58
pe_row\[2\].pe_col\[1\].pe_inst.b_out\[2\],88.4
_01859_,88.36
_03218_,88.34
_09521_,88.24
_02399_,88.09
pe_row\[1\].pe_col\[1\].pe_inst.a_out\[1\],88.06
_05385_,88.04
_07416_,87.925
_12111_,87.905
_02677_,87.88
_10550_,87.86
_10501_,87.84
_04932_,87.78
_07776_,87.76
clknet_leaf_87_clk,87.7
_03148_,87.66
_05423_,87.55
net348,87.48
_06337_,87.42
_10235_,87.42
_06851_,87.36
_06315_,87.32
_02663_,87.26
_04837_,87.24
_08602_,87.24
_04646_,87.035
_04026_,86.87
_02525_,86.79
_11722_,86.79
_02688_,86.76
clknet_leaf_102_clk,86.74
_12480_,86.7
_06603_,86.62
_05220_,86.52
_03285_,86.5
_13168_,86.44
_12540_,86.42
_02383_,86.3
_12468_,86.27
_05726_,86.215
_01797_,86.21
_08791_,86.2
pe_row\[0\].pe_col\[1\].pe_inst.b_in\[6\],86.12
pe_row\[0\].pe_col\[1\].pe_inst.b_out\[6\],86.12
_02444_,86.05
_11634_,86.04
_02441_,85.99
pe_row\[2\].pe_col\[3\].pe_inst.b_out\[7\],85.98
_06291_,85.82
clknet_leaf_78_clk,85.76
_02504_,85.75
clknet_leaf_128_clk,85.73
pe_row\[0\].pe_col\[2\].pe_inst.b_out\[7\],85.62
_03814_,85.54
_10303_,85.5
_03538_,85.44
_03798_,85.37
pe_row\[0\].pe_col\[3\].pe_inst.b_in\[2\],85.365
_02299_,85.22
_13000_,85.14
_07915_,85.1
_10438_,85.09
_03223_,85.03
_03127_,84.975
_03473_,84.88
_03893_,84.88
_01532_,84.8
pe_row\[2\].pe_col\[2\].pe_inst.a_out\[2\],84.74
_04522_,84.68
_02023_,84.56
_02563_,84.5
_10208_,84.49
_12874_,84.47
_05372_,84.325
_00915_,84.19
_07858_,84.14
_11321_,84.06
_11165_,83.84
_04640_,83.82
_02382_,83.815
_10997_,83.74
clknet_leaf_31_clk,83.73
_04152_,83.7
_12551_,83.68
_10998_,83.66
_03141_,83.62
_01879_,83.6
_07999_,83.6
_11094_,83.59
_13223_,83.44
pe_row\[0\].pe_col\[3\].pe_inst.b_out\[4\],83.43
_10308_,83.36
_04862_,83.32
pe_row\[2\].pe_col\[1\].pe_inst.a_out\[7\],83.3
_05509_,83.26
_01671_,83.25
_12867_,83.22
_09408_,83.19
_00870_,83.16
_08725_,83.14
_03536_,83.02
_03819_,83.01
_09530_,82.98
_06298_,82.94
_06260_,82.92
_05456_,82.88
_03184_,82.81
clknet_leaf_15_clk,82.72
_03131_,82.68
_09677_,82.66
_08694_,82.6
_05623_,82.56
_10494_,82.515
clknet_leaf_1_clk,82.5
_05617_,82.49
_03042_,82.46
_06817_,82.45
_13189_,82.44
_02315_,82.42
_08080_,82.38
_00937_,82.32
_04149_,82.3
_05635_,82.28
_03033_,82.14
_07813_,82.11
_07937_,82.08
_00848_,82.06
pe_row\[1\].pe_col\[2\].pe_inst.b_out\[0\],82.04
_07183_,82
_05828_,81.98
pe_row\[2\].pe_col\[1\].pe_inst.a_out\[0\],81.96
_03344_,81.9
_04937_,81.86
_07789_,81.78
clknet_leaf_83_clk,81.7
_00897_,81.68
_03270_,81.68
_01395_,81.65
_08069_,81.6
_08692_,81.575
_03388_,81.54
_11697_,81.54
_07070_,81.48
pe_row\[2\].pe_col\[1\].pe_inst.b_out\[3\],81.48
_05431_,81.4
_10110_,81.4
_09559_,81.25
clknet_leaf_99_clk,81.25
pe_row\[1\].pe_col\[2\].pe_inst.a_out\[6\],81.12
_09444_,81.04
_12220_,81.04
_01401_,81.03
clknet_leaf_17_clk,81.005
pe_row\[2\].pe_col\[0\].pe_inst.b_out\[4\],80.98
_10199_,80.92
_09318_,80.88
pe_row\[2\].pe_col\[0\].pe_inst.a_out\[5\],80.86
_05921_,80.84
_06850_,80.84
_08682_,80.84
_06334_,80.82
_09332_,80.77
_01590_,80.74
_10144_,80.74
_03896_,80.73
_03738_,80.63
clknet_leaf_28_clk,80.595
_02321_,80.55
_07344_,80.52
pe_row\[0\].pe_col\[2\].pe_inst.b_out\[6\],80.52
_05963_,80.32
pe_row\[2\].pe_col\[3\].pe_inst.b_out\[0\],80.32
_08023_,80.26
_12450_,80.18
_13218_,80.18
_13085_,80.16
_10403_,80.035
_12599_,80.01
_02638_,80
pe_row\[0\].pe_col\[2\].pe_inst.a_out\[2\],80
_01277_,79.935
_10372_,79.86
pe_row\[2\].pe_col\[0\].pe_inst.a_out\[0\],79.8
net954,79.8
_11616_,79.76
_01849_,79.72
_12954_,79.72
net246,79.72
clknet_leaf_94_clk,79.72
_10196_,79.66
_02317_,79.57
_01646_,79.46
_09427_,79.46
_07816_,79.44
_04538_,79.42
_03786_,79.38
clknet_leaf_55_clk,79.38
_13170_,79.36
_03136_,79.34
_02303_,79.32
_08619_,79.28
clknet_leaf_52_clk,79.185
_02490_,79.16
_05459_,79.14
clknet_leaf_115_clk,79.14
_12999_,79.13
pe_row\[2\].pe_col\[1\].pe_inst.a_out\[2\],79.09
_04907_,79.055
_04040_,79.02
_02414_,79.01
_04714_,79.01
clknet_leaf_109_clk,78.94
clknet_leaf_23_clk,78.88
_12959_,78.835
_06769_,78.82
clknet_leaf_49_clk,78.765
skew_ctrl.a_sr\[6\]\[0\],78.7
pe_row\[2\].pe_col\[1\].pe_inst.b_out\[1\],78.68
_07708_,78.64
pe_row\[2\].pe_col\[3\].pe_inst.b_out\[4\],78.64
clknet_leaf_130_clk,78.6
_03917_,78.58
_04702_,78.44
_00042_,78.425
_02406_,78.32
_03187_,78.3
_10502_,78.29
pe_row\[2\].pe_col\[0\].pe_inst.b_out\[3\],78.28
_07356_,78.215
_07129_,78.18
_10948_,78.15
_02438_,78.14
_06272_,78.13
_05731_,78.115
_11921_,78.03
_05313_,78.02
clknet_leaf_86_clk,77.96
_00699_,77.935
_11357_,77.92
_11258_,77.84
_07108_,77.74
pe_row\[2\].pe_col\[0\].pe_inst.b_out\[0\],77.74
_03181_,77.7
_01633_,77.68
_08532_,77.64
_08093_,77.62
_09437_,77.59
_01581_,77.58
_00927_,77.54
_07802_,77.5
_00922_,77.4
_03392_,77.37
_11685_,77.33
_02250_,77.31
_11324_,77.3
_04906_,77.27
_04564_,77.25
_01002_,77.23
_02357_,77.17
_08928_,77.17
_07217_,77.16
_06871_,77.14
_09450_,77.1
_03151_,77.06
_07735_,77.04
_09331_,77.04
_04207_,77.02
clknet_leaf_13_clk,76.94
_03883_,76.88
_04864_,76.88
_09734_,76.88
_04672_,76.84
_04850_,76.8
_01642_,76.78
_08724_,76.68
_10949_,76.64
_10115_,76.62
_07092_,76.52
_12747_,76.495
clknet_leaf_75_clk,76.46
_03323_,76.43
pe_row\[3\].pe_col\[2\].pe_inst.a_out\[5\],76.4
pe_row\[2\].pe_col\[2\].pe_inst.b_out\[4\],76.38
_04038_,76.34
clknet_leaf_113_clk,76.3
_06265_,76.28
_03785_,76.24
_01582_,76.22
_04942_,76.18
_07725_,76.075
pe_row\[1\].pe_col\[2\].pe_inst.a_out\[1\],76.06
_03472_,76.02
_05850_,76.02
_04995_,75.98
_10590_,75.94
_07446_,75.82
_04943_,75.78
_07087_,75.77
_13036_,75.74
_03766_,75.67
_10560_,75.52
_04713_,75.515
_08625_,75.5
_05309_,75.49
_04761_,75.43
_07507_,75.39
_03044_,75.365
_03310_,75.26
_01584_,75.23
_09536_,75.22
_01015_,75.2
_05039_,75.16
_07842_,75.06
_12857_,75.04
_00659_,74.98
_13096_,74.96
_08017_,74.92
_10965_,74.905
_01109_,74.84
_03815_,74.8
_05470_,74.78
_03053_,74.77
_10512_,74.77
_06570_,74.745
_12194_,74.74
_09729_,74.68
_03394_,74.52
_13154_,74.52
_05461_,74.43
_10596_,74.34
_07985_,74.32
_07373_,74.29
_07451_,74.29
_02454_,74.285
pe_row\[1\].pe_col\[2\].pe_inst.a_out\[0\],74.25
clknet_leaf_26_clk,74.24
_08650_,74.2
_03813_,74.18
_01553_,74.16
_00923_,74.04
_03167_,74.04
_02652_,73.98
_06248_,73.91
_05961_,73.875
_07218_,73.85
clknet_leaf_82_clk,73.81
_04866_,73.78
_09762_,73.77
_06372_,73.76
_09317_,73.7
_02416_,73.68
_13197_,73.68
_08990_,73.67
_12158_,73.615
_02436_,73.57
net13,73.56
_03284_,73.55
net38,73.52
clknet_leaf_64_clk,73.5
_03026_,73.48
_11011_,73.48
_06387_,73.45
_08244_,73.375
_10127_,73.36
_09513_,73.29
_01672_,73.28
_12507_,73.24
_10589_,73.22
_12776_,73.16
_03129_,73.15
_11738_,73.14
_00605_,73.125
pe_row\[1\].pe_col\[3\].pe_inst.b_out\[3\],73.11
_08370_,73.1
_06286_,73.08
_11737_,73.005
_05634_,72.96
_03160_,72.94
_02430_,72.905
_08646_,72.9
_10728_,72.9
_04190_,72.86
_06711_,72.81
_12215_,72.8
clknet_leaf_129_clk,72.8
_01583_,72.64
clknet_leaf_62_clk,72.64
_07454_,72.63
pe_row\[0\].pe_col\[2\].pe_inst.a_out\[1\],72.6
_02320_,72.565
_02020_,72.48
_10230_,72.48
_12539_,72.395
_10218_,72.36
_07583_,72.34
_08114_,72.31
_01666_,72.26
_09563_,72.26
_05429_,72.255
_01040_,72.12
_02529_,72.1
_03161_,72.1
_08148_,71.995
_13146_,71.97
_09675_,71.96
pe_row\[1\].pe_col\[1\].pe_inst.a_out\[5\],71.94
_05835_,71.92
_00977_,71.88
_13181_,71.88
_04143_,71.84
_07874_,71.84
pe_row\[1\].pe_col\[2\].pe_inst.a_out\[7\],71.84
_13038_,71.74
_06432_,71.725
_01638_,71.71
_02247_,71.585
pe_row\[2\].pe_col\[2\].pe_inst.a_out\[0\],71.55
_02651_,71.53
_03366_,71.5
_06731_,71.5
_09827_,71.48
_12459_,71.42
_01711_,71.38
_12445_,71.35
_09298_,71.32
_01585_,71.315
clknet_leaf_100_clk,71.3
_03121_,71.28
_02455_,71.26
_04043_,71.22
_04834_,71.18
_04562_,71.12
pe_row\[0\].pe_col\[2\].pe_inst.b_in\[5\],71.07
_07078_,71.04
_08598_,71.04
_04290_,70.98
_04781_,70.98
_08729_,70.92
_06867_,70.9
_08189_,70.895
_09508_,70.89
_06971_,70.85
clknet_leaf_77_clk,70.82
_08755_,70.78
_07808_,70.76
_08183_,70.76
_12745_,70.71
_03117_,70.7
clknet_leaf_4_clk,70.64
pe_row\[1\].pe_col\[2\].pe_inst.b_out\[3\],70.62
_10947_,70.595
_13196_,70.585
pe_row\[1\].pe_col\[0\].pe_inst.a_out\[5\],70.56
_01596_,70.55
_09400_,70.55
_04022_,70.53
_04628_,70.52
_02456_,70.44
_07207_,70.42
_12425_,70.35
_09407_,70.325
_04851_,70.3
_08728_,70.2
_06935_,70.08
_03946_,70.06
_12886_,70.04
_12134_,70
_01541_,69.92
_07228_,69.855
_01035_,69.84
_01860_,69.84
net126,69.82
_05969_,69.76
_00657_,69.74
_04637_,69.74
_10723_,69.74
_01856_,69.7
_03306_,69.7
_10870_,69.645
_10268_,69.64
_11346_,69.64
_11766_,69.56
pe_row\[0\].pe_col\[3\].pe_inst.b_out\[7\],69.45
pe_row\[2\].pe_col\[3\].pe_inst.b_out\[2\],69.45
_06283_,69.39
clknet_leaf_46_clk,69.38
_06436_,69.32
_06510_,69.32
_10206_,69.32
_00604_,69.265
clknet_leaf_57_clk,69.22
pe_row\[1\].pe_col\[3\].pe_inst.b_out\[7\],69.14
pe_row\[2\].pe_col\[3\].pe_inst.b_out\[3\],69.14
_02439_,69.11
_01325_,69.1
_11924_,69.1
pe_row\[2\].pe_col\[0\].pe_inst.a_in\[7\],69.1
clknet_leaf_21_clk,69.08
_08118_,69.06
pe_row\[2\].pe_col\[3\].pe_inst.b_out\[6\],69.02
_08743_,68.95
_09053_,68.94
_03318_,68.92
_07205_,68.88
_01128_,68.86
_02334_,68.82
_02332_,68.79
_02407_,68.78
_06308_,68.78
_08740_,68.775
clknet_leaf_90_clk,68.74
_03054_,68.725
_01612_,68.72
_10587_,68.68
_11150_,68.68
_07110_,68.6
_07449_,68.6
_09503_,68.51
_04135_,68.5
_10883_,68.44
_01680_,68.34
_03723_,68.34
_03432_,68.3
_01629_,68.27
clknet_leaf_80_clk,68.24
_04563_,68.22
_08741_,68.22
_01313_,68.18
_05584_,68.135
_05303_,68.1
_01592_,68.06
_09076_,68.06
_00264_,68.045
_05763_,67.94
_03338_,67.92
_04868_,67.92
_01777_,67.86
_02077_,67.82
_09395_,67.79
_07729_,67.78
_10940_,67.68
_11629_,67.68
_11703_,67.68
_04904_,67.66
_10558_,67.66
_05425_,67.62
_06585_,67.6
clknet_leaf_65_clk,67.6
_01238_,67.58
clknet_leaf_6_clk,67.48
_08537_,67.46
_05567_,67.45
_07909_,67.45
_10221_,67.44
clknet_leaf_8_clk,67.44
_01473_,67.4
_01762_,67.4
_12426_,67.38
_12439_,67.38
_13225_,67.36
_11415_,67.3
clknet_leaf_50_clk,67.295
pe_row\[0\].pe_col\[0\].pe_inst.b_out\[2\],67.28
_07832_,67.26
_02842_,67.24
_06383_,67.18
pe_row\[0\].pe_col\[1\].pe_inst.b_out\[3\],67.14
_01147_,67.06
_05035_,66.98
pe_row\[0\].pe_col\[0\].pe_inst.a_out\[0\],66.98
clknet_leaf_92_clk,66.98
_06959_,66.86
_01552_,66.84
pe_row\[0\].pe_col\[2\].pe_inst.b_out\[5\],66.84
_02071_,66.82
_10338_,66.81
_02312_,66.8
clknet_leaf_84_clk,66.79
_06508_,66.755
_09372_,66.735
_01566_,66.72
clknet_leaf_108_clk,66.72
clknet_leaf_124_clk,66.71
clknet_leaf_41_clk,66.7
_05532_,66.66
_03726_,66.625
_08533_,66.54
_08161_,66.52
_10663_,66.5
_07378_,66.47
_12387_,66.455
_07797_,66.42
_08853_,66.34
_10920_,66.34
_00836_,66.31
_04312_,66.29
_03931_,66.27
pe_row\[2\].pe_col\[0\].pe_inst.a_in\[2\],66.26
_09560_,66.25
_06434_,66.24
_04610_,66.22
_03281_,66.2
_04636_,66.2
_04358_,66.16
_08792_,66.15
_00566_,66.065
_09080_,66.01
_01709_,65.98
_08649_,65.97
_08922_,65.9
_09293_,65.9
_02506_,65.87
_09648_,65.86
_06236_,65.84
clknet_leaf_47_clk,65.84
_07845_,65.82
_04232_,65.78
_10231_,65.78
_04359_,65.75
_07377_,65.7
_11909_,65.66
_07723_,65.63
_08391_,65.6
_11173_,65.54
_12482_,65.54
_05962_,65.525
_05806_,65.52
_08057_,65.5
_08538_,65.49
_08721_,65.45
_07806_,65.42
_11266_,65.42
net941,65.42
_09391_,65.37
_12139_,65.32
clknet_leaf_122_clk,65.27
_05854_,65.255
_07048_,65.24
_09377_,65.22
_03437_,65.2
_07034_,65.2
_01586_,65.18
_05918_,65.14
_13141_,65.14
_01828_,65.12
_04114_,65.09
_05477_,64.98
pe_row\[2\].pe_col\[1\].pe_inst.a_out\[5\],64.96
_02366_,64.91
_09540_,64.85
_08193_,64.8
_10962_,64.78
_06229_,64.7
_09227_,64.7
_05398_,64.66
_05565_,64.66
_05466_,64.65
pe_row\[3\].pe_col\[1\].pe_inst.a_out\[1\],64.48
_03234_,64.46
_04645_,64.38
_08525_,64.38
_08090_,64.37
_12930_,64.34
_09417_,64.335
_04130_,64.32
_04222_,64.3
_03947_,64.28
_06595_,64.22
_07984_,64.21
_05294_,64.2
_04680_,64.17
_02760_,64.14
_04642_,64.14
_09544_,64.14
_01921_,64.11
pe_row\[2\].pe_col\[0\].pe_inst.a_out\[4\],64.04
_01175_,64.02
_09457_,64.005
_08610_,64
_10349_,63.98
_12808_,63.96
_10279_,63.91
_12724_,63.89
_10612_,63.8
_04982_,63.795
_09938_,63.78
_09766_,63.76
_01599_,63.66
_11047_,63.64
_01216_,63.62
_05513_,63.62
_07154_,63.515
_12053_,63.48
_12858_,63.42
_01775_,63.4
_09888_,63.4
_11162_,63.4
_13198_,63.4
clknet_leaf_67_clk,63.38
_12455_,63.34
_02746_,63.32
_08030_,63.32
_08634_,63.32
_11842_,63.32
clknet_leaf_63_clk,63.28
_10236_,63.26
_11440_,63.2
_02356_,63.14
_11826_,63.13
clknet_leaf_48_clk,63.12
pe_row\[0\].pe_col\[1\].pe_inst.a_out\[2\],63.08
_02615_,63.06
_07171_,63.06
_11046_,63.03
_08654_,63.02
pe_row\[3\].pe_col\[2\].pe_inst.a_out\[1\],63
_11767_,62.98
_03871_,62.88
_13195_,62.86
_08585_,62.8
clknet_leaf_123_clk,62.74
_02275_,62.72
_04110_,62.715
_10584_,62.7
_08337_,62.68
_09287_,62.66
_08548_,62.64
_12105_,62.6
pe_row\[1\].pe_col\[2\].pe_inst.b_out\[4\],62.6
_11996_,62.58
_01108_,62.56
_03357_,62.54
_04107_,62.52
_01611_,62.5
_09710_,62.5
_04814_,62.48
_04972_,62.46
_10782_,62.46
_03909_,62.44
pe_row\[0\].pe_col\[3\].pe_inst.b_in\[7\],62.44
_02310_,62.36
_04443_,62.36
_07821_,62.32
_12947_,62.315
_08000_,62.31
_01572_,62.29
_05724_,62.26
_02729_,62.24
_01890_,62.2
_05386_,62.2
_07696_,62.14
_04129_,62.06
clknet_leaf_116_clk,62.06
clknet_leaf_43_clk,62.02
_04491_,61.99
_00932_,61.96
_08859_,61.96
_04492_,61.92
_12098_,61.92
_12149_,61.92
_08939_,61.9
_09230_,61.84
pe_row\[1\].pe_col\[2\].pe_inst.b_out\[5\],61.82
clknet_leaf_120_clk,61.78
_02649_,61.76
_11638_,61.76
_01872_,61.735
_07996_,61.73
_05862_,61.7
clknet_leaf_39_clk,61.7
_06486_,61.695
_10307_,61.68
_11351_,61.64
_07490_,61.62
_07836_,61.62
_03555_,61.61
_02402_,61.4
_06254_,61.4
_07049_,61.395
_03138_,61.38
_03400_,61.36
pe_row\[3\].pe_col\[0\].pe_inst.a_in\[7\],61.34
_00984_,61.3
_01276_,61.28
_07016_,61.25
_09666_,61.24
_10219_,61.1
_01411_,61.07
_02010_,61.06
_08116_,61.04
_04236_,61
_13192_,61
_05827_,60.96
_13173_,60.94
_00662_,60.84
_06657_,60.76
_11010_,60.76
_03908_,60.74
_06958_,60.69
_08778_,60.63
_09379_,60.63
_02294_,60.62
_01928_,60.6
_07803_,60.6
_08594_,60.595
_01125_,60.49
_00488_,60.465
_12502_,60.38
_01215_,60.3
_03561_,60.3
_04551_,60.28
_13158_,60.28
_02548_,60.27
_05383_,60.24
_10872_,60.22
_12385_,60.22
_06282_,60.2
_13086_,60.2
clknet_leaf_72_clk,60.19
_00900_,60.18
_02629_,60.18
_10966_,60.16
pe_row\[1\].pe_col\[0\].pe_inst.b_out\[4\],60.16
_07428_,60.12
_01052_,60.11
_12725_,60.02
clknet_leaf_12_clk,60.02
_08528_,60.01
_09458_,59.98
_10714_,59.98
_11916_,59.95
_01472_,59.94
_04643_,59.9
_06488_,59.86
_04561_,59.84
_09370_,59.82
_05381_,59.795
_07949_,59.78
_11061_,59.78
_12080_,59.76
_11872_,59.74
_06704_,59.71
_01847_,59.69
_11701_,59.68
_10657_,59.66
_03882_,59.645
_01577_,59.56
_05720_,59.54
_00041_,59.52
_09046_,59.48
_12048_,59.48
_05809_,59.4
_06970_,59.4
pe_row\[2\].pe_col\[0\].pe_inst.a_out\[6\],59.4
_10213_,59.38
_02271_,59.365
_01661_,59.36
_08058_,59.28
pe_row\[0\].pe_col\[2\].pe_inst.b_in\[4\],59.26
_01737_,59.24
clknet_leaf_69_clk,59.24
_05533_,59.22
_12100_,59.21
_10274_,59.14
_07277_,59.1
_09816_,59.08
_01043_,59.06
_01588_,59.06
_07223_,59.06
clknet_leaf_29_clk,59.06
_03439_,59.02
_10097_,58.97
_05472_,58.96
pe_row\[3\].pe_col\[0\].pe_inst.a_out\[3\],58.93
_09543_,58.88
_05312_,58.86
_10225_,58.86
_05992_,58.84
clknet_leaf_36_clk,58.835
_07127_,58.78
clknet_leaf_125_clk,58.78
_01687_,58.76
_01892_,58.74
_08616_,58.74
_06504_,58.73
_00661_,58.605
_05646_,58.6
_11012_,58.6
_01517_,58.595
_05480_,58.58
pe_row\[1\].pe_col\[2\].pe_inst.b_out\[2\],58.58
_06340_,58.56
_06384_,58.56
_10270_,58.55
_05751_,58.5
_01059_,58.48
_00825_,58.42
_10944_,58.42
_06498_,58.4
_01516_,58.395
_02423_,58.34
_06945_,58.27
_01256_,58.26
_07130_,58.25
clknet_leaf_98_clk,58.24
_01796_,58.23
_07118_,58.21
_02719_,58.14
_00978_,58.11
_10688_,58.08
_02336_,58.06
_04150_,58.04
_12163_,58.02
pe_row\[2\].pe_col\[1\].pe_inst.a_out\[3\],58
_09526_,57.935
_03603_,57.93
_01389_,57.9
_12537_,57.88
_13127_,57.865
clknet_leaf_18_clk,57.8
_10557_,57.74
_04574_,57.7
_10518_,57.7
_08787_,57.67
_04343_,57.66
_11381_,57.66
pe_row\[1\].pe_col\[3\].pe_inst.b_out\[6\],57.66
_12868_,57.65
_10217_,57.605
_06435_,57.6
_06740_,57.6
_02856_,57.58
_03232_,57.56
_13250_,57.56
_05564_,57.46
_04041_,57.43
_05547_,57.4
_04123_,57.39
_12204_,57.355
_08722_,57.32
_05528_,57.3
_11696_,57.3
_01007_,57.28
_08688_,57.28
_12862_,57.12
_01691_,57.105
_07083_,57.08
_09597_,57.08
_11252_,57.02
clknet_leaf_40_clk,57.02
_12478_,57
pe_row\[0\].pe_col\[0\].pe_inst.b_out\[5\],57
pe_row\[3\].pe_col\[2\].pe_inst.a_out\[3\],56.98
_08099_,56.96
pe_row\[1\].pe_col\[1\].pe_inst.a_out\[0\],56.96
_08126_,56.94
clknet_leaf_110_clk,56.9
_12378_,56.875
_01148_,56.825
_08671_,56.82
_08723_,56.82
_12742_,56.805
pe_row\[2\].pe_col\[0\].pe_inst.a_in\[0\],56.8
_03195_,56.78
_00832_,56.76
_02846_,56.69
pe_row\[1\].pe_col\[0\].pe_inst.a_out\[2\],56.68
_04957_,56.66
_07724_,56.66
_01081_,56.64
_04296_,56.62
_00039_,56.605
pe_row\[1\].pe_col\[2\].pe_inst.a_out\[5\],56.5
_09586_,56.48
_06662_,56.42
_10954_,56.415
clknet_leaf_103_clk,56.4
_09747_,56.35
_03511_,56.34
_08389_,56.3
_12532_,56.3
clknet_leaf_35_clk,56.3
_13095_,56.28
_08530_,56.26
_05382_,56.25
_10280_,56.24
_10509_,56.19
_04453_,56.16
_03283_,56.1
_03916_,56.1
_12152_,56.1
_01534_,56.06
_12780_,56.06
_12101_,56.03
_00567_,55.965
_02026_,55.96
_11883_,55.935
_02375_,55.92
_11717_,55.92
_03113_,55.9
_07138_,55.84
_03116_,55.82
_09511_,55.8
_05408_,55.74
_07076_,55.735
_10198_,55.68
_12792_,55.64
clknet_leaf_22_clk,55.64
_02554_,55.58
_02616_,55.58
_08386_,55.56
_10275_,55.56
_12481_,55.55
pe_row\[2\].pe_col\[0\].pe_inst.a_in\[3\],55.52
_04415_,55.42
_13248_,55.415
_05792_,55.4
_08201_,55.4
_04241_,55.39
_07851_,55.38
_10114_,55.38
_12433_,55.38
_07225_,55.36
_08108_,55.36
_09330_,55.34
_09756_,55.34
_05467_,55.32
_03995_,55.3
_04287_,55.29
_06368_,55.27
_08078_,55.26
_03900_,55.22
_08570_,55.2
_03438_,55.17
_02389_,55.13
_01798_,55.09
_07291_,55.02
_08630_,54.98
_07981_,54.96
_09412_,54.96
_05943_,54.94
_06240_,54.925
_04089_,54.92
_02378_,54.89
_06385_,54.89
_11000_,54.89
_05092_,54.88
_04873_,54.855
_02052_,54.84
_04668_,54.82
_07796_,54.8
_08950_,54.8
_10931_,54.8
clknet_leaf_53_clk,54.78
_12541_,54.72
pe_row\[3\].pe_col\[1\].pe_inst.a_out\[3\],54.72
pe_row\[3\].pe_col\[2\].pe_inst.a_out\[7\],54.72
_03836_,54.68
_03267_,54.66
_11178_,54.65
_02468_,54.62
_07272_,54.62
_04576_,54.6
_04842_,54.56
_09774_,54.53
_03926_,54.45
_10953_,54.445
_03905_,54.435
_03150_,54.42
_02135_,54.415
_10187_,54.4
_03904_,54.38
_01713_,54.36
_04782_,54.36
_01706_,54.3
_00983_,54.265
pe_row\[1\].pe_col\[3\].pe_inst.b_out\[5\],54.26
clknet_leaf_30_clk,54.24
_09566_,54.22
pe_row\[0\].pe_col\[2\].pe_inst.a_out\[3\],54.22
_11790_,54.21
_07876_,54.165
_07206_,54.16
_07283_,54.16
_01604_,54.12
_07061_,54.09
_05433_,54.06
_04711_,54.04
_11254_,54.02
_02742_,54
_04413_,53.97
_05514_,53.94
_02248_,53.92
_09421_,53.91
_05537_,53.9
_06623_,53.9
_12113_,53.89
_12971_,53.88
_04715_,53.86
_03367_,53.84
_09578_,53.82
_12202_,53.76
_06756_,53.745
_06156_,53.68
_02621_,53.64
_07878_,53.64
_10964_,53.6
_07847_,53.595
_12448_,53.56
_04631_,53.54
_01055_,53.52
_01408_,53.48
_09461_,53.48
clknet_leaf_96_clk,53.48
_01191_,53.44
_11033_,53.42
_11406_,53.42
_09587_,53.38
_12533_,53.38
pe_row\[3\].pe_col\[0\].pe_inst.a_in\[5\],53.37
_06437_,53.36
_12087_,53.32
_05119_,53.315
_03599_,53.28
_02604_,53.24
_05486_,53.24
_02773_,53.16
clknet_leaf_106_clk,53.16
_03518_,53.14
_04623_,53.12
_07500_,53.12
_08540_,53.12
_11384_,53.06
_02584_,53.055
_00660_,53.02
_11262_,52.98
_02556_,52.94
_03356_,52.94
_01570_,52.92
_04905_,52.92
_07826_,52.91
_03143_,52.88
_03153_,52.87
_08606_,52.87
_02341_,52.85
_01050_,52.84
_05834_,52.84
_07145_,52.84
_03252_,52.8
_08696_,52.8
_09775_,52.8
_11095_,52.78
_09406_,52.73
_06297_,52.72
_07084_,52.72
_03139_,52.7
_13200_,52.7
_12153_,52.66
_11837_,52.635
_11712_,52.63
_08953_,52.61
_07580_,52.58
_00925_,52.56
_07033_,52.555
_00559_,52.54
_05840_,52.54
clknet_leaf_118_clk,52.54
_02520_,52.52
_02795_,52.52
_05411_,52.52
_02305_,52.46
_07131_,52.42
_01734_,52.4
_04622_,52.36
_08913_,52.33
_02539_,52.32
_03663_,52.295
_04679_,52.28
_12107_,52.28
_03636_,52.26
_07263_,52.26
_05332_,52.205
_06163_,52.18
_11322_,52.18
_04725_,52.15
_03235_,52.14
_11189_,52.12
_07857_,52.11
_10562_,52.08
_13222_,52.08
_03645_,52.02
_09517_,52
_11641_,52
_02177_,51.99
_06533_,51.99
_10251_,51.97
_05328_,51.95
_10348_,51.9
_07219_,51.89
_04845_,51.84
_00958_,51.82
_09558_,51.82
_10411_,51.8
_11775_,51.8
_12547_,51.8
_03660_,51.78
_01795_,51.76
_07132_,51.75
_00658_,51.72
_04683_,51.67
_04191_,51.66
_06221_,51.66
_02453_,51.64
_06993_,51.62
_07177_,51.6
_06500_,51.56
_13013_,51.5
clknet_leaf_112_clk,51.5
_02853_,51.48
_05550_,51.48
_11420_,51.48
_05987_,51.42
_06503_,51.36
_07801_,51.345
_07661_,51.34
_11628_,51.28
_04199_,51.24
_09323_,51.22
_10103_,51.22
_00279_,51.16
_09416_,51.14
_11283_,51.14
_10116_,51.12
_12859_,51.12
_00037_,51.1
_09579_,51.1
_11507_,51.1
_03892_,51.08
_11741_,51.08
_05557_,51.075
_03901_,51.04
_12671_,51.02
_13180_,51
_13215_,50.995
_09401_,50.95
_12484_,50.94
_10510_,50.93
_09590_,50.92
_04206_,50.9
_09828_,50.9
_12372_,50.88
_08943_,50.84
_03204_,50.8
_11153_,50.8
_07924_,50.75
_04075_,50.7
_11876_,50.7
_12133_,50.68
_06469_,50.66
_08809_,50.61
_01829_,50.56
_05895_,50.56
_09079_,50.56
_11066_,50.56
_11947_,50.54
_04883_,50.52
_04596_,50.51
_07986_,50.5
_07181_,50.46
_11639_,50.46
clknet_leaf_76_clk,50.42
_05839_,50.4
_10412_,50.33
_01178_,50.3
_05769_,50.28
_08063_,50.28
_02170_,50.26
_11143_,50.26
_04822_,50.24
_06976_,50.16
_05639_,50.15
_09520_,50.12
_06386_,50.11
_03932_,50.08
_08786_,50.08
_03847_,50.07
_06578_,50.02
_07441_,50.02
_12382_,50
_06162_,49.99
_09321_,49.96
_02301_,49.94
_04452_,49.94
_06992_,49.94
_07827_,49.935
_12860_,49.93
_02917_,49.88
_07736_,49.88
_03689_,49.86
_08584_,49.86
_02253_,49.84
_08297_,49.84
_08096_,49.78
_09525_,49.765
_01436_,49.76
_02473_,49.74
_12444_,49.72
_05107_,49.7
_10686_,49.7
_04760_,49.69
_10049_,49.68
_09016_,49.64
_06450_,49.635
_02841_,49.62
pe_row\[0\].pe_col\[2\].pe_inst.b_out\[4\],49.56
_10866_,49.54
_12132_,49.52
_08021_,49.5
_09386_,49.5
_12102_,49.5
_12534_,49.46
_04797_,49.41
_08948_,49.38
_03640_,49.37
_02145_,49.36
_06028_,49.36
_12870_,49.34
_02452_,49.33
_11645_,49.33
_06339_,49.32
pe_row\[2\].pe_col\[0\].pe_inst.a_out\[2\],49.32
clknet_leaf_70_clk,49.315
_11760_,49.3
_02668_,49.28
_04238_,49.275
_01503_,49.26
_06233_,49.25
_04489_,49.23
_03583_,49.22
_06405_,49.2
_04733_,49.14
_06783_,49.12
_08645_,49.12
_08415_,49.06
_01953_,49.04
_13129_,49.04
_04880_,49
_07331_,49
_07501_,49
_07549_,48.98
_03205_,48.96
_01415_,48.95
_06213_,48.94
_05078_,48.93
_00663_,48.88
_02787_,48.83
_01614_,48.815
_01061_,48.8
_01078_,48.8
_10999_,48.8
pe_row\[3\].pe_col\[2\].pe_inst.a_out\[6\],48.8
_07057_,48.78
_08837_,48.78
_07930_,48.76
_04028_,48.74
_01615_,48.7
_05752_,48.7
_08714_,48.7
_11331_,48.68
_11382_,48.66
_05743_,48.65
_05123_,48.63
_01766_,48.625
_01670_,48.58
_03595_,48.54
_07332_,48.54
_01764_,48.5
_12073_,48.5
_12383_,48.5
_07165_,48.495
_04045_,48.46
_07817_,48.455
_03247_,48.44
_05856_,48.4
_07234_,48.4
_11373_,48.4
_05757_,48.38
_07932_,48.38
_06166_,48.36
_10797_,48.36
_11184_,48.36
_11995_,48.36
_07081_,48.34
_08355_,48.34
_08705_,48.34
_08599_,48.3
_09212_,48.26
_11627_,48.26
_08898_,48.22
_10720_,48.22
_01977_,48.2
_03337_,48.2
_04144_,48.2
_10958_,48.175
_01036_,48.165
_05621_,48.14
_06457_,48.14
_02243_,48.12
_10107_,48.12
_12123_,48.12
_03095_,48.1
_07261_,48.1
_07855_,48.08
_09549_,48.08
pe_row\[0\].pe_col\[2\].pe_inst.b_in\[2\],48.06
_01186_,48.05
_04573_,48.04
_06302_,48.04
_10656_,48.02
_13202_,48
_04570_,47.97
_09422_,47.96
_04960_,47.94
_09699_,47.94
_11631_,47.9
pe_row\[2\].pe_col\[0\].pe_inst.a_in\[5\],47.9
_07712_,47.88
_01607_,47.86
_11817_,47.86
_03191_,47.84
_08285_,47.82
_06273_,47.8
_02111_,47.79
_07189_,47.76
_01488_,47.75
_07793_,47.74
_09132_,47.74
_06417_,47.72
_09792_,47.71
_10817_,47.71
_11082_,47.71
_04008_,47.7
_06577_,47.68
_03202_,47.66
_05363_,47.64
_11774_,47.56
_03906_,47.555
_02593_,47.54
pe_row\[1\].pe_col\[1\].pe_inst.a_out\[6\],47.52
_08703_,47.5
_09042_,47.5
_02325_,47.48
_04104_,47.48
_11070_,47.45
_07840_,47.44
_12895_,47.425
_08959_,47.4
_01999_,47.36
_07818_,47.36
_08615_,47.34
_09322_,47.315
_09688_,47.3
_12789_,47.3
_09443_,47.27
_03704_,47.26
_07744_,47.22
clknet_leaf_45_clk,47.22
_01767_,47.18
_04158_,47.18
_07884_,47.16
pe_row\[0\].pe_col\[1\].pe_inst.b_in\[4\],47.155
_08904_,47.15
_03361_,47.14
_05310_,47.14
_12762_,47.14
_01707_,47.13
_08739_,47.1
_01447_,47.06
_11218_,47.06
_01603_,47.035
_13140_,47.02
_05128_,46.99
_12598_,46.98
_10976_,46.96
_07105_,46.94
_07330_,46.9
_03024_,46.88
_05030_,46.88
_11223_,46.88
_08202_,46.86
net581,46.84
_07828_,46.82
_04867_,46.81
_10742_,46.81
_05526_,46.8
_11078_,46.78
_02316_,46.77
_06287_,46.76
_06426_,46.76
_09148_,46.76
_08805_,46.73
_05512_,46.695
_08549_,46.68
_06948_,46.66
_09049_,46.66
_09488_,46.66
_10532_,46.66
_12945_,46.66
_05655_,46.62
_12946_,46.6
_13193_,46.58
_10480_,46.52
_09925_,46.5
_03911_,46.48
_11453_,46.46
_08557_,46.44
_10481_,46.44
_13149_,46.44
_04165_,46.42
_10635_,46.4
_02230_,46.38
_01595_,46.34
_11889_,46.32
_12454_,46.3
_01249_,46.28
_09003_,46.24
_10570_,46.175
_05578_,46.17
_12782_,46.17
_08918_,46.14
_12470_,46.13
_03331_,46.12
_05721_,46.1
_06826_,46.06
_11930_,46.04
_11849_,46.035
_00993_,46
clknet_leaf_38_clk,46
_01891_,45.98
_07856_,45.98
pe_row\[3\].pe_col\[0\].pe_inst.a_out\[4\],45.96
_05151_,45.95
_01047_,45.92
_04854_,45.915
_10806_,45.86
_12191_,45.84
_07632_,45.83
_03360_,45.8
_11107_,45.8
_13207_,45.8
_11151_,45.79
_08760_,45.78
_03108_,45.76
_10399_,45.76
_06421_,45.74
_07977_,45.74
_07439_,45.72
_10169_,45.72
clknet_leaf_114_clk,45.72
_01807_,45.685
_11761_,45.68
_10571_,45.64
_05583_,45.56
_09685_,45.56
_11951_,45.56
_02019_,45.51
_09302_,45.5
_09459_,45.48
_05468_,45.46
_11963_,45.45
_06408_,45.44
_07301_,45.44
clknet_leaf_61_clk,45.4
_08764_,45.395
_03957_,45.38
_06268_,45.36
_05820_,45.33
_04208_,45.32
clknet_leaf_27_clk,45.32
_02789_,45.315
_03243_,45.31
_04418_,45.26
_09015_,45.26
_03370_,45.24
_02371_,45.22
_00087_,45.145
_02403_,45.14
_04004_,45.14
_05904_,45.12
_02032_,45.08
_05507_,45.08
pe_row\[0\].pe_col\[3\].pe_inst.b_in\[0\],45.08
_00806_,45.06
_08683_,45.06
_03888_,45.04
_02128_,45.03
_03000_,45.01
_12289_,45
_13094_,44.99
_00359_,44.985
_08235_,44.96
_01145_,44.94
_02619_,44.93
_02449_,44.92
_06969_,44.91
_04133_,44.88
_06543_,44.88
_08738_,44.88
_05516_,44.86
_10452_,44.82
_09643_,44.8
_12188_,44.8
_04994_,44.76
_01723_,44.74
_08917_,44.74
_13247_,44.72
_07014_,44.71
pe_row\[2\].pe_col\[2\].pe_inst.b_out\[7\],44.68
_07522_,44.66
_07582_,44.64
_10634_,44.64
_11610_,44.64
_13206_,44.58
_06177_,44.56
_06628_,44.56
_06670_,44.56
_04014_,44.54
_08655_,44.54
_07276_,44.535
_11169_,44.53
clknet_leaf_104_clk,44.52
_01058_,44.5
_05364_,44.5
_03192_,44.48
_08071_,44.48
_00563_,44.465
_08956_,44.46
_01086_,44.44
_03686_,44.44
_05033_,44.44
pe_row\[2\].pe_col\[2\].pe_inst.a_out\[3\],44.4
_04849_,44.36
_11454_,44.36
_02121_,44.34
_10977_,44.34
clknet_leaf_111_clk,44.3
_03060_,44.28
_03414_,44.28
_12549_,44.28
_02377_,44.27
_02458_,44.26
_05307_,44.26
_10430_,44.26
_04647_,44.24
_11034_,44.24
_01377_,44.22
_01608_,44.22
_04112_,44.22
_03454_,44.19
_01204_,44.18
_02098_,44.18
_02380_,44.18
_09378_,44.18
_04585_,44.16
_07892_,44.16
_12138_,44.16
_02671_,44.14
_07097_,44.14
_01933_,44.12
_02999_,44.12
_02852_,44.1
_03140_,44.1
_11418_,44.1
_10606_,44.09
_05817_,44.08
_11397_,44.06
_03925_,44.04
_05428_,44.04
_10212_,43.98
_10346_,43.96
_12887_,43.96
_06288_,43.925
_03162_,43.92
_10925_,43.91
_04810_,43.88
_02035_,43.84
_06556_,43.78
_07835_,43.74
_11853_,43.72
_04338_,43.7
_10955_,43.66
_04762_,43.62
_13145_,43.61
_04869_,43.6
_07187_,43.6
_01979_,43.56
_00821_,43.54
_13244_,43.535
_00914_,43.52
_09471_,43.505
_02141_,43.5
_12479_,43.5
_03248_,43.48
_11649_,43.48
_02465_,43.44
_05959_,43.44
_10586_,43.44
pe_row\[0\].pe_col\[1\].pe_inst.a_out\[3\],43.43
_09367_,43.395
_04389_,43.375
_03590_,43.36
_11812_,43.36
_09582_,43.34
_02376_,43.32
_10171_,43.32
_12786_,43.27
_03962_,43.26
_05782_,43.26
_10140_,43.26
pe_row\[1\].pe_col\[1\].pe_inst.b_out\[7\],43.26
clknet_leaf_74_clk,43.26
_11637_,43.24
_02612_,43.21
_09385_,43.15
_01668_,43.06
_02471_,43.06
_02570_,43.06
_04034_,43.06
_09743_,43.04
_03233_,43.03
_01770_,43.02
_05068_,43.02
_05501_,43.02
_09523_,43.015
_09717_,43
_02775_,42.995
_11414_,42.995
_01776_,42.98
_02721_,42.96
_03879_,42.96
clknet_leaf_89_clk,42.96
_08046_,42.94
_08689_,42.94
net607,42.89
_07056_,42.88
_10555_,42.88
pe_row\[3\].pe_col\[2\].pe_inst.a_out\[4\],42.88
net591,42.88
_01694_,42.86
_12384_,42.85
_01765_,42.82
_06943_,42.82
_01068_,42.8
_10939_,42.775
_08181_,42.7
_08923_,42.66
_05868_,42.6
_06228_,42.59
_05524_,42.58
_10572_,42.58
pe_row\[2\].pe_col\[2\].pe_inst.a_out\[4\],42.58
_03543_,42.57
_10200_,42.56
_03539_,42.54
_11177_,42.54
_02534_,42.53
_02576_,42.52
_05369_,42.48
_08094_,42.46
_12952_,42.46
_12368_,42.45
_00358_,42.445
_07246_,42.44
_10980_,42.44
clknet_leaf_2_clk,42.44
_01558_,42.42
_06224_,42.42
_12198_,42.4
_03985_,42.39
_04147_,42.33
_00792_,42.32
_09884_,42.32
_06097_,42.28
_02304_,42.26
_12131_,42.24
_04759_,42.2
_08028_,42.2
_08640_,42.2
_12739_,42.2
_00826_,42.195
_13099_,42.18
_03430_,42.17
_08952_,42.15
_05910_,42.1
_07296_,42.1
_05811_,42.08
_08535_,42.08
_04080_,42.06
pe_row\[2\].pe_col\[0\].pe_inst.a_out\[3\],42.06
_07982_,42.04
_10524_,42.04
_06735_,42
_05178_,41.98
net621,41.98
_11743_,41.97
_03236_,41.96
_03565_,41.96
_07275_,41.96
_01938_,41.94
_11201_,41.94
_03279_,41.93
_06165_,41.93
_03994_,41.92
_11546_,41.92
_12437_,41.9
_13027_,41.9
_11501_,41.88
_03506_,41.86
_06669_,41.86
_09681_,41.86
_04820_,41.82
_12267_,41.82
_03301_,41.78
_02680_,41.76
_03746_,41.76
_10243_,41.76
_05290_,41.755
_12601_,41.755
_01330_,41.75
_01986_,41.74
_07435_,41.74
_05591_,41.72
_03592_,41.7
_13076_,41.7
_12249_,41.675
_08784_,41.66
_09308_,41.66
_02119_,41.65
_02804_,41.64
_00841_,41.62
_08176_,41.58
_01782_,41.56
_05561_,41.56
_12381_,41.56
_12783_,41.52
_02896_,41.48
_10175_,41.48
_11545_,41.48
pe_row\[0\].pe_col\[1\].pe_inst.b_in\[5\],41.48
_04345_,41.47
_04408_,41.46
_02132_,41.44
_09683_,41.44
_10111_,41.44
_02689_,41.42
clknet_leaf_131_clk,41.42
_03299_,41.4
_08198_,41.4
_10191_,41.38
_06594_,41.36
_03266_,41.34
_08476_,41.34
_00793_,41.325
_07214_,41.32
_02913_,41.3
_00831_,41.28
pe_row\[0\].pe_col\[1\].pe_inst.b_out\[7\],41.28
_08076_,41.255
_03747_,41.24
_05118_,41.205
_04052_,41.2
_04799_,41.2
_10133_,41.2
_02918_,41.18
_07170_,41.18
_10283_,41.18
_11822_,41.08
_07788_,41.07
_03375_,41.06
_03540_,41.06
_07956_,41.06
_08056_,41.06
_04979_,41.04
_09614_,41.04
_06511_,41.02
_07052_,41.02
_00885_,41
_02151_,41
_12933_,41
net853,41
_09623_,40.98
_10302_,40.96
_10170_,40.94
_12685_,40.94
_12587_,40.93
_11721_,40.92
_13117_,40.92
_07029_,40.89
_10320_,40.89
_06709_,40.86
_03965_,40.855
_02875_,40.84
_05149_,40.84
_09122_,40.84
_12170_,40.84
_06667_,40.82
_07172_,40.82
_07779_,40.82
_03624_,40.78
_08852_,40.78
_04348_,40.76
_08513_,40.76
_08012_,40.7
_09013_,40.7
_00357_,40.685
_05656_,40.68
_06966_,40.68
_02681_,40.66
_12449_,40.65
_01565_,40.64
_06937_,40.64
_07979_,40.64
_08776_,40.64
pe_row\[1\].pe_col\[2\].pe_inst.a_out\[3\],40.62
clknet_leaf_0_clk,40.6
_11166_,40.58
_09642_,40.555
_07384_,40.54
_01875_,40.52
_01264_,40.5
_12025_,40.5
_06872_,40.48
clknet_leaf_3_clk,40.48
_00655_,40.465
_09411_,40.45
_07987_,40.42
_10028_,40.42
_01947_,40.41
_10733_,40.38
clknet_leaf_7_clk,40.38
_04020_,40.37
_01889_,40.35
_10121_,40.34
_06497_,40.28
_12777_,40.28
_01134_,40.26
_04230_,40.26
_04776_,40.215
_05262_,40.2
_06336_,40.14
_07153_,40.14
_07247_,40.14
_13098_,40.14
_02811_,40.1
_04811_,40.1
_12676_,40.1
pe_row\[0\].pe_col\[0\].pe_inst.a_out\[1\],40.1
pe_row\[0\].pe_col\[1\].pe_inst.a_out\[7\],40.08
_06505_,40.05
_09198_,40.04
_01674_,40.03
_01259_,40.005
_04127_,40
_12903_,40
_08112_,39.99
_10865_,39.98
_11708_,39.98
_02978_,39.97
_08901_,39.96
_10265_,39.96
_13233_,39.96
_01747_,39.94
_02725_,39.94
_01449_,39.915
_01489_,39.9
net610,39.9
_03134_,39.88
_08686_,39.875
_12050_,39.86
_02958_,39.85
_03431_,39.83
_04317_,39.82
_06492_,39.8
_11105_,39.8
_09841_,39.78
_11758_,39.78
_00648_,39.765
_01268_,39.74
_03458_,39.72
_09223_,39.72
_04732_,39.7
_07860_,39.68
_08322_,39.68
_11271_,39.68
_12793_,39.66
_09355_,39.63
_02599_,39.62
_04746_,39.6
_10493_,39.6
_05653_,39.58
_03949_,39.57
_10930_,39.54
_01069_,39.52
_04132_,39.52
pe_row\[1\].pe_col\[2\].pe_inst.a_out\[4\],39.48
_06938_,39.46
_08255_,39.46
_08624_,39.46
_04747_,39.455
_02280_,39.43
_05213_,39.43
_01201_,39.42
_08089_,39.42
_10492_,39.42
_02293_,39.4
_06420_,39.4
_06509_,39.4
_07306_,39.4
_08851_,39.4
_05384_,39.38
_12835_,39.36
_03144_,39.34
_05226_,39.34
_11723_,39.34
_12612_,39.335
_02574_,39.32
_10446_,39.3
_04427_,39.28
_08793_,39.28
_11777_,39.27
_03379_,39.26
_08340_,39.26
_09295_,39.26
_00998_,39.24
_09027_,39.24
_09659_,39.24
_02496_,39.22
_02682_,39.22
_08892_,39.22
_11803_,39.22
_08736_,39.2
_02662_,39.18
_01726_,39.16
_02012_,39.16
_03772_,39.14
_04145_,39.14
_04339_,39.12
_04698_,39.12
_03960_,39.1
_03256_,39.08
_04878_,39.08
_12322_,39.08
_12804_,39.04
_08135_,39.02
_01644_,39.01
_05155_,39.01
_02979_,39
_05747_,38.99
_07282_,38.96
clknet_leaf_127_clk,38.96
_05318_,38.955
_08006_,38.92
_12923_,38.91
_04501_,38.9
_13194_,38.9
_07082_,38.89
_02137_,38.84
_13230_,38.82
_04947_,38.8
_08453_,38.8
_09144_,38.8
_12543_,38.8
_05641_,38.78
_05968_,38.78
_04053_,38.76
_01964_,38.74
_02503_,38.74
_10957_,38.74
_11776_,38.73
_02499_,38.72
_04272_,38.72
_05581_,38.7
_01914_,38.695
_04370_,38.66
clknet_leaf_59_clk,38.645
_02362_,38.62
_02904_,38.62
_07883_,38.58
_07504_,38.56
_11087_,38.56
_01692_,38.54
_03816_,38.5
_08745_,38.5
_10932_,38.5
_12032_,38.5
_01618_,38.46
_03483_,38.46
_06703_,38.46
_11472_,38.46
_05783_,38.45
_08032_,38.42
_07264_,38.415
_01927_,38.38
_03201_,38.38
_10880_,38.38
_01626_,38.36
_03350_,38.36
_03993_,38.36
_04102_,38.36
_04792_,38.36
_11614_,38.345
_08771_,38.34
net933,38.34
_08546_,38.32
_05612_,38.315
_12542_,38.315
_02821_,38.31
_02003_,38.3
_12974_,38.28
_02484_,38.26
_05875_,38.255
_05306_,38.24
_04886_,38.23
_09019_,38.2
_01783_,38.18
_04323_,38.16
_12960_,38.14
_07912_,38.13
_03220_,38.12
_04755_,38.12
_01423_,38.1
_04411_,38.085
_05108_,38.08
_13110_,38.08
_08334_,38.07
_08687_,38.07
_05207_,38.06
_09640_,38.06
_12820_,38.06
_06836_,38.04
_10574_,38.04
_03107_,38.03
_03023_,38.02
_12376_,38.02
_09552_,38
_04611_,37.97
_02084_,37.96
_05676_,37.96
_11318_,37.94
_12981_,37.92
_11935_,37.9
_03716_,37.895
_05889_,37.86
_12758_,37.85
_06539_,37.845
_05010_,37.84
_06661_,37.84
_11702_,37.84
_05632_,37.81
_11979_,37.81
_09249_,37.8
_02666_,37.74
_07975_,37.74
_08251_,37.74
_12031_,37.72
_11129_,37.68
_11192_,37.65
_03637_,37.64
_09899_,37.64
_11660_,37.64
_12893_,37.64
_11295_,37.63
_01258_,37.62
_03545_,37.62
_04033_,37.62
_12168_,37.6
_06518_,37.595
_04217_,37.58
_07093_,37.58
_09728_,37.58
_10643_,37.56
_12846_,37.56
_04226_,37.54
_04320_,37.52
_08156_,37.52
_12414_,37.51
_03982_,37.48
_05745_,37.47
_06045_,37.44
_08253_,37.44
_12714_,37.44
clknet_leaf_91_clk,37.44
_09829_,37.42
_02987_,37.4
_08011_,37.39
_08947_,37.38
_02126_,37.36
_03722_,37.36
_05717_,37.36
_02477_,37.355
_02566_,37.35
_07898_,37.34
_05718_,37.32
_07477_,37.32
_03424_,37.3
_11740_,37.295
_13105_,37.29
_09512_,37.28
_09809_,37.28
_01073_,37.26
_11452_,37.26
_03006_,37.24
_09862_,37.24
_11838_,37.24
_04342_,37.22
_06466_,37.22
_11031_,37.22
_12001_,37.22
_09024_,37.21
_08241_,37.2
_06919_,37.18
_12550_,37.18
_01041_,37.16
_12262_,37.16
clknet_leaf_14_clk,37.14
_06351_,37.135
_03050_,37.13
_05598_,37.12
_04558_,37.09
_05093_,37.08
_08782_,37.08
_09296_,37.08
_01717_,37.06
_04678_,37.06
_08115_,37.06
_08822_,37.06
_06404_,37.04
_03016_,37.03
_07928_,37.02
_01945_,37
_09830_,37
_01622_,36.985
_01097_,36.98
_01361_,36.98
_03313_,36.97
_04863_,36.96
_13053_,36.955
_07166_,36.92
_04641_,36.9
_04666_,36.9
pe_row\[1\].pe_col\[0\].pe_inst.b_out\[6\],36.9
_06103_,36.88
_10422_,36.88
_11918_,36.88
_12047_,36.88
_09847_,36.84
_12866_,36.84
_03286_,36.82
_07126_,36.78
_09374_,36.77
_03706_,36.74
_07838_,36.74
_12214_,36.74
_11273_,36.72
_04984_,36.7
_09483_,36.7
_12973_,36.7
_06743_,36.68
_07185_,36.68
_07917_,36.68
_08870_,36.68
_09025_,36.68
_11260_,36.68
_05284_,36.66
net9,36.66
_00863_,36.64
_02217_,36.64
clknet_leaf_126_clk,36.64
_02507_,36.62
_06082_,36.62
_11296_,36.6
_08812_,36.58
_10324_,36.58
_12362_,36.55
_10507_,36.54
_09486_,36.535
_06765_,36.52
_01107_,36.51
_04169_,36.5
_07864_,36.5
_10054_,36.5
_12837_,36.5
_02594_,36.48
_02606_,36.48
_07584_,36.48
_06631_,36.46
_12178_,36.46
_12520_,36.46
_02497_,36.42
_12838_,36.42
_05826_,36.38
_05469_,36.36
_06634_,36.36
_09679_,36.36
_10780_,36.34
_05487_,36.32
_09834_,36.32
_03288_,36.315
_08237_,36.31
_04802_,36.28
_07938_,36.28
_09698_,36.28
_11922_,36.28
_09319_,36.275
_08350_,36.27
_04896_,36.26
_10904_,36.26
_13191_,36.26
_01760_,36.24
_07636_,36.24
_12114_,36.24
_08753_,36.22
_08737_,36.2
_01056_,36.18
_05843_,36.18
_01681_,36.16
_06461_,36.16
_07135_,36.155
_02081_,36.14
_04703_,36.14
_10350_,36.14
_12596_,36.14
_03598_,36.12
_09062_,36.11
_07721_,36.1
_07298_,36.08
_11257_,36.06
_10108_,36.04
_08327_,36.025
_01741_,36.02
_04843_,36.02
_12896_,36
_06544_,35.98
_06997_,35.98
_04179_,35.92
_02552_,35.9
_06024_,35.9
_08733_,35.89
_08775_,35.86
_05577_,35.82
_10644_,35.8
net608,35.8
_05923_,35.78
_09803_,35.78
_03353_,35.77
_05283_,35.76
_12109_,35.76
pe_row\[1\].pe_col\[0\].pe_inst.a_in\[7\],35.74
_01689_,35.72
_06255_,35.72
_10380_,35.72
_11334_,35.72
_11884_,35.72
_01926_,35.71
_01727_,35.7
_04724_,35.7
_07762_,35.7
_05749_,35.68
_11942_,35.66
_02258_,35.64
_07396_,35.64
_07517_,35.62
_01682_,35.6
_03207_,35.6
_04070_,35.6
_02878_,35.58
_09188_,35.58
_00920_,35.56
_01563_,35.56
_03991_,35.56
_11267_,35.56
_11285_,35.56
_02801_,35.54
_10477_,35.54
_04184_,35.52
_03251_,35.5
_05595_,35.5
_06734_,35.5
_09641_,35.48
_04106_,35.46
_12033_,35.46
_06598_,35.44
_05630_,35.42
_05845_,35.42
_09472_,35.4
_11099_,35.4
_12957_,35.4
_07822_,35.39
_03872_,35.36
_03979_,35.36
_12467_,35.36
_02627_,35.34
_05681_,35.34
_09857_,35.34
pe_row\[1\].pe_col\[2\].pe_inst.a_out\[2\],35.34
clknet_leaf_66_clk,35.34
_11847_,35.325
_04991_,35.32
_05813_,35.32
_07383_,35.32
_09145_,35.32
_10482_,35.32
_11289_,35.32
_11306_,35.32
_07641_,35.3
_08789_,35.29
_10123_,35.28
_10484_,35.28
_11965_,35.28
_05465_,35.26
_09603_,35.26
_06292_,35.24
_12487_,35.24
_01728_,35.22
_04630_,35.22
_09808_,35.2
_10059_,35.2
_10483_,35.195
_11962_,35.19
_07945_,35.18
_09961_,35.18
_13187_,35.18
_07933_,35.14
_03690_,35.125
_08055_,35.12
_08219_,35.12
_05005_,35.115
_09246_,35.1
_11116_,35.1
_11386_,35.1
clknet_leaf_42_clk,35.1
_11834_,35.09
_05853_,35.085
_11193_,35.08
_03335_,35.06
_11421_,35.06
_12192_,35.06
_10845_,35.04
_11245_,35.04
_03227_,35.02
_03628_,35
_07980_,34.99
_04046_,34.98
_04091_,34.96
_02908_,34.94
_03322_,34.94
_12366_,34.94
_02569_,34.92
_07338_,34.92
_03703_,34.9
_04334_,34.88
_00898_,34.86
_11038_,34.86
_10851_,34.85
_04294_,34.82
_10711_,34.82
_12016_,34.82
_12602_,34.82
_08060_,34.8
_11111_,34.8
_11514_,34.8
pe_row\[1\].pe_col\[0\].pe_inst.a_out\[1\],34.8
net227,34.8
_07025_,34.78
_12196_,34.78
_12715_,34.76
clknet_leaf_81_clk,34.76
_10771_,34.75
_02933_,34.74
_04162_,34.74
_12296_,34.74
_00859_,34.72
_01351_,34.7
_12603_,34.685
_07279_,34.68
_08409_,34.68
_12635_,34.68
clknet_leaf_51_clk,34.68
_03679_,34.66
_04540_,34.66
_05519_,34.66
_05851_,34.66
_08038_,34.66
_11176_,34.66
_02727_,34.65
_02664_,34.64
_03683_,34.64
_04901_,34.64
_06263_,34.64
_09968_,34.64
_06630_,34.635
_07270_,34.62
_01429_,34.6
_01923_,34.6
_05525_,34.6
_07370_,34.6
_09804_,34.56
_11854_,34.54
_12340_,34.54
_09490_,34.53
_02885_,34.52
_04067_,34.52
_12471_,34.5
a_flat[0],34.5
_05915_,34.48
_06730_,34.48
_07141_,34.48
_07327_,34.48
_09787_,34.47
_10400_,34.46
_11964_,34.46
_02179_,34.45
_03781_,34.44
_10304_,34.44
_11605_,34.43
_12460_,34.42
_03028_,34.405
_00705_,34.38
_06739_,34.38
_07133_,34.38
_11755_,34.38
_01965_,34.36
_06940_,34.36
_10050_,34.36
_08871_,34.34
_13044_,34.335
_01887_,34.33
_08880_,34.32
_02451_,34.315
_00511_,34.305
_08927_,34.3
_09130_,34.3
_06367_,34.28
_08109_,34.28
_09821_,34.28
_09940_,34.28
_07812_,34.26
_12816_,34.26
_02743_,34.24
_12752_,34.24
_08663_,34.22
net613,34.22
_05654_,34.2
_12286_,34.2
_10567_,34.18
_08257_,34.17
_01591_,34.16
_08861_,34.16
_09602_,34.16
_11205_,34.16
_03263_,34.14
_01966_,34.135
_08977_,34.12
_11647_,34.12
_03486_,34.1
_07184_,34.1
_09301_,34.1
_08795_,34.08
_09008_,34.08
_07433_,34.07
_08742_,34.06
_09621_,34.045
_10709_,34.04
_11768_,34.04
_09913_,34.02
_01975_,33.995
_04384_,33.995
_10051_,33.98
_09751_,33.975
_01834_,33.96
_04793_,33.96
_08418_,33.96
_08934_,33.96
_11919_,33.94
_03079_,33.935
_06776_,33.935
_04388_,33.92
_04434_,33.92
_04757_,33.92
_06085_,33.92
_11086_,33.92
_03613_,33.9
_11839_,33.9
_00889_,33.88
_13232_,33.88
_05112_,33.87
_01789_,33.86
_08003_,33.86
_12826_,33.86
_08814_,33.845
_05725_,33.82
_10048_,33.82
_10467_,33.82
_12127_,33.82
_03776_,33.8
_06581_,33.79
_03052_,33.76
_07174_,33.76
_08499_,33.74
_09967_,33.74
_13074_,33.74
_12126_,33.73
_07923_,33.7
_08774_,33.7
_04059_,33.695
_02919_,33.68
_00884_,33.66
_07436_,33.66
_08744_,33.66
_10824_,33.66
_02059_,33.635
_06143_,33.62
_11020_,33.62
_02572_,33.6
_05559_,33.6
_11244_,33.58
_12890_,33.58
_02028_,33.56
_05770_,33.56
_05903_,33.56
_08419_,33.56
_10827_,33.54
_03300_,33.515
_03634_,33.48
_04917_,33.48
_06397_,33.48
_07897_,33.48
_10071_,33.46
_12940_,33.46
_01884_,33.44
_03380_,33.44
_04195_,33.42
_04402_,33.42
_07295_,33.42
_05657_,33.4
_00838_,33.38
_01048_,33.38
_05098_,33.36
_12285_,33.35
_00981_,33.34
_12805_,33.34
_05337_,33.32
_08249_,33.32
_09719_,33.32
_10800_,33.32
net938,33.32
_01912_,33.3
_09707_,33.3
_02421_,33.28
_04789_,33.26
_05587_,33.26
_01660_,33.22
_02074_,33.22
_02112_,33.22
_02800_,33.22
_13058_,33.22
_04457_,33.2
_12212_,33.2
_07431_,33.18
_11574_,33.18
net936,33.18
net943,33.18
_12082_,33.17
_06451_,33.16
_12833_,33.14
_00995_,33.12
_11190_,33.12
_12509_,33.12
_11815_,33.115
_12323_,33.1
_07649_,33.06
_06994_,33.04
_10410_,33.04
_10826_,33.04
_11509_,33.04
_08139_,33.03
_01877_,33
_09945_,33
_03224_,32.98
_01997_,32.96
_03496_,32.96
_12898_,32.96
_10935_,32.955
_09894_,32.94
_10361_,32.94
_04971_,32.92
_08103_,32.9
_01083_,32.88
_10393_,32.88
_11940_,32.88
net603,32.88
_04051_,32.86
_03952_,32.84
_06374_,32.82
_01643_,32.8
a_flat[18],32.77
_02592_,32.76
_11079_,32.76
_11779_,32.76
_08846_,32.74
_10143_,32.74
_10468_,32.74
_05678_,32.72
_11328_,32.72
_08332_,32.67
_10405_,32.67
_06693_,32.66
_08844_,32.66
_09615_,32.66
_04664_,32.64
_04771_,32.64
_05449_,32.64
_09527_,32.64
_12939_,32.64
_01922_,32.62
_08070_,32.61
_13039_,32.61
_03352_,32.6
_04421_,32.6
_10545_,32.6
_10793_,32.6
_01940_,32.58
_11083_,32.58
_12056_,32.58
_09993_,32.57
_06615_,32.56
_08081_,32.56
_11180_,32.56
_09180_,32.54
_11399_,32.54
pe_row\[2\].pe_col\[0\].pe_inst.a_in\[4\],32.53
_05488_,32.52
_02204_,32.5
_11348_,32.5
_08292_,32.49
_04219_,32.48
_06187_,32.48
_03190_,32.46
_03687_,32.46
_01636_,32.42
_02863_,32.42
_04404_,32.42
_13120_,32.4
_10787_,32.395
_01501_,32.38
_03556_,32.38
_07925_,32.38
_07008_,32.36
_11345_,32.36
_02870_,32.34
_11325_,32.34
_02796_,32.32
_05829_,32.32
_08781_,32.32
_11933_,32.32
_03840_,32.3
_05978_,32.3
_09199_,32.3
_06382_,32.29
_03571_,32.28
_08164_,32.28
_10794_,32.28
_10911_,32.28
_08072_,32.27
_02887_,32.26
_10315_,32.26
_05239_,32.24
_00872_,32.225
_00970_,32.22
_10691_,32.22
_07144_,32.2
_07608_,32.2
_11736_,32.2
_12083_,32.195
_10366_,32.18
_07060_,32.16
_07939_,32.16
_10613_,32.16
_00828_,32.14
_04284_,32.14
_07691_,32.14
_09086_,32.14
_09087_,32.14
_12765_,32.14
_11332_,32.13
_01143_,32.125
_09811_,32.12
_03572_,32.1
_01150_,32.08
_05900_,32.06
a_flat[8],32.06
_10542_,32.04
_04785_,32.02
_10666_,32.02
_06982_,32.015
_02404_,32
_06438_,32
_01984_,31.98
_05909_,31.96
_09900_,31.96
_10092_,31.96
_06793_,31.955
_12891_,31.955
_07115_,31.94
_11856_,31.94
_01677_,31.92
_03063_,31.92
_05410_,31.92
_06485_,31.92
_10437_,31.92
_01161_,31.9
clknet_leaf_60_clk,31.9
_02587_,31.89
_03677_,31.89
_09475_,31.88
_11227_,31.88
_07645_,31.865
_02723_,31.86
_05636_,31.85
_02324_,31.84
_05231_,31.84
_07004_,31.84
_10840_,31.84
_12360_,31.84
_09311_,31.835
_07432_,31.83
_11019_,31.83
_01135_,31.82
_02061_,31.82
_04357_,31.82
_04568_,31.82
_06702_,31.82
_06974_,31.8
_06365_,31.78
_05181_,31.76
_06502_,31.76
_09382_,31.76
_11458_,31.755
_08691_,31.74
_08756_,31.74
_09686_,31.74
_11488_,31.74
_10272_,31.72
_05699_,31.69
_06928_,31.68
_03827_,31.66
_07139_,31.66
_10802_,31.66
_02827_,31.65
_07481_,31.64
_12610_,31.64
_04706_,31.62
_06400_,31.62
_05659_,31.6
_06471_,31.6
_08469_,31.6
_04816_,31.56
_04998_,31.56
_10979_,31.56
_01955_,31.54
_04831_,31.52
_10978_,31.5
_12580_,31.5
_04813_,31.495
_08727_,31.48
_11122_,31.48
_12458_,31.48
_12810_,31.48
_04293_,31.46
_07309_,31.46
net777,31.44
_05671_,31.42
_05946_,31.42
_07585_,31.42
_10161_,31.42
_10603_,31.42
_12696_,31.42
_01916_,31.405
_05500_,31.395
_07379_,31.38
_01749_,31.37
_12341_,31.37
_00860_,31.36
_01810_,31.36
_08914_,31.36
_01705_,31.34
_06888_,31.32
_05580_,31.315
_04923_,31.3
_05527_,31.3
_05611_,31.3
_09788_,31.28
_10746_,31.28
_12921_,31.28
_04458_,31.26
_09514_,31.24
_12790_,31.24
_05890_,31.22
_09879_,31.22
_12869_,31.22
_06760_,31.21
_07476_,31.2
_03349_,31.18
_08121_,31.18
_12250_,31.175
_01817_,31.17
_03088_,31.16
_08122_,31.16
_08290_,31.16
_11821_,31.16
_12517_,31.16
_07213_,31.14
_11493_,31.14
_07286_,31.135
_04182_,31.12
_12022_,31.12
_10712_,31.105
_04519_,31.1
_11512_,31.1
_11590_,31.1
_08869_,31.08
_09146_,31.08
_10253_,31.08
_08887_,31.07
_08155_,31.06
_09898_,31.06
_11196_,31.06
_12513_,31.04
_10496_,31.01
_02772_,31
_08091_,31
_09966_,31
_10768_,31
_10682_,30.98
_11378_,30.98
_02373_,30.97
_06335_,30.96
_12798_,30.94
_03616_,30.92
_09539_,30.92
_12730_,30.92
_03452_,30.91
_01064_,30.9
_01315_,30.9
_09690_,30.88
_07241_,30.84
_09208_,30.84
_09572_,30.84
_06629_,30.83
_02608_,30.82
_08092_,30.805
_02116_,30.8
_03967_,30.8
_05849_,30.8
_09258_,30.8
_09883_,30.8
_11608_,30.8
_13252_,30.8
_01998_,30.78
_03775_,30.78
_05110_,30.78
_11270_,30.78
_10499_,30.76
_01649_,30.74
_06304_,30.74
_08085_,30.74
_08882_,30.74
_03074_,30.72
_03377_,30.72
_04826_,30.72
_09570_,30.72
_11436_,30.72
_12405_,30.72
_02260_,30.7
_05142_,30.7
_06027_,30.7
_06425_,30.7
_09254_,30.7
_01071_,30.68
_01651_,30.68
_04510_,30.68
_06428_,30.68
_12287_,30.68
_12552_,30.68
_04156_,30.66
_08589_,30.66
_01896_,30.65
_01640_,30.645
_09155_,30.64
_09753_,30.64
_11358_,30.64
_07877_,30.62
_08236_,30.62
_02519_,30.6
_11526_,30.6
_12299_,30.6
_10087_,30.59
_00947_,30.585
_05204_,30.58
_08305_,30.58
_08925_,30.58
_08849_,30.57
_09344_,30.57
_02424_,30.56
_04833_,30.56
_06449_,30.56
_07731_,30.56
_10386_,30.56
_06429_,30.55
_01948_,30.54
_05135_,30.54
_08730_,30.54
_09168_,30.54
_11238_,30.54
_05370_,30.535
_08187_,30.52
_09824_,30.52
_09116_,30.5
_03481_,30.48
_12067_,30.48
_12546_,30.48
_03999_,30.47
_01702_,30.46
_02068_,30.46
_05395_,30.46
_03084_,30.44
_05089_,30.42
_09634_,30.42
_10027_,30.42
_04500_,30.4
_10593_,30.4
_08284_,30.39
_01146_,30.38
_02065_,30.38
_03336_,30.38
_04283_,30.38
_12503_,30.38
_02073_,30.36
_03860_,30.36
_04119_,30.36
_09616_,30.36
_13132_,30.355
_01168_,30.34
_01176_,30.34
_02527_,30.34
_03395_,30.32
_04198_,30.32
_06550_,30.3
_10347_,30.3
_07792_,30.28
_11253_,30.28
_11897_,30.28
_10155_,30.265
_02648_,30.26
_03525_,30.255
_05816_,30.24
_03799_,30.22
_05208_,30.22
net594,30.22
_04506_,30.2
_12961_,30.2
c_flat[302],30.19
_01082_,30.18
_02833_,30.18
_04097_,30.18
_07197_,30.18
_01575_,30.16
_07362_,30.16
_12791_,30.16
_04846_,30.14
_07193_,30.14
_10450_,30.14
_02973_,30.12
_04252_,30.12
_06584_,30.1
_08421_,30.1
_03582_,30.08
_05113_,30.08
_05730_,30.08
_07372_,30.08
_09674_,30.08
_03277_,30.06
_05499_,30.06
_04663_,30.04
_04047_,30.02
_05048_,30.02
_02158_,30
_02712_,30
_02797_,30
_10369_,30
_09361_,29.98
_12108_,29.98
_00901_,29.96
_06202_,29.96
_12240_,29.96
_12900_,29.96
_04363_,29.95
_04481_,29.94
_06559_,29.92
_09105_,29.92
_10032_,29.92
pe_row\[0\].pe_col\[2\].pe_inst.b_in\[3\],29.92
_05746_,29.9
_07868_,29.9
_05933_,29.88
_09084_,29.88
_09573_,29.88
_10888_,29.88
pe_row\[1\].pe_col\[0\].pe_inst.b_out\[5\],29.88
_01180_,29.86
_05529_,29.86
_02675_,29.84
_03462_,29.84
_05761_,29.84
_02095_,29.8
_05669_,29.8
_06452_,29.8
_07149_,29.8
_08007_,29.8
_09858_,29.8
_12779_,29.8
_04469_,29.78
_04852_,29.78
_06856_,29.78
_08220_,29.78
_09242_,29.78
_12318_,29.76
_06517_,29.74
_06818_,29.74
_11525_,29.74
_02434_,29.73
_02732_,29.72
_09848_,29.72
_02056_,29.7
_07114_,29.7
_06219_,29.68
_11202_,29.68
b_flat[17],29.665
_04710_,29.66
_11901_,29.66
_00875_,29.65
_01337_,29.63
_04398_,29.62
_09335_,29.62
_09405_,29.62
_04830_,29.61
_05647_,29.6
_11084_,29.58
_08850_,29.56
_01367_,29.54
_07867_,29.54
_02360_,29.52
_02143_,29.48
_06074_,29.48
_02564_,29.46
_09177_,29.46
_09446_,29.46
_02650_,29.455
net598,29.435
_11059_,29.43
_09662_,29.4
_11139_,29.4
_10753_,29.39
_11145_,29.39
_03494_,29.38
_02626_,29.36
_09248_,29.36
_09309_,29.36
_07374_,29.34
_08230_,29.34
_10602_,29.34
_10972_,29.32
_02083_,29.3
_10699_,29.3
_01088_,29.28
_04764_,29.28
_07251_,29.28
_10406_,29.26
_01026_,29.24
_01124_,29.22
_06506_,29.22
_11547_,29.22
_08378_,29.2
_09082_,29.2
_08790_,29.195
_04590_,29.18
_08420_,29.18
_10736_,29.18
_12830_,29.18
_05073_,29.17
_13239_,29.16
_05871_,29.15
_08461_,29.14
_12129_,29.14
_11846_,29.13
_01752_,29.12
_04140_,29.12
_04325_,29.12
_08978_,29.12
_10772_,29.12
_12795_,29.12
_02610_,29.1
_04393_,29.1
_12370_,29.1
_12800_,29.08
_04270_,29.06
_02843_,29.04
_08005_,29.04
_12872_,29.04
_02911_,29.02
_04658_,29.02
_05422_,29.02
_06610_,29.02
_11132_,28.98
_12614_,28.98
_05159_,28.96
_05610_,28.96
_10546_,28.96
_11171_,28.96
_12070_,28.96
_03347_,28.94
_10526_,28.94
_08014_,28.93
_08095_,28.93
_10365_,28.93
_00833_,28.92
_05571_,28.92
_05830_,28.92
_06081_,28.92
_06672_,28.92
_10174_,28.92
_03559_,28.9
_05120_,28.9
_05240_,28.9
_11917_,28.9
_09910_,28.89
_01968_,28.88
_04989_,28.88
_09671_,28.88
_12879_,28.86
_05549_,28.84
_09462_,28.84
_11534_,28.84
_11592_,28.84
_12628_,28.84
_02960_,28.83
_03351_,28.82
_04828_,28.82
_09489_,28.82
_11259_,28.82
_12011_,28.82
_09037_,28.805
_02950_,28.8
_05109_,28.8
_06478_,28.8
_11797_,28.8
_01262_,28.78
_02900_,28.78
_13048_,28.78
_05161_,28.77
_04818_,28.76
_00902_,28.74
_01895_,28.74
_04365_,28.74
_07230_,28.74
_08708_,28.74
_08800_,28.73
_03245_,28.715
_04988_,28.7
_06029_,28.7
_06526_,28.7
_10537_,28.7
_05074_,28.69
_04261_,28.68
_05085_,28.68
_07922_,28.675
_01370_,28.66
_01729_,28.66
_11231_,28.66
_11482_,28.64
_12911_,28.64
_09020_,28.62
_09476_,28.62
_09658_,28.62
_12511_,28.62
_01863_,28.6
_09438_,28.595
_04921_,28.59
_10113_,28.59
_05787_,28.58
_06306_,28.58
_10360_,28.58
_11673_,28.58
_04122_,28.56
_07998_,28.55
_04780_,28.53
_07237_,28.53
_02836_,28.52
_03295_,28.52
_04079_,28.5
_05458_,28.5
_06890_,28.5
_11679_,28.5
_11855_,28.5
_06507_,28.49
_07888_,28.49
_03771_,28.48
_05735_,28.46
_09646_,28.46
_12518_,28.46
_01038_,28.42
_07896_,28.42
_09112_,28.42
_08706_,28.4
_12972_,28.4
_04464_,28.39
_11864_,28.39
_09608_,28.38
_06140_,28.36
_10341_,28.36
_10907_,28.34
_06071_,28.32
_10475_,28.31
_00696_,28.305
_04204_,28.3
_07393_,28.3
_08954_,28.3
_04375_,28.28
_06392_,28.28
_06493_,28.28
_09166_,28.28
_09760_,28.28
_01868_,28.26
_07173_,28.26
_09831_,28.26
_12096_,28.26
_12197_,28.25
_01854_,28.24
_02611_,28.24
_04309_,28.24
_05531_,28.24
_07380_,28.24
_12485_,28.24
_03278_,28.22
_06980_,28.22
_11577_,28.22
_07443_,28.21
_08066_,28.2
_08228_,28.2
_10355_,28.2
_00814_,28.18
_08580_,28.18
_09038_,28.18
_08270_,28.17
pe_row\[1\].pe_col\[0\].pe_inst.a_out\[3\],28.14
_05626_,28.135
_03787_,28.13
_03575_,28.12
_07988_,28.12
_03269_,28.1
_07074_,28.08
_11409_,28.08
_04928_,28.06
_08098_,28.04
_09506_,28.04
_10474_,28.04
_03179_,28.02
_05087_,28.02
_09290_,28.02
_09519_,28.02
_10734_,28.02
_11197_,28.02
_04751_,28
_04956_,28
_00046_,27.98
_01936_,27.98
_09727_,27.98
_12849_,27.98
_02595_,27.96
_05544_,27.94
_05908_,27.94
_05675_,27.935
_04448_,27.92
_08963_,27.92
_09515_,27.9
_11609_,27.9
_06612_,27.88
_07281_,27.88
_08171_,27.88
_10043_,27.88
_05170_,27.875
_03986_,27.87
_05014_,27.86
_08097_,27.86
_10388_,27.86
_10815_,27.86
_12561_,27.86
_12785_,27.86
_02939_,27.84
_05666_,27.84
_08073_,27.84
_10607_,27.84
_12089_,27.84
_04087_,27.83
_09159_,27.825
_04386_,27.8
_11443_,27.8
_12272_,27.8
_03308_,27.78
_09739_,27.78
_03455_,27.76
_09504_,27.76
_10822_,27.76
_10829_,27.76
_02489_,27.75
_01915_,27.72
_01093_,27.7
_06433_,27.7
_11654_,27.68
_06548_,27.66
_07604_,27.66
_12104_,27.66
_03696_,27.655
_05066_,27.64
_09693_,27.63
_04303_,27.62
_11093_,27.62
pe_row\[3\].pe_col\[0\].pe_inst.a_in\[6\],27.62
_03699_,27.6
_04778_,27.6
_01690_,27.58
_04431_,27.56
_07134_,27.56
_11589_,27.56
_06824_,27.54
_12231_,27.535
_02991_,27.52
_04007_,27.52
_06070_,27.52
_06827_,27.52
_11118_,27.5
_11726_,27.5
_01715_,27.48
_09606_,27.48
_11035_,27.48
_12544_,27.46
_06622_,27.44
_08318_,27.44
_12159_,27.44
_10239_,27.42
_02236_,27.4
_08351_,27.4
_09836_,27.4
_12216_,27.4
_12657_,27.39
_04013_,27.38
_08472_,27.38
_11959_,27.38
_01229_,27.36
_02578_,27.36
_08129_,27.36
_11410_,27.35
_01961_,27.34
_03724_,27.34
_11475_,27.34
_08175_,27.32
_09225_,27.32
_09950_,27.32
_02027_,27.3
_04952_,27.3
_11412_,27.3
_07581_,27.285
_08932_,27.28
_09294_,27.28
_00949_,27.275
_01087_,27.27
_05192_,27.26
_10568_,27.26
_13201_,27.26
_13209_,27.26
_08845_,27.24
_12347_,27.24
_12570_,27.24
_13019_,27.24
_00522_,27.235
_02442_,27.235
_09022_,27.23
_03657_,27.22
_08259_,27.22
_11665_,27.22
_13072_,27.22
_01663_,27.2
_04039_,27.2
_05560_,27.2
_08015_,27.2
_10462_,27.2
_05785_,27.19
_02131_,27.18
_03594_,27.18
_04712_,27.18
_08132_,27.18
_11635_,27.18
_11744_,27.18
_12184_,27.18
_09102_,27.175
_10282_,27.17
_01210_,27.16
_10012_,27.16
_05988_,27.14
_08146_,27.14
_10539_,27.14
_12501_,27.14
_06625_,27.12
_07895_,27.12
_11141_,27.12
_11997_,27.12
_01085_,27.1
_12116_,27.1
_12213_,27.1
_03376_,27.08
_04250_,27.08
_12787_,27.07
_01827_,27.06
_02603_,27.06
_03188_,27.06
_09625_,27.06
_09786_,27.06
_01943_,27.05
_00974_,27.04
_05648_,27.04
_08217_,27.04
_10854_,27.04
_11240_,27.04
_11428_,27.04
_00988_,27.03
_08396_,27.02
pe_row\[1\].pe_col\[0\].pe_inst.b_out\[1\],27.02
_11098_,27.015
_12085_,27.015
_01169_,27.01
_02971_,27.01
_08248_,27
_08896_,27
_11126_,27
_11284_,27
_11559_,27
_12259_,27
_05690_,26.98
_11967_,26.98
_13220_,26.98
_01665_,26.96
_07414_,26.96
_00354_,26.945
_02118_,26.94
clknet_leaf_105_clk,26.94
_10637_,26.92
_00801_,26.9
_01676_,26.9
_03453_,26.9
_06697_,26.9
_07107_,26.9
_13017_,26.9
_06748_,26.88
_07647_,26.88
_02386_,26.87
_02956_,26.86
_06316_,26.86
_05101_,26.84
_11330_,26.84
_01029_,26.825
_01139_,26.825
_05031_,26.825
_01202_,26.82
_02805_,26.82
_06607_,26.82
_06787_,26.82
_07478_,26.82
_05568_,26.8
_10336_,26.8
_11557_,26.8
_11818_,26.8
_12199_,26.8
_11042_,26.79
_09613_,26.78
_10764_,26.78
_09878_,26.775
_04728_,26.77
_01274_,26.76
_01855_,26.76
_05832_,26.76
_08277_,26.76
_08868_,26.76
_11045_,26.755
_05927_,26.74
_09090_,26.74
_07342_,26.73
_01823_,26.725
_12668_,26.72
_05218_,26.7
_06391_,26.7
_06601_,26.7
_10439_,26.7
_13114_,26.69
_04920_,26.68
_09610_,26.68
_04835_,26.66
_08258_,26.66
_11478_,26.66
_11668_,26.66
_05563_,26.655
_12978_,26.655
_12975_,26.65
_08433_,26.64
_09002_,26.64
_12055_,26.64
pe_row\[0\].pe_col\[1\].pe_inst.a_out\[6\],26.64
_02192_,26.635
_03563_,26.62
_07176_,26.6
_11908_,26.6
_01750_,26.59
_03610_,26.58
_04187_,26.58
_05586_,26.58
_07935_,26.58
_10306_,26.58
_04919_,26.56
_07553_,26.56
_08443_,26.56
_08875_,26.56
_12894_,26.56
_11172_,26.545
_08893_,26.54
_10192_,26.54
_12054_,26.54
_00849_,26.52
_02435_,26.52
_05998_,26.52
_13060_,26.52
_02472_,26.5
_02932_,26.5
_03513_,26.5
_09194_,26.5
_11401_,26.5
_04981_,26.495
_11239_,26.48
_11820_,26.48
_06066_,26.46
_02700_,26.455
_10646_,26.455
_01106_,26.45
_03933_,26.45
_07953_,26.44
_09350_,26.4
_11868_,26.4
_12980_,26.4
pe_row\[0\].pe_col\[1\].pe_inst.a_out\[5\],26.4
_06036_,26.38
_06956_,26.38
_09068_,26.38
_08004_,26.375
_10605_,26.36
_11206_,26.36
_11599_,26.36
_12634_,26.36
_01319_,26.34
_02749_,26.34
_03921_,26.34
_12778_,26.34
_04072_,26.32
_07929_,26.32
_06699_,26.31
_08407_,26.3
_09924_,26.3
_11419_,26.3
_12801_,26.3
_09100_,26.295
_04049_,26.28
_07891_,26.28
_10716_,26.28
_00966_,26.26
_08456_,26.26
_08780_,26.24
_09564_,26.24
_11978_,26.24
_06164_,26.23
_03835_,26.22
_06579_,26.22
_09963_,26.22
_12057_,26.21
_05084_,26.2
_10431_,26.2
_09021_,26.195
_00707_,26.185
_05007_,26.18
_05434_,26.18
_01805_,26.16
_02082_,26.16
_08874_,26.16
_11063_,26.16
_12343_,26.16
_12351_,26.16
_02890_,26.15
_04787_,26.14
_12763_,26.13
_02914_,26.12
_09851_,26.12
_00711_,26.105
_01368_,26.1
_06677_,26.1
_07196_,26.1
_07464_,26.1
_12589_,26.1
_07317_,26.08
_05686_,26.06
_05929_,26.06
_06519_,26.06
_08261_,26.06
_00869_,26.04
_05555_,26.04
_10690_,26.04
_10314_,26.02
_02156_,26.01
_01939_,26
_08344_,26
_00962_,25.98
_02673_,25.98
_04478_,25.955
_10416_,25.95
_10312_,25.94
_10867_,25.94
_11115_,25.94
_11516_,25.94
_06049_,25.92
_07569_,25.9
_08958_,25.9
b_flat[15],25.9
_10994_,25.88
_12173_,25.88
_05965_,25.875
net931,25.875
_08749_,25.87
_07026_,25.86
_12229_,25.86
_01962_,25.84
_04137_,25.84
_07514_,25.84
_10000_,25.84
_13184_,25.84
_04674_,25.82
_05622_,25.82
_12000_,25.82
_05620_,25.8
_12659_,25.8
_04467_,25.78
_12962_,25.78
_05615_,25.76
_12897_,25.76
_11857_,25.745
_06459_,25.74
_03782_,25.72
_04424_,25.72
_04871_,25.72
_12020_,25.72
_11691_,25.71
_13205_,25.7
net513,25.7
_04699_,25.68
_09528_,25.68
_12639_,25.68
_12646_,25.68
_11875_,25.67
_01562_,25.66
c_flat[78],25.66
_03071_,25.65
_04353_,25.625
_00931_,25.62
_06077_,25.62
_06586_,25.62
_07503_,25.62
_10563_,25.62
_02731_,25.61
_07976_,25.59
_01311_,25.58
_02809_,25.58
_03485_,25.58
_06398_,25.58
_12094_,25.58
_01701_,25.56
_04770_,25.56
_07460_,25.56
_11451_,25.56
_12796_,25.56
_09213_,25.525
_05179_,25.52
_06593_,25.52
pe_row\[1\].pe_col\[1\].pe_inst.a_out\[2\],25.52
_07211_,25.5
_01381_,25.48
_06896_,25.48
_07312_,25.48
_07951_,25.48
_10445_,25.48
_12483_,25.48
_04999_,25.46
_07265_,25.46
_09891_,25.46
_13237_,25.46
_04315_,25.44
_06326_,25.44
_07354_,25.44
_11886_,25.44
_12395_,25.44
_12605_,25.44
_12621_,25.44
_12693_,25.44
_02469_,25.42
_05029_,25.42
_12036_,25.42
_00912_,25.4
_01221_,25.4
_01385_,25.4
_06172_,25.4
_09638_,25.4
_09737_,25.4
_12115_,25.4
_07952_,25.39
_00219_,25.38
_01355_,25.38
_05633_,25.38
_05934_,25.38
_10848_,25.38
_12255_,25.375
_12472_,25.375
_02921_,25.37
_01870_,25.36
_03963_,25.36
_07208_,25.36
_10010_,25.36
_10639_,25.36
_01070_,25.34
_04085_,25.34
_07394_,25.34
_09138_,25.34
_08450_,25.32
_00035_,25.3
_01133_,25.3
_03189_,25.3
_04877_,25.3
_05063_,25.3
_06395_,25.3
_09689_,25.3
_12920_,25.3
_01156_,25.28
_05660_,25.28
_05789_,25.28
_05930_,25.26
_06011_,25.26
_08242_,25.26
_08831_,25.26
_09449_,25.26
_11146_,25.26
_00864_,25.24
_01132_,25.24
_03446_,25.24
_05032_,25.24
_06757_,25.24
_02140_,25.22
_08214_,25.22
_08915_,25.22
_09184_,25.22
_09672_,25.22
_10647_,25.22
_06807_,25.2
_07390_,25.2
_02021_,25.18
_04281_,25.18
_06388_,25.18
_11119_,25.18
_02309_,25.17
_00036_,25.16
_05624_,25.15
_00936_,25.14
_11187_,25.14
_11455_,25.14
_11860_,25.14
_01244_,25.12
_02446_,25.12
_07920_,25.12
_08972_,25.12
_12006_,25.12
_02405_,25.1
_09460_,25.1
_10188_,25.1
_13101_,25.1
_11444_,25.09
_00820_,25.08
_05171_,25.08
_08720_,25.07
_11164_,25.07
_02044_,25.06
_04468_,25.06
_05990_,25.06
_00837_,25.04
_00928_,25.04
_01894_,25.04
_05619_,25.04
_07175_,25.04
_07391_,25.04
_12606_,25.04
_02004_,25.02
_06007_,25.02
_10905_,25.02
_12182_,25.02
_05637_,25.01
_10039_,25
_11730_,25
_06440_,24.995
_01959_,24.99
_02437_,24.98
_02522_,24.98
_08658_,24.98
_11097_,24.98
_11912_,24.98
_07547_,24.96
net595,24.96
_01214_,24.94
_01724_,24.94
_08441_,24.94
_07969_,24.93
_10895_,24.93
_05874_,24.92
_06724_,24.92
_07371_,24.92
_01019_,24.9
_05274_,24.9
_05852_,24.9
_05932_,24.9
_09951_,24.9
_12321_,24.9
_04726_,24.89
_09731_,24.88
_03482_,24.86
_08906_,24.86
_12691_,24.86
_07426_,24.84
_12181_,24.84
_10081_,24.835
_01272_,24.82
_02701_,24.82
_03317_,24.82
_07471_,24.82
_10619_,24.82
_03203_,24.8
_05762_,24.8
_07506_,24.8
_08961_,24.8
_11607_,24.8
_04371_,24.785
_05574_,24.78
_10486_,24.77
_11431_,24.77
_01179_,24.76
_02694_,24.76
_04532_,24.76
_05523_,24.76
_06546_,24.76
_07239_,24.76
_12042_,24.76
_02148_,24.74
_04155_,24.74
_05936_,24.74
_08238_,24.74
_09819_,24.74
_09915_,24.74
_02057_,24.72
_03622_,24.72
_07667_,24.72
_11003_,24.72
_01171_,24.7
_06009_,24.7
_08940_,24.7
_10448_,24.7
_08130_,24.68
_09029_,24.68
_10577_,24.68
_12268_,24.68
_01893_,24.66
_08524_,24.66
_11435_,24.65
net628,24.65
_01345_,24.64
_01845_,24.64
_02916_,24.64
_03073_,24.64
_05013_,24.64
_05484_,24.64
_07216_,24.64
_07419_,24.64
_12949_,24.64
_07561_,24.62
_08354_,24.62
_10371_,24.62
_01641_,24.61
_07844_,24.61
_01792_,24.6
_03484_,24.6
_05042_,24.6
_06846_,24.6
_07941_,24.6
_08117_,24.6
_11769_,24.6
_01635_,24.58
_04753_,24.58
_06717_,24.58
_08946_,24.58
_10281_,24.58
c_flat[232],24.58
_02313_,24.56
_02528_,24.56
_03390_,24.56
_04297_,24.56
_11566_,24.555
_03691_,24.54
_07515_,24.54
_09482_,24.54
_09928_,24.535
_01159_,24.53
_01839_,24.52
_08218_,24.52
_05082_,24.5
_10287_,24.49
_07992_,24.48
_03625_,24.46
_04196_,24.46
_08026_,24.46
_03646_,24.45
_01865_,24.44
_02643_,24.44
_06343_,24.44
_07830_,24.44
_10591_,24.44
_10773_,24.44
_11939_,24.44
_13057_,24.44
_07576_,24.435
_07774_,24.42
_08041_,24.42
_08563_,24.42
_11531_,24.405
_03734_,24.4
_06069_,24.4
_10479_,24.4
_10658_,24.4
a_flat[2],24.39
_02880_,24.38
_03198_,24.38
_04498_,24.38
_10160_,24.38
_08707_,24.375
_08783_,24.36
_09487_,24.36
_11977_,24.36
_03606_,24.34
_13045_,24.34
_02124_,24.32
_11517_,24.32
c_flat[194],24.32
_02509_,24.3
_03196_,24.3
_06399_,24.3
_06551_,24.3
_12927_,24.3
_09452_,24.29
_01227_,24.28
_03402_,24.28
_01515_,24.26
_04369_,24.26
_05592_,24.26
_11762_,24.26
_03372_,24.24
_08511_,24.24
_08802_,24.24
_02774_,24.235
_01072_,24.22
_05106_,24.22
_07693_,24.22
_09991_,24.22
_10359_,24.22
_11123_,24.195
_12562_,24.195
_03878_,24.18
_04125_,24.18
_09051_,24.18
_10506_,24.18
_11548_,24.18
_13083_,24.18
_08796_,24.175
_05011_,24.17
_05981_,24.16
_03529_,24.14
_04660_,24.14
_05403_,24.14
_08603_,24.14
_08712_,24.14
_09216_,24.14
_06569_,24.12
_08291_,24.12
_05876_,24.1
_08916_,24.1
_11459_,24.1
_11653_,24.1
_06514_,24.08
_07631_,24.08
_08158_,24.08
_09103_,24.08
_07887_,24.06
_09589_,24.06
_10139_,24.06
_10426_,24.06
_03345_,24.055
_03219_,24.04
_03321_,24.04
_04220_,24.04
_04465_,24.04
_06312_,24.04
_06317_,24.04
_01218_,24.02
_04926_,24.02
_05662_,24.02
_08366_,24.02
_08969_,24.02
_11243_,24.02
_07243_,24.015
_01051_,24
_02120_,24
_02516_,24
_04321_,24
_09149_,24
_00842_,23.98
_09484_,23.98
_09669_,23.98
_11191_,23.98
_01240_,23.96
_02922_,23.96
_05795_,23.96
_02013_,23.94
_02286_,23.94
_03750_,23.94
_08806_,23.92
_12066_,23.92
_12536_,23.92
_04188_,23.9
_12106_,23.9
_13246_,23.89
_00943_,23.88
_01153_,23.88
_03405_,23.88
_05982_,23.88
_06538_,23.88
_06599_,23.88
_06671_,23.88
_00985_,23.86
_02149_,23.86
_06353_,23.86
_08807_,23.86
_12554_,23.86
_02100_,23.84
_05861_,23.84
_08702_,23.84
_08818_,23.84
_08163_,23.83
_12008_,23.825
_02654_,23.82
_03919_,23.82
_08434_,23.82
_10476_,23.82
_10631_,23.82
_11970_,23.82
_09948_,23.8
_04633_,23.78
_04556_,23.76
_05023_,23.76
_05972_,23.76
_08207_,23.76
_01738_,23.74
_05614_,23.73
_04390_,23.72
_04695_,23.72
_11056_,23.72
_06410_,23.71
_09077_,23.71
_01432_,23.7
_05169_,23.7
_07771_,23.7
_10154_,23.7
_10781_,23.7
_03001_,23.69
_02072_,23.68
_02238_,23.68
_02871_,23.68
_06495_,23.68
_08024_,23.68
_10036_,23.68
_00941_,23.66
net597,23.66
_10383_,23.655
_05153_,23.65
_07065_,23.65
_10889_,23.64
_02029_,23.62
_03409_,23.62
_07236_,23.62
_11298_,23.62
_04136_,23.6
_05556_,23.6
_07534_,23.6
_10730_,23.6
_12086_,23.6
_01404_,23.59
_04616_,23.56
_06725_,23.56
_01301_,23.54
_02460_,23.54
_09113_,23.54
_10148_,23.54
_06033_,23.52
_07020_,23.52
_09605_,23.52
_12938_,23.52
_01062_,23.5
_05308_,23.5
_05867_,23.5
_06040_,23.5
_12505_,23.5
_02580_,23.48
_07212_,23.48
_07605_,23.48
_11016_,23.48
_12794_,23.48
_07474_,23.475
_10500_,23.46
_03314_,23.44
_04625_,23.44
_05865_,23.44
_08216_,23.435
_05877_,23.43
_02428_,23.425
_04172_,23.42
_13257_,23.42
_02270_,23.4
_04493_,23.4
_06654_,23.4
_06666_,23.4
_11773_,23.4
_12041_,23.4
_13185_,23.4
_00948_,23.38
_00996_,23.38
_01316_,23.38
_02086_,23.38
_02886_,23.38
_09043_,23.38
_09980_,23.38
_12038_,23.38
_05292_,23.36
_06313_,23.36
_08929_,23.36
_09303_,23.36
_10664_,23.36
_02767_,23.34
_02778_,23.34
_04243_,23.34
_07271_,23.34
_10993_,23.34
_11801_,23.34
_02159_,23.32
_12164_,23.32
_12892_,23.32
_02683_,23.3
_02966_,23.3
_03320_,23.3
_04505_,23.3
_07780_,23.3
_09191_,23.3
_10677_,23.3
_11391_,23.3
_11591_,23.3
_04023_,23.28
_06912_,23.28
_09108_,23.28
b_flat[9],23.28
_02085_,23.26
_03948_,23.26
_06679_,23.26
_07086_,23.26
_09136_,23.26
_09534_,23.26
_10616_,23.26
_01350_,23.24
_01022_,23.22
_06837_,23.22
_11848_,23.22
_12743_,23.22
_05045_,23.2
_07919_,23.2
_12525_,23.2
pe_row\[2\].pe_col\[0\].pe_inst.a_out\[1\],23.2
_05668_,23.18
_10001_,23.18
_11013_,23.18
_11230_,23.175
_06617_,23.17
_12236_,23.17
_02049_,23.16
_05489_,23.16
_08170_,23.16
_11199_,23.16
net815,23.16
_05589_,23.14
_03980_,23.13
_03604_,23.12
_09369_,23.12
_13219_,23.12
_02015_,23.115
_03678_,23.1
_03987_,23.1
_11587_,23.1
_12277_,23.1
_07597_,23.095
_00973_,23.08
_03276_,23.08
_03304_,23.08
_05138_,23.08
_12278_,23.08
_13024_,23.08
_07523_,23.06
_01919_,23.05
_10597_,23.05
_01606_,23.04
_02097_,23.04
_03146_,23.04
_09860_,23.04
_12418_,23.04
_01658_,23.02
_04447_,23.02
_09931_,23.02
_02736_,23
_04857_,23
_05664_,23
_06044_,23
_06194_,23
_06023_,22.99
_05974_,22.98
_01745_,22.975
_03410_,22.96
_07438_,22.96
_09259_,22.96
_03315_,22.955
_02636_,22.94
_04030_,22.94
_06904_,22.94
_08866_,22.94
_10101_,22.94
_10611_,22.94
_11124_,22.94
_11961_,22.94
_12167_,22.94
net616,22.94
_10641_,22.92
clknet_leaf_95_clk,22.92
net619,22.92
_05006_,22.9
_09930_,22.9
_10514_,22.9
_12660_,22.9
_02180_,22.86
_11887_,22.86
_03773_,22.85
_01242_,22.84
_11065_,22.84
_12545_,22.84
_02273_,22.82
_02282_,22.82
_04768_,22.82
_10654_,22.82
pe_row\[1\].pe_col\[0\].pe_inst.a_in\[6\],22.82
a_flat[15],22.81
_02500_,22.8
_02770_,22.8
_04201_,22.8
_09869_,22.8
_11792_,22.8
_00874_,22.795
_03225_,22.78
_03788_,22.78
_06799_,22.78
_08178_,22.78
_10162_,22.78
_12273_,22.78
_02902_,22.76
_06468_,22.76
_01005_,22.74
_09776_,22.74
_09785_,22.74
_10094_,22.74
_12701_,22.74
_01900_,22.72
_12295_,22.72
_12943_,22.72
_06885_,22.71
_11264_,22.71
_01079_,22.7
_04584_,22.7
_06535_,22.7
net121,22.7
_02195_,22.68
_05788_,22.68
_06644_,22.68
_12889_,22.68
_04929_,22.66
_06377_,22.66
_12624_,22.66
_13063_,22.66
_03981_,22.655
_03549_,22.64
_04077_,22.64
_05185_,22.64
_06540_,22.62
_08212_,22.62
_08467_,22.62
pe_row\[1\].pe_col\[0\].pe_inst.b_out\[2\],22.62
_10093_,22.61
_09653_,22.6
_12567_,22.6
_04299_,22.59
_00555_,22.58
_03749_,22.58
_07511_,22.58
_11200_,22.58
_11878_,22.58
_07781_,22.57
_02207_,22.56
_04002_,22.56
_07918_,22.56
_13204_,22.56
_05758_,22.55
_01696_,22.54
_07921_,22.54
_09604_,22.54
_10675_,22.54
_12336_,22.535
_13054_,22.535
_03633_,22.52
_06582_,22.52
_08124_,22.52
_12535_,22.52
net695,22.52
_07761_,22.51
_08863_,22.51
_12912_,22.51
_07337_,22.5
_09738_,22.5
_12246_,22.5
_03707_,22.48
_03877_,22.48
_06460_,22.48
_07292_,22.48
net35,22.48
_03309_,22.46
_04218_,22.46
_05495_,22.46
_05631_,22.46
_08209_,22.46
_09485_,22.46
_11049_,22.46
_11387_,22.46
net588,22.46
_00135_,22.445
_02943_,22.44
_08449_,22.44
_08494_,22.44
_11006_,22.44
_12738_,22.44
_12825_,22.44
_05174_,22.42
_08027_,22.42
_08358_,22.42
_09093_,22.42
_10273_,22.42
_10553_,22.42
_01888_,22.4
_05906_,22.4
_06680_,22.4
_10898_,22.4
_12195_,22.4
_05190_,22.38
_08894_,22.38
_09901_,22.38
_11185_,22.38
_01983_,22.36
_03468_,22.36
_05182_,22.36
_05520_,22.36
_11946_,22.35
_02411_,22.34
_06345_,22.34
_10536_,22.34
_11277_,22.34
_02224_,22.32
_05719_,22.32
_06520_,22.32
_07005_,22.32
_08346_,22.32
_10632_,22.32
_12474_,22.32
_09871_,22.315
_04419_,22.3
_04992_,22.3
_06264_,22.3
_09764_,22.3
_03475_,22.28
_03774_,22.28
_08804_,22.28
_12237_,22.28
_08973_,22.27
_08231_,22.265
_02034_,22.26
_06042_,22.26
_07191_,22.26
_09226_,22.26
_11109_,22.26
_01089_,22.25
_04095_,22.24
_05899_,22.24
_07971_,22.24
_11941_,22.24
_12829_,22.24
net593,22.235
_02702_,22.22
_06568_,22.22
_07535_,22.22
_08710_,22.22
_11096_,22.22
_10033_,22.21
_01075_,22.2
_06048_,22.2
_10813_,22.2
_01730_,22.18
_07532_,22.18
_12689_,22.18
_01112_,22.16
_03005_,22.16
_07529_,22.16
_09060_,22.16
_09918_,22.16
_01302_,22.14
_04734_,22.14
_12327_,22.14
_12712_,22.14
_02812_,22.135
_01846_,22.12
_04839_,22.12
_06555_,22.12
_03009_,22.1
_04515_,22.1
_01054_,22.08
_07637_,22.08
_04055_,22.06
_04895_,22.06
_09492_,22.06
_09837_,22.06
_11844_,22.06
_11843_,22.04
_12814_,22.04
_01281_,22.02
_03569_,22.02
_06496_,22.02
_12718_,22.02
_12740_,22.02
_05216_,22.01
_02823_,22
_09978_,22
c_flat[285],21.99
_02806_,21.98
_09974_,21.98
_03034_,21.96
_04899_,21.96
_07722_,21.96
_01813_,21.94
_10466_,21.94
_11333_,21.94
_10118_,21.93
_02487_,21.92
_03449_,21.92
_10582_,21.92
_12209_,21.92
_02818_,21.9
_09892_,21.9
_11808_,21.9
_03770_,21.86
_07375_,21.86
_08399_,21.86
_11156_,21.86
_01371_,21.85
_02008_,21.84
_08877_,21.84
_10604_,21.84
_11349_,21.84
_09251_,21.825
_00917_,21.82
_02211_,21.82
_02624_,21.82
_11850_,21.82
a_flat[7],21.81
_02426_,21.8
_02895_,21.8
_06455_,21.8
_06792_,21.8
_07406_,21.8
net919,21.8
_03368_,21.78
_06005_,21.78
_08287_,21.78
_10630_,21.78
_12615_,21.77
_04685_,21.76
_09541_,21.76
_10831_,21.76
_11142_,21.76
_02466_,21.74
_03541_,21.74
_11677_,21.74
_11969_,21.74
pe_row\[0\].pe_col\[1\].pe_inst.b_in\[2\],21.74
_01806_,21.73
_10428_,21.73
_03851_,21.72
_10569_,21.72
_12420_,21.72
_12658_,21.72
_07643_,21.715
_12029_,21.71
_11194_,21.7
_12079_,21.7
_00986_,21.68
_06464_,21.68
_08381_,21.68
_10592_,21.68
_04395_,21.66
_05116_,21.66
_05775_,21.66
_07524_,21.66
_10376_,21.66
_10687_,21.66
_11903_,21.66
_05217_,21.64
_07152_,21.64
_09849_,21.64
_11485_,21.64
_12043_,21.64
_12732_,21.64
_00955_,21.62
_08665_,21.62
_03843_,21.6
_06798_,21.6
_09644_,21.6
_12331_,21.6
_01837_,21.595
_01976_,21.58
_06780_,21.58
_08982_,21.58
net635,21.58
_04944_,21.56
_09345_,21.56
_11949_,21.56
_12681_,21.56
_08673_,21.55
_08684_,21.545
_03783_,21.54
_04601_,21.54
_05077_,21.54
_09722_,21.54
_11044_,21.54
_03729_,21.53
_02613_,21.5
_04930_,21.5
_05576_,21.5
_05815_,21.5
_08034_,21.5
_09887_,21.5
_09595_,21.49
_01343_,21.48
_01440_,21.48
_04278_,21.48
_08002_,21.48
_07366_,21.47
_05173_,21.46
_10982_,21.46
_12662_,21.46
_12992_,21.46
_01838_,21.44
_08440_,21.44
_08484_,21.44
_10007_,21.44
_11882_,21.44
_04618_,21.42
_08086_,21.42
_08895_,21.42
_12306_,21.42
_12885_,21.415
_01131_,21.4
_12238_,21.39
_01042_,21.38
_01878_,21.38
_02657_,21.38
_04009_,21.38
_06309_,21.38
_06531_,21.38
_12095_,21.38
_09986_,21.37
_01352_,21.36
_01667_,21.36
_04352_,21.36
_06341_,21.36
_06688_,21.36
_07147_,21.36
_08667_,21.36
_12726_,21.36
_10750_,21.35
_02590_,21.34
_04109_,21.34
_04882_,21.34
_06090_,21.34
_06913_,21.34
_08779_,21.34
_11618_,21.34
_11114_,21.33
_02858_,21.32
_05569_,21.32
_06427_,21.32
_10808_,21.32
_03194_,21.3
_11791_,21.3
_12716_,21.3
_00650_,21.285
_06515_,21.28
_01304_,21.26
_03216_,21.26
_04444_,21.26
_06419_,21.26
_08512_,21.26
_10317_,21.26
_11407_,21.26
_11957_,21.26
_04192_,21.25
_09955_,21.24
_10040_,21.24
_12110_,21.24
_01733_,21.22
_02164_,21.22
_08855_,21.22
_09187_,21.22
_12288_,21.22
_12633_,21.22
_01937_,21.2
_10765_,21.2
_11757_,21.2
_00110_,21.18
_02571_,21.18
_03246_,21.18
_05593_,21.18
_06939_,21.18
_07350_,21.18
_11535_,21.18
_04707_,21.17
_04084_,21.16
_04405_,21.16
_07577_,21.16
_11341_,21.16
_12916_,21.16
_03027_,21.15
_01076_,21.14
_01251_,21.14
_01808_,21.14
_05196_,21.14
_05713_,21.14
_05878_,21.14
_10564_,21.14
_12004_,21.14
_12027_,21.14
_01876_,21.12
_06575_,21.12
_09532_,21.12
_05483_,21.1
_05667_,21.1
_09588_,21.1
_10652_,21.1
_10798_,21.1
_11934_,21.1
_02017_,21.08
_04347_,21.08
_07519_,21.08
_07554_,21.08
_11411_,21.08
_12674_,21.08
_04635_,21.06
_04860_,21.06
_04909_,21.06
_08820_,21.06
_09546_,21.06
_01254_,21.04
_01270_,21.04
_04364_,21.04
_06393_,21.04
_07045_,21.04
_08256_,21.04
_12717_,21.04
_04514_,21.03
_09205_,21.02
_02568_,21
_11879_,21
net776,21
_00867_,20.995
_02193_,20.98
_05316_,20.98
_07657_,20.98
_07262_,20.96
_01967_,20.94
_07333_,20.94
_05341_,20.925
_02385_,20.92
_02607_,20.92
_02711_,20.92
_04644_,20.92
_06067_,20.92
_08184_,20.92
_08960_,20.92
_06668_,20.9
_10375_,20.9
_11620_,20.9
_06089_,20.88
_06447_,20.88
_07444_,20.88
_09529_,20.88
_12092_,20.88
_04824_,20.86
_12575_,20.86
_01392_,20.84
_03609_,20.84
_03701_,20.84
_06338_,20.84
_07760_,20.84
_09584_,20.84
_09863_,20.84
net731,20.84
_05052_,20.825
_01118_,20.82
_01358_,20.82
_10152_,20.82
_11958_,20.82
_13144_,20.82
_07425_,20.8
_08761_,20.8
_09128_,20.8
_09545_,20.8
_10409_,20.8
_11014_,20.8
_12515_,20.8
_04815_,20.78
_06600_,20.78
_12666_,20.78
skew_ctrl.b_sr\[9\]\[2\],20.78
_12611_,20.775
_05670_,20.77
_03736_,20.76
_08263_,20.76
_09518_,20.76
_11573_,20.76
_11752_,20.76
_12557_,20.76
_09749_,20.755
_03698_,20.74
_04977_,20.74
_05836_,20.74
_10763_,20.74
_05732_,20.735
_04416_,20.73
_12559_,20.73
_00964_,20.72
_01631_,20.72
_01954_,20.72
_06018_,20.72
_08273_,20.72
_08556_,20.72
_12640_,20.72
_08888_,20.71
c_flat[23],20.71
_00231_,20.705
_05673_,20.7
_06897_,20.7
_10292_,20.7
net849,20.7
_07950_,20.68
_08856_,20.68
_10595_,20.68
_13245_,20.68
_05674_,20.675
_05693_,20.67
_09164_,20.67
_02949_,20.66
_05004_,20.66
_07687_,20.66
_09197_,20.66
_11018_,20.66
_11269_,20.66
_12618_,20.66
_00989_,20.64
_01746_,20.64
_11041_,20.64
_12409_,20.64
_08143_,20.62
_08564_,20.62
_12651_,20.62
_01241_,20.6
_04677_,20.6
_05570_,20.6
_06083_,20.6
_07308_,20.6
_07376_,20.6
_07536_,20.6
_09174_,20.6
_10762_,20.6
_03530_,20.58
_04005_,20.58
_08134_,20.58
_08280_,20.58
_08747_,20.58
_09870_,20.58
_10533_,20.58
_01732_,20.56
_04263_,20.56
_07568_,20.56
_05778_,20.55
_09000_,20.55
_12523_,20.55
_01842_,20.54
_04719_,20.54
_09224_,20.54
_11562_,20.54
_01189_,20.52
_01208_,20.5
_04164_,20.5
_04212_,20.5
_01260_,20.48
_04441_,20.48
_05493_,20.48
_07607_,20.48
_09855_,20.48
pe_row\[2\].pe_col\[0\].pe_inst.a_in\[6\],20.48
_13069_,20.47
_05125_,20.46
_05980_,20.46
_09134_,20.46
_09479_,20.46
_09814_,20.46
_10642_,20.46
_09661_,20.455
_06637_,20.45
_10968_,20.45
_10069_,20.42
_10825_,20.42
_04176_,20.4
_04373_,20.4
_02024_,20.38
_05750_,20.38
_07530_,20.38
_10701_,20.38
_01356_,20.37
_00951_,20.36
_02419_,20.36
_08009_,20.36
_10356_,20.36
_11483_,20.36
_00903_,20.34
_03526_,20.34
_05888_,20.34
_05960_,20.34
_08165_,20.34
_09161_,20.34
_09664_,20.34
_08406_,20.335
_04936_,20.32
_05833_,20.32
_12597_,20.32
_12995_,20.32
_02142_,20.3
_06113_,20.3
_09893_,20.3
_11866_,20.3
_01278_,20.28
_02754_,20.28
_04327_,20.28
_07658_,20.28
_01398_,20.26
_03748_,20.26
_04251_,20.26
_05081_,20.26
_05590_,20.26
_07113_,20.26
_08048_,20.26
_09041_,20.26
_09896_,20.26
_10029_,20.255
_08821_,20.24
_11261_,20.24
_12956_,20.24
_02777_,20.23
_06331_,20.22
_09018_,20.22
_12013_,20.22
_07557_,20.215
_10665_,20.21
_10749_,20.21
_04083_,20.2
_04709_,20.2
net911,20.2
_05100_,20.19
pe_row\[1\].pe_col\[0\].pe_inst.b_out\[3\],20.18
net856,20.18
_09583_,20.175
_07467_,20.16
_08302_,20.16
_01331_,20.14
_10992_,20.14
_01067_,20.12
_05146_,20.12
_08157_,20.12
_09805_,20.12
_09844_,20.12
_12044_,20.12
_03451_,20.105
_03456_,20.1
_07701_,20.1
_10255_,20.1
c_flat[449],20.1
_07136_,20.09
_09691_,20.09
_04912_,20.08
_05314_,20.08
_05846_,20.08
_08699_,20.08
_08843_,20.08
_11294_,20.08
_04487_,20.065
_02799_,20.06
_03647_,20.06
_08403_,20.06
_11274_,20.06
_06737_,20.04
_07633_,20.04
_10003_,20.04
_10397_,20.04
_12120_,20.04
_02053_,20.02
_02605_,20.02
_03490_,20.02
_03670_,20.02
_05870_,20.02
_06572_,20
_07274_,20
_10354_,20
_11174_,20
_12521_,20
_02855_,19.99
_01341_,19.98
_04221_,19.98
_10638_,19.97
_06537_,19.96
_11085_,19.96
_11255_,19.96
_11626_,19.96
_04071_,19.955
_01946_,19.95
_00811_,19.94
_06692_,19.94
_07392_,19.94
_09175_,19.94
_11216_,19.94
_06350_,19.93
c_flat[314],19.93
_01065_,19.92
_02461_,19.92
_03330_,19.92
_03804_,19.92
_06931_,19.92
_09012_,19.92
_12951_,19.91
_00266_,19.905
_01695_,19.9
_02001_,19.9
_05426_,19.9
_06002_,19.9
_06659_,19.9
_08013_,19.9
_07346_,19.89
_01308_,19.88
_08357_,19.88
_09771_,19.88
_00953_,19.86
_01211_,19.86
_11910_,19.86
_12748_,19.86
_02540_,19.84
_02541_,19.84
_03759_,19.84
_07505_,19.84
_09765_,19.84
_11352_,19.84
_03584_,19.82
_04224_,19.82
_04722_,19.82
_02937_,19.8
_03651_,19.8
_04253_,19.8
_04593_,19.8
_02523_,19.78
_05197_,19.78
_07195_,19.78
_10025_,19.78
_11392_,19.78
_12594_,19.78
_12875_,19.78
pe_row\[3\].pe_col\[0\].pe_inst.a_out\[2\],19.78
clknet_leaf_93_clk,19.78
a_flat[3],19.77
_05697_,19.76
_05824_,19.76
_02532_,19.74
_02740_,19.74
_03928_,19.74
_04990_,19.74
_12061_,19.74
_12328_,19.74
_12884_,19.74
net947,19.735
_03369_,19.73
_05016_,19.72
_08759_,19.72
_12026_,19.72
_06037_,19.715
_00313_,19.705
_01366_,19.7
_03403_,19.7
_04700_,19.7
_11088_,19.7
_11147_,19.7
_11203_,19.7
_01950_,19.69
_05729_,19.68
_10374_,19.68
_10527_,19.68
_12283_,19.68
_01619_,19.67
_01080_,19.66
_04202_,19.66
_05289_,19.66
_06116_,19.66
_08077_,19.66
_02653_,19.64
_04304_,19.64
_11429_,19.64
_05765_,19.62
_06656_,19.62
_07622_,19.62
_08748_,19.62
_09997_,19.62
_10451_,19.62
_11110_,19.62
_11798_,19.62
_03238_,19.615
_03339_,19.6
_06750_,19.6
_08294_,19.6
_01902_,19.59
_07692_,19.59
_02839_,19.58
_04935_,19.58
_04941_,19.58
_08101_,19.58
_08367_,19.58
_11500_,19.58
_12735_,19.58
_12815_,19.58
_03717_,19.57
_00899_,19.565
_03612_,19.56
_08766_,19.56
_09289_,19.56
_11432_,19.56
_04993_,19.54
_05912_,19.54
_07365_,19.54
_08102_,19.54
_12877_,19.54
net912,19.54
_10508_,19.525
_00950_,19.52
_03474_,19.5
_05503_,19.5
_10579_,19.5
_10625_,19.5
_12498_,19.5
_01122_,19.48
_09577_,19.48
_13153_,19.48
_00651_,19.465
_02006_,19.46
_04186_,19.46
_04277_,19.46
_06708_,19.46
_11954_,19.46
_12232_,19.46
_13016_,19.46
_09516_,19.455
_12880_,19.455
_06012_,19.44
_08186_,19.44
_11214_,19.44
_12077_,19.44
_02980_,19.435
_03296_,19.42
_03820_,19.42
_04035_,19.42
_04073_,19.42
_04704_,19.42
_06516_,19.42
_07699_,19.42
_08672_,19.42
_09692_,19.42
_12629_,19.42
_12828_,19.42
_01714_,19.415
_04688_,19.4
_04721_,19.4
_05490_,19.4
_05739_,19.4
_07967_,19.4
_08105_,19.4
_08282_,19.4
_01699_,19.38
_04775_,19.38
_08884_,19.38
_13011_,19.38
net942,19.38
_02831_,19.36
_08965_,19.36
_11811_,19.36
_12678_,19.36
_00876_,19.34
_01154_,19.34
_01380_,19.34
_01428_,19.34
_08061_,19.34
_11017_,19.34
_11819_,19.34
_04163_,19.32
_04454_,19.32
_09231_,19.32
_11765_,19.32
_12719_,19.32
_10695_,19.3
_01929_,19.29
_00952_,19.28
_11170_,19.28
_12023_,19.28
_12843_,19.28
_04274_,19.26
_05258_,19.26
_11505_,19.26
_12297_,19.26
clknet_leaf_119_clk,19.26
_03510_,19.24
_04430_,19.24
_05205_,19.24
_07486_,19.24
_10804_,19.24
_11487_,19.24
_02646_,19.22
_09454_,19.22
_10267_,19.22
_13253_,19.22
_03944_,19.215
_05628_,19.215
_10443_,19.21
_03411_,19.2
_04174_,19.2
_04729_,19.2
_04962_,19.2
_11441_,19.2
_12565_,19.2
_02422_,19.18
_06512_,19.18
_09735_,19.18
_09754_,19.18
_13061_,19.18
_01949_,19.16
_04731_,19.16
_07210_,19.16
_08330_,19.16
_09276_,19.16
_10471_,19.16
net506,19.16
_05821_,19.14
_05847_,19.14
_06778_,19.14
_06855_,19.14
_09736_,19.125
_04093_,19.12
_11953_,19.12
_10077_,19.115
_05786_,19.11
_06771_,19.1
_12631_,19.1
_05511_,19.085
_05086_,19.08
_05222_,19.08
_05994_,19.08
_06701_,19.08
_12563_,19.08
_04436_,19.06
_05413_,19.06
_05506_,19.06
_08754_,19.06
_08984_,19.06
_09531_,19.06
_02427_,19.04
_02582_,19.04
_03242_,19.04
_12003_,19.04
c_flat[121],19.04
_01044_,19.02
_01791_,19.02
_02463_,19.02
_09730_,19.02
_10528_,19.02
_02030_,19
_02598_,19
_05905_,19
_06134_,19
_06932_,19
_08110_,19
_10801_,19
_06830_,18.995
_03169_,18.98
_03464_,18.98
_03493_,18.98
_04322_,18.98
_07349_,18.98
_08172_,18.98
_09773_,18.98
_10552_,18.98
_11103_,18.98
_12390_,18.98
_00043_,18.96
_03230_,18.96
_03535_,18.96
_04524_,18.96
_07603_,18.96
_12944_,18.96
_02290_,18.94
_02658_,18.94
_04403_,18.94
_07718_,18.94
_09663_,18.94
net553,18.93
_10472_,18.92
_11207_,18.92
pe_row\[0\].pe_col\[2\].pe_inst.b_in\[1\],18.92
_12337_,18.915
_03789_,18.91
_00990_,18.9
_05733_,18.9
_07611_,18.9
_09304_,18.9
_02394_,18.88
_03343_,18.88
_04832_,18.88
_05599_,18.88
_06745_,18.88
_08555_,18.88
_09157_,18.88
_11870_,18.88
_12506_,18.875
_12508_,18.87
_01074_,18.86
_05983_,18.86
_08698_,18.86
_01413_,18.84
_03387_,18.84
_08203_,18.84
_10795_,18.84
_02042_,18.82
_02175_,18.82
_03950_,18.82
_05573_,18.82
_06779_,18.82
_07006_,18.82
_02750_,18.8
_06597_,18.8
_12733_,18.8
_13255_,18.8
_11235_,18.79
_05276_,18.78
_09744_,18.78
_11528_,18.78
_12486_,18.78
_08131_,18.76
_04819_,18.74
_05618_,18.74
_06532_,18.74
_07355_,18.74
_08260_,18.74
_09200_,18.74
_10305_,18.74
_00649_,18.725
_07101_,18.72
_10325_,18.72
_10885_,18.72
_02923_,18.71
_10820_,18.705
_06915_,18.7
_08040_,18.7
_08286_,18.7
_02733_,18.68
_03959_,18.68
_04286_,18.68
_00910_,18.67
_01535_,18.66
_02388_,18.66
_03520_,18.66
_04516_,18.66
_05518_,18.66
_06530_,18.66
_07386_,18.66
_08010_,18.66
_08422_,18.66
_13029_,18.66
_06803_,18.655
_01833_,18.64
_02066_,18.64
_03294_,18.64
_08429_,18.635
_00877_,18.62
_07495_,18.62
_09780_,18.62
net6,18.62
_09742_,18.61
_10960_,18.61
_01187_,18.6
_02183_,18.6
_02239_,18.6
_04069_,18.6
_04074_,18.6
_11057_,18.6
_09548_,18.595
_02665_,18.59
_09123_,18.59
_09838_,18.59
_11911_,18.59
_12781_,18.59
_01266_,18.58
_04054_,18.58
_12700_,18.58
_12831_,18.58
_04535_,18.56
_10368_,18.56
_05072_,18.55
_05229_,18.55
_04362_,18.54
_04583_,18.54
_05049_,18.54
_07288_,18.54
_08980_,18.54
_11567_,18.54
_12504_,18.54
_11975_,18.535
_03752_,18.52
_07112_,18.52
_08458_,18.52
_12623_,18.52
_01628_,18.5
_02101_,18.5
_03796_,18.5
_09790_,18.5
_12185_,18.5
_07278_,18.49
_10469_,18.49
_01625_,18.48
_06638_,18.48
_10924_,18.48
c_flat[433],18.48
_01359_,18.46
_02808_,18.46
_05597_,18.46
_05822_,18.46
_06095_,18.46
_08233_,18.46
_11859_,18.46
_04001_,18.44
_05705_,18.44
_07940_,18.44
_11354_,18.44
_12592_,18.44
_12937_,18.44
_07180_,18.43
_01918_,18.42
_04893_,18.42
_05793_,18.42
_06777_,18.42
_06967_,18.42
_07440_,18.42
_02210_,18.4
_04773_,18.4
_07899_,18.4
net914,18.4
_02476_,18.38
_02952_,18.38
_07455_,18.38
_09905_,18.38
_11905_,18.38
_06795_,18.37
_02669_,18.36
_04730_,18.36
_04918_,18.36
_08539_,18.36
_10974_,18.36
_12311_,18.36
_12802_,18.36
_07249_,18.34
_09147_,18.34
_09189_,18.34
_12136_,18.34
_12784_,18.34
_03740_,18.32
_05814_,18.32
_06204_,18.32
_09904_,18.32
_08364_,18.31
_12488_,18.31
_05237_,18.3
_06809_,18.3
_08439_,18.3
_11450_,18.3
_12572_,18.3
_02510_,18.28
_02761_,18.28
_04560_,18.28
_05685_,18.28
_06881_,18.28
_08536_,18.28
_08788_,18.28
_10013_,18.28
_10843_,18.28
_11233_,18.28
_12836_,18.28
net692,18.28
_01852_,18.275
_04517_,18.26
_09234_,18.26
_09292_,18.26
_11366_,18.26
_01138_,18.24
_03399_,18.24
_03664_,18.24
_07398_,18.24
_08293_,18.24
_08383_,18.24
_04684_,18.22
_09759_,18.22
_09979_,18.22
_11865_,18.22
_12150_,18.22
_12799_,18.22
_00929_,18.2
_02518_,18.2
_03618_,18.2
_04291_,18.2
_05057_,18.2
_07463_,18.2
_12902_,18.2
_01905_,18.18
_05228_,18.18
_06411_,18.18
_07215_,18.18
_10754_,18.18
_12680_,18.18
_04913_,18.17
_05535_,18.16
_10669_,18.16
_12298_,18.16
net589,18.16
_08174_,18.14
_08481_,18.14
_09680_,18.14
_11055_,18.14
_11874_,18.13
c_flat[470],18.13
_07318_,18.12
_02720_,18.1
_03067_,18.1
_03791_,18.1
_04985_,18.1
_10091_,18.1
_11770_,18.1
_13199_,18.1
net693,18.1
_01057_,18.08
_02237_,18.08
_03398_,18.08
_03743_,18.08
_08495_,18.08
_08879_,18.08
_09761_,18.08
_11470_,18.08
_11564_,18.08
_12088_,18.08
_02157_,18.06
_07516_,18.06
_07702_,18.06
_10650_,18.06
_10678_,18.06
_11337_,18.06
_13022_,18.06
_01257_,18.04
_04012_,18.04
_08408_,18.04
_08881_,18.04
_09704_,18.04
_07502_,18.03
_10786_,18.03
_02957_,18.02
_07199_,18.02
_08470_,18.02
_01597_,18
_04280_,18
_10278_,18
_00653_,17.985
_04269_,17.98
_05695_,17.98
_09004_,17.98
_10082_,17.98
_03086_,17.96
_06053_,17.96
_06696_,17.96
_09057_,17.96
_10401_,17.96
_10559_,17.96
_12558_,17.95
_12976_,17.95
_01102_,17.94
_01995_,17.94
_02178_,17.94
_02814_,17.94
_05227_,17.94
_06344_,17.94
_08349_,17.94
_09750_,17.94
_03669_,17.92
_09789_,17.92
_10629_,17.92
_01115_,17.9
_01578_,17.9
_01836_,17.9
_01843_,17.9
_05522_,17.9
_07104_,17.9
_11251_,17.9
_11938_,17.9
_12579_,17.9
_00868_,17.88
_01318_,17.88
_13033_,17.88
b_flat[2],17.88
net816,17.88
_02474_,17.87
_02988_,17.87
_10722_,17.86
_01784_,17.84
_02692_,17.84
_03019_,17.84
_04855_,17.84
_06378_,17.84
_10291_,17.84
_10609_,17.84
_12566_,17.825
_01297_,17.82
_01357_,17.82
_01780_,17.82
_08417_,17.82
_09478_,17.82
_09565_,17.82
_11956_,17.82
_07116_,17.815
_02559_,17.8
_05287_,17.8
_09770_,17.8
_12771_,17.8
_00065_,17.78
_01198_,17.78
_02202_,17.78
_02699_,17.78
_03460_,17.78
_03990_,17.78
_04903_,17.78
_05754_,17.78
_06911_,17.78
_07253_,17.78
_08670_,17.78
_08785_,17.78
_10075_,17.78
_11219_,17.78
_13256_,17.78
_00795_,17.765
_07989_,17.76
_01434_,17.74
_02412_,17.74
_03297_,17.74
_06686_,17.74
_07674_,17.74
_08758_,17.74
_08824_,17.74
_10575_,17.735
_09313_,17.73
_00918_,17.72
_03996_,17.72
_05036_,17.72
_09956_,17.72
_12183_,17.72
_02998_,17.7
_03966_,17.7
_04131_,17.7
_06534_,17.7
_06652_,17.7
_07290_,17.7
_08493_,17.7
_09048_,17.7
_12489_,17.7
_12942_,17.7
_13047_,17.7
_02218_,17.695
_04796_,17.69
_05184_,17.69
_01142_,17.68
_06442_,17.68
_11427_,17.68
_11439_,17.68
_12155_,17.68
_01697_,17.66
_02039_,17.66
_02092_,17.66
_08359_,17.66
_09767_,17.66
_11456_,17.65
_01144_,17.64
_02060_,17.64
_05957_,17.64
_09607_,17.64
_09996_,17.64
_00808_,17.62
_02033_,17.62
_04240_,17.62
_05295_,17.62
_09817_,17.62
_00938_,17.6
_04665_,17.6
_06513_,17.59
_05335_,17.58
_02415_,17.57
_00830_,17.56
_01609_,17.56
_03010_,17.56
_05191_,17.56
_12595_,17.56
_01985_,17.55
_06444_,17.55
_00930_,17.54
_00963_,17.54
_10599_,17.54
_03329_,17.53
_03934_,17.52
_05037_,17.52
_09554_,17.52
_09724_,17.52
_11372_,17.52
_09524_,17.51
_04254_,17.5
_05141_,17.5
_07528_,17.5
_09203_,17.5
_09647_,17.5
_12727_,17.5
_04157_,17.48
_05017_,17.48
_07743_,17.48
_11305_,17.48
_11468_,17.48
_04927_,17.46
_08321_,17.46
_08543_,17.46
_08935_,17.445
_02494_,17.44
_02601_,17.44
_03596_,17.44
_03742_,17.44
_03978_,17.44
_06206_,17.44
_07469_,17.44
_08160_,17.44
_08234_,17.44
_08247_,17.44
_08974_,17.44
_10186_,17.44
_11480_,17.44
pe_row\[1\].pe_col\[0\].pe_inst.a_out\[0\],17.44
_01831_,17.43
_02050_,17.42
_04511_,17.42
_04575_,17.42
_04694_,17.42
_06658_,17.42
_07948_,17.42
_09694_,17.42
_09947_,17.42
_10334_,17.42
_11584_,17.42
_01163_,17.4
_02289_,17.4
_02859_,17.4
_03779_,17.4
_08492_,17.4
_09315_,17.4
_09569_,17.4
_10725_,17.4
_11339_,17.4
c_flat[457],17.39
_03608_,17.38
_05984_,17.38
_10627_,17.38
_02705_,17.36
_04328_,17.36
_06465_,17.36
_07226_,17.36
_09598_,17.36
_09733_,17.36
_00130_,17.355
_05140_,17.35
_01284_,17.34
_03237_,17.34
_04378_,17.34
_04497_,17.34
_04619_,17.34
_07178_,17.34
_09160_,17.34
_10731_,17.34
_11390_,17.34
_11742_,17.34
_11763_,17.34
_01001_,17.32
_03404_,17.32
_04879_,17.32
_07669_,17.32
_10414_,17.32
_11442_,17.32
_11756_,17.32
_12018_,17.32
_01657_,17.315
_04377_,17.31
_00810_,17.3
_02936_,17.3
_03274_,17.3
_06192_,17.3
_12206_,17.3
_12226_,17.3
_01800_,17.28
_04908_,17.28
_07157_,17.28
_12936_,17.28
_09403_,17.27
_04189_,17.26
_06893_,17.26
_08471_,17.26
_09757_,17.26
_02847_,17.24
_04223_,17.24
_05055_,17.24
_03553_,17.23
_02079_,17.22
_02756_,17.22
_03674_,17.22
_08119_,17.22
_12548_,17.22
_07614_,17.2
_09481_,17.2
_03401_,17.18
_03992_,17.18
_09229_,17.18
net854,17.18
_04772_,17.175
_04763_,17.165
_02181_,17.16
_03619_,17.16
_04153_,17.16
_05003_,17.16
_06039_,17.16
_06330_,17.16
_08839_,17.16
_11161_,17.16
_02208_,17.14
_04783_,17.14
_10378_,17.14
_11050_,17.14
_13052_,17.14
_02703_,17.12
_05536_,17.12
_06065_,17.12
_06521_,17.12
_06808_,17.12
_06923_,17.12
_08075_,17.12
_08817_,17.12
_11782_,17.12
c_flat[439],17.12
_08988_,17.115
_08534_,17.1
_10566_,17.1
_11795_,17.1
_12861_,17.09
_03586_,17.08
_04288_,17.08
_05460_,17.08
_05784_,17.08
_09678_,17.08
_09807_,17.08
_10487_,17.08
_01127_,17.06
_01960_,17.06
_03290_,17.06
_04476_,17.06
_07186_,17.06
_09916_,17.06
_11476_,17.06
_05872_,17.04
_07900_,17.04
_09095_,17.04
_12473_,17.04
b_flat[24],17.04
_01390_,17.02
_02173_,17.02
_04279_,17.02
_06034_,17.02
_06841_,17.02
_08336_,17.02
_09895_,17.02
_10610_,17.02
clknet_leaf_71_clk,17.02
_02209_,17.01
_03544_,17
_06910_,17
_08949_,17
_08501_,16.995
_05070_,16.98
_08945_,16.98
_09585_,16.98
_09748_,16.98
_09911_,16.98
_09934_,16.975
_03354_,16.96
_11433_,16.95
c_flat[416],16.95
_01613_,16.94
_03694_,16.94
_04986_,16.94
_05508_,16.94
_07103_,16.94
_09007_,16.94
_10671_,16.94
_12307_,16.94
_12353_,16.94
_12813_,16.94
_03627_,16.935
_00999_,16.92
_02628_,16.92
_03325_,16.92
_08326_,16.92
_11784_,16.915
_07109_,16.91
_02762_,16.9
_02807_,16.9
_05842_,16.9
_05858_,16.9
_07106_,16.9
_07654_,16.9
_08031_,16.9
_11101_,16.9
_11297_,16.9
_11920_,16.9
_01925_,16.88
_03346_,16.88
_06606_,16.88
b_flat[27],16.88
c_flat[500],16.87
_00535_,16.86
_01683_,16.86
_02088_,16.86
_05327_,16.86
_05588_,16.86
_06549_,16.86
_09964_,16.86
_10770_,16.86
_10853_,16.86
_12985_,16.86
net634,16.86
_00129_,16.855
_11980_,16.855
net926,16.85
_03112_,16.84
_05607_,16.84
_08019_,16.84
_09186_,16.84
_10741_,16.84
_12361_,16.84
_05053_,16.83
_00353_,16.825
_02513_,16.825
_01338_,16.82
_05000_,16.82
_07497_,16.82
_08205_,16.82
_08506_,16.82
_08975_,16.82
_10673_,16.82
_12569_,16.82
_10457_,16.815
_03168_,16.8
_03713_,16.8
_08342_,16.8
_08426_,16.8
_09092_,16.8
_09268_,16.8
_00968_,16.78
_03534_,16.78
_04924_,16.78
_07489_,16.78
_07944_,16.78
_08309_,16.78
_11582_,16.78
_11788_,16.78
_01816_,16.76
_05700_,16.76
_05894_,16.76
_09994_,16.76
_10668_,16.76
_11968_,16.76
_12161_,16.76
_06342_,16.75
_02051_,16.74
_06766_,16.74
_10703_,16.74
_11117_,16.74
_11376_,16.74
_11594_,16.74
_04922_,16.73
_04081_,16.72
_11335_,16.72
_12309_,16.72
_00921_,16.7
_03363_,16.7
_06914_,16.7
_07704_,16.7
_10489_,16.7
_11344_,16.7
_04812_,16.68
_05162_,16.68
_06115_,16.68
_09173_,16.68
_11461_,16.68
_02737_,16.66
_06784_,16.66
_08020_,16.66
_12062_,16.66
net865,16.66
_03667_,16.65
_01550_,16.64
_01814_,16.64
_04445_,16.64
_05857_,16.64
_06903_,16.64
_08957_,16.64
_09927_,16.64
_10648_,16.64
_10748_,16.64
_11550_,16.63
_04692_,16.62
_04716_,16.62
_04963_,16.62
_05823_,16.62
_08266_,16.62
_09864_,16.62
_12404_,16.62
_01994_,16.61
_02690_,16.6
_05780_,16.6
_06847_,16.6
_07179_,16.6
_01373_,16.58
_08473_,16.58
_03733_,16.565
_01289_,16.56
_02409_,16.56
_04282_,16.56
_05661_,16.56
_05819_,16.56
_05985_,16.56
_07652_,16.56
_10447_,16.56
_11972_,16.56
clknet_leaf_97_clk,16.56
_10340_,16.55
_02139_,16.54
_05810_,16.54
_08986_,16.54
_09291_,16.54
_10588_,16.54
_02227_,16.53
_04138_,16.52
_05760_,16.52
_08750_,16.52
_09629_,16.52
_13032_,16.52
net723,16.52
_06815_,16.5
_10142_,16.5
_11467_,16.5
_06445_,16.49
_01378_,16.48
_09044_,16.48
_04649_,16.47
_01228_,16.46
_04670_,16.46
_04859_,16.46
_00940_,16.44
_02515_,16.44
_06091_,16.44
_08289_,16.44
_08412_,16.44
_08488_,16.44
_09853_,16.44
_10373_,16.44
_11222_,16.44
_01223_,16.42
_06552_,16.42
_00038_,16.405
_06772_,16.4
_08062_,16.4
_10758_,16.4
_06713_,16.38
_09581_,16.38
_07663_,16.36
_08166_,16.36
_12357_,16.36
_03407_,16.34
_11732_,16.34
_01045_,16.32
_02535_,16.32
_02961_,16.32
_05157_,16.32
_05548_,16.32
_06170_,16.32
_12577_,16.32
_05061_,16.315
_12913_,16.31
_00769_,16.305
_04392_,16.3
_05753_,16.3
_05801_,16.3
_10284_,16.3
_13227_,16.3
_06431_,16.285
_02043_,16.28
_02687_,16.28
_05644_,16.28
_06590_,16.28
_11937_,16.28
_13087_,16.28
a_flat[27],16.28
_02340_,16.26
_08685_,16.25
_02232_,16.24
_03445_,16.24
_03768_,16.24
_04667_,16.24
_04916_,16.24
_05997_,16.24
_07458_,16.24
_10109_,16.24
_11009_,16.24
_04954_,16.235
_08907_,16.22
_01310_,16.2
_05019_,16.2
_05199_,16.2
_08803_,16.2
_08890_,16.2
_03524_,16.18
_04154_,16.18
_04228_,16.18
_06690_,16.18
_07683_,16.18
_09909_,16.18
_10070_,16.18
_04861_,16.17
_12128_,16.17
_02644_,16.16
_03280_,16.16
_04676_,16.16
_04809_,16.16
_06868_,16.16
_11374_,16.16
_11988_,16.16
_01620_,16.15
_01647_,16.14
_02186_,16.14
_08068_,16.14
_08858_,16.14
_09167_,16.14
_13007_,16.14
_06001_,16.135
_01771_,16.12
_06352_,16.12
_08848_,16.12
_11246_,16.12
_06369_,16.11
_04044_,16.1
_04949_,16.1
_05748_,16.1
_08215_,16.1
_08944_,16.1
_11359_,16.1
_12422_,16.1
_12908_,16.1
_03303_,16.09
_02803_,16.08
_03459_,16.08
_12137_,16.08
_12832_,16.08
_09162_,16.075
_06695_,16.07
_01203_,16.06
_02005_,16.06
_03271_,16.06
_04331_,16.06
_05194_,16.06
_08552_,16.06
_08797_,16.06
_09118_,16.06
_09494_,16.06
_11355_,16.06
_00229_,16.04
_03057_,16.04
_03197_,16.04
_04148_,16.04
_04612_,16.04
b_flat[0],16.04
_05728_,16.035
_01136_,16.02
_08811_,16.02
_12005_,16.02
_01098_,16
_03600_,16
_06051_,16
_07612_,16
_11089_,16
_11960_,16
_04239_,15.99
_12811_,15.99
_02684_,15.98
_02708_,15.98
_04758_,15.98
_09886_,15.98
_00852_,15.96
_03918_,15.96
_04160_,15.96
_04308_,15.96
_06375_,15.96
_12417_,15.96
_03434_,15.94
_05148_,15.94
_05415_,15.94
_05601_,15.94
_05812_,15.94
_06870_,15.94
_10290_,15.94
_11904_,15.94
_11907_,15.94
_08127_,15.93
_08152_,15.92
_00319_,15.905
_07287_,15.9
_07340_,15.9
_12757_,15.9
_13213_,15.9
net688,15.9
net795,15.9
_01192_,15.89
_00802_,15.88
_01794_,15.88
_12002_,15.88
_09376_,15.87
_01303_,15.86
_02835_,15.86
_03825_,15.86
_04508_,15.86
_06145_,15.86
_07358_,15.86
_07537_,15.86
_11659_,15.86
_12166_,15.86
_07450_,15.84
_07542_,15.84
_08123_,15.84
_10440_,15.84
_08113_,15.83
_02901_,15.82
_04329_,15.82
_04499_,15.82
_07901_,15.82
_09281_,15.82
_00275_,15.805
_01743_,15.8
_04021_,15.8
_05202_,15.8
_10006_,15.8
_10407_,15.8
_11369_,15.8
_11393_,15.8
_11491_,15.8
_11867_,15.8
_02622_,15.78
_03365_,15.78
_03680_,15.78
_06988_,15.78
_08567_,15.78
_09247_,15.78
_11586_,15.78
c_flat[312],15.78
_01049_,15.76
_02045_,15.76
_04181_,15.76
_06132_,15.76
_09839_,15.76
_11241_,15.76
_12119_,15.76
_12630_,15.76
_02899_,15.74
_03731_,15.74
_06403_,15.74
_07520_,15.74
_11810_,15.74
_00997_,15.72
_01317_,15.72
_05740_,15.72
_06605_,15.72
_08150_,15.72
_11256_,15.72
_12917_,15.72
_07526_,15.715
_09636_,15.715
_02283_,15.7
_06678_,15.7
_08451_,15.7
_11551_,15.7
_11863_,15.7
_12069_,15.7
_09635_,15.69
_11102_,15.69
_01652_,15.68
_03487_,15.68
_07437_,15.68
_09793_,15.68
_11633_,15.68
_13254_,15.68
_00399_,15.665
_08288_,15.66
_09496_,15.66
_11484_,15.66
_00873_,15.64
_01141_,15.64
_01298_,15.64
_02390_,15.64
_07209_,15.64
_09055_,15.64
_11579_,15.64
_11674_,15.64
_12699_,15.64
_03499_,15.62
_05243_,15.62
_09697_,15.62
_02617_,15.6
_02898_,15.6
_03255_,15.6
_06663_,15.6
_08145_,15.6
_12354_,15.6
_12665_,15.6
_12969_,15.6
_02986_,15.58
_03097_,15.58
_09456_,15.58
_10628_,15.58
_11379_,15.58
_12200_,15.58
_01004_,15.56
_03671_,15.56
_03821_,15.56
_08308_,15.56
_09941_,15.56
_11360_,15.56
_11469_,15.56
_11862_,15.56
_12319_,15.56
_06332_,15.55
_12734_,15.55
_03562_,15.54
_04062_,15.54
_04900_,15.54
_12172_,15.54
_04959_,15.535
_05288_,15.53
_01387_,15.52
_02219_,15.52
_02905_,15.52
_03741_,15.52
_05517_,15.52
_07299_,15.52
_07336_,15.52
_08734_,15.52
_08752_,15.52
_08899_,15.52
_09972_,15.52
net623,15.52
_00033_,15.5
_03156_,15.5
_07732_,15.5
_02113_,15.49
_03802_,15.49
_05249_,15.48
_07335_,15.48
_09973_,15.48
_11380_,15.48
_11888_,15.48
_11923_,15.48
_12766_,15.47
_01182_,15.46
_07368_,15.46
_07642_,15.46
c_flat[289],15.46
_01731_,15.44
_04036_,15.44
_04361_,15.44
_06681_,15.44
_07936_,15.44
_00594_,15.42
_01333_,15.42
_04934_,15.42
_07533_,15.42
_11053_,15.42
_01742_,15.4
_06664_,15.4
_07556_,15.4
_07615_,15.4
_07934_,15.4
_08840_,15.4
_09665_,15.4
_10339_,15.4
_12218_,15.4
_09943_,15.39
_01540_,15.38
_02514_,15.38
_03970_,15.38
_06047_,15.38
_07339_,15.38
_12761_,15.38
pe_row\[0\].pe_col\[1\].pe_inst.b_in\[3\],15.38
_00807_,15.36
_06522_,15.36
_06947_,15.36
_08448_,15.36
_09627_,15.36
_11932_,15.36
_02982_,15.34
_03158_,15.34
_05435_,15.34
_06402_,15.34
_06768_,15.34
_09054_,15.34
_03040_,15.32
_03838_,15.32
_07389_,15.32
_10667_,15.32
_00262_,15.3
_00853_,15.3
_02959_,15.3
_04385_,15.3
_06073_,15.3
_06882_,15.3
_07011_,15.3
_09014_,15.3
_11247_,15.3
_12012_,15.3
_12878_,15.3
_01686_,15.28
_04167_,15.28
_05069_,15.28
_09703_,15.28
_10066_,15.28
_12626_,15.28
_07307_,15.275
_09363_,15.27
_09107_,15.265
_02335_,15.26
_03797_,15.26
_04613_,15.26
_06524_,15.26
_06698_,15.26
_07314_,15.26
_10444_,15.26
_11852_,15.26
_12760_,15.26
c_flat[307],15.26
c_flat[509],15.26
net772,15.25
_02291_,15.24
_05691_,15.24
_06583_,15.24
_12620_,15.24
_08042_,15.235
_01326_,15.22
_04518_,15.22
_05640_,15.22
_05887_,15.22
_07297_,15.22
_08983_,15.22
_10600_,15.22
net701,15.22
net720,15.22
_02867_,15.205
_04823_,15.2
_05254_,15.2
_09005_,15.2
_09035_,15.2
_01170_,15.185
_01803_,15.18
_03221_,15.18
_04892_,15.18
_05860_,15.18
_05879_,15.18
_07978_,15.18
_09039_,15.18
_09463_,15.18
_01219_,15.16
_05768_,15.16
_06781_,15.16
net766,15.16
_04648_,15.14
_05143_,15.14
_05715_,15.14
_06441_,15.14
_07313_,15.14
_07871_,15.14
_09823_,15.14
_10464_,15.14
_10672_,15.14
_05285_,15.12
_08402_,15.12
_08966_,15.12
_12590_,15.12
_04946_,15.11
_07957_,15.11
_00865_,15.1
_01521_,15.1
_02089_,15.1
_03268_,15.1
_07424_,15.1
_08356_,15.1
_09467_,15.1
_10876_,15.1
_11342_,15.1
_13116_,15.1
_02401_,15.085
_12305_,15.08
_03440_,15.06
_06635_,15.06
_11121_,15.06
_11565_,15.06
c_flat[467],15.05
_06242_,15.04
_09480_,15.04
_11394_,15.04
b_flat[1],15.04
_00862_,15.02
_01781_,15.02
_03570_,15.02
_03929_,15.02
_04183_,15.02
_04399_,15.02
_05935_,15.02
_06916_,15.02
_08169_,15.02
_10367_,15.02
_12881_,15.02
_12982_,15.02
net582,15.02
a_flat[22],15.01
_02834_,15
_09239_,15
_10062_,15
_10700_,15
_12125_,14.995
_09451_,14.99
_02881_,14.98
_11805_,14.98
_12388_,14.98
_05727_,14.97
_00778_,14.965
_03183_,14.96
_04372_,14.96
net866,14.96
_01763_,14.94
_02037_,14.94
_02078_,14.94
_02630_,14.94
_08669_,14.94
_08854_,14.94
_09110_,14.94
_11437_,14.94
net827,14.94
_00839_,14.935
_04193_,14.92
_04237_,14.92
_04911_,14.92
_06536_,14.92
_11778_,14.92
_12190_,14.92
_00260_,14.9
_04076_,14.9
_04166_,14.9
_10751_,14.9
_08498_,14.885
_00571_,14.88
_00576_,14.88
_01306_,14.88
_02862_,14.88
_06687_,14.88
_08100_,14.88
_08629_,14.88
_02609_,14.86
_02857_,14.86
_03533_,14.86
_04462_,14.86
_05838_,14.86
_05956_,14.86
_07395_,14.86
_12990_,14.86
_01559_,14.84
_12882_,14.84
_05247_,14.835
_03765_,14.82
_08401_,14.82
_10981_,14.82
_00656_,14.805
_02819_,14.8
_05062_,14.8
_05139_,14.8
_06186_,14.8
_07151_,14.8
_07593_,14.8
_08981_,14.8
_09493_,14.8
_09859_,14.8
_03585_,14.78
_05219_,14.78
_07598_,14.78
_09981_,14.78
_10382_,14.78
_10523_,14.78
_11486_,14.78
_12117_,14.78
_03471_,14.76
_06955_,14.76
_09262_,14.76
_09802_,14.76
_02583_,14.74
_06838_,14.74
_08693_,14.74
_08998_,14.74
_12950_,14.73
_04056_,14.72
_07258_,14.72
_11426_,14.72
_11536_,14.72
b_flat[26],14.7
_03521_,14.69
_06078_,14.69
_01184_,14.68
_01231_,14.68
_07635_,14.68
_09069_,14.68
_10421_,14.68
_12768_,14.68
_12847_,14.68
_00887_,14.675
_03676_,14.67
a_flat[11],14.67
_02163_,14.665
_01958_,14.66
_07664_,14.66
_07902_,14.66
c_flat[79],14.66
_12864_,14.65
_00490_,14.645
_00904_,14.64
_02054_,14.64
_02226_,14.64
_03940_,14.64
_05479_,14.64
_06633_,14.64
_09820_,14.64
net934,14.64
_01053_,14.62
_02845_,14.62
_04108_,14.62
_05979_,14.62
_08276_,14.62
_08307_,14.62
_09034_,14.62
_01199_,14.6
_01883_,14.6
_01917_,14.6
_03002_,14.6
_04976_,14.6
_05689_,14.6
_06719_,14.6
_10327_,14.6
_12721_,14.6
_02508_,14.595
_05931_,14.59
_00265_,14.585
_11825_,14.58
_00067_,14.56
_02517_,14.56
_03381_,14.56
_05402_,14.56
_05476_,14.56
_07367_,14.56
_07479_,14.56
_08232_,14.56
_09206_,14.56
_09998_,14.56
_12169_,14.56
_12239_,14.56
net857,14.56
_01903_,14.54
_02038_,14.54
_02368_,14.54
_03515_,14.54
_05779_,14.54
net736,14.54
_04671_,14.52
_06080_,14.52
_08295_,14.52
_08447_,14.52
_09936_,14.52
_11326_,14.52
_11998_,14.52
_12756_,14.52
net782,14.52
_12553_,14.515
_00045_,14.505
_01574_,14.5
_05945_,14.5
_06086_,14.5
_10387_,14.5
_02096_,14.48
_11220_,14.48
_11288_,14.48
_02256_,14.46
_03450_,14.46
_03554_,14.46
_05198_,14.46
_06576_,14.46
_06901_,14.46
_08951_,14.46
_10044_,14.46
_10906_,14.46
_11130_,14.46
_11936_,14.46
_12146_,14.46
_07334_,14.44
_11052_,14.44
_11542_,14.44
_12922_,14.44
net741,14.44
_02231_,14.42
_03292_,14.42
_04257_,14.42
_05485_,14.42
_06101_,14.42
_07200_,14.42
_08480_,14.42
_12165_,14.42
_06891_,14.415
_03846_,14.4
_04548_,14.4
_06390_,14.4
_07117_,14.4
_07353_,14.4
_08633_,14.4
_09353_,14.4
_09778_,14.4
_10329_,14.4
_10601_,14.4
_11148_,14.4
_11466_,14.4
_11473_,14.4
_12754_,14.4
_12871_,14.4
c_flat[254],14.4
net818,14.4
_01880_,14.38
_02575_,14.38
_06479_,14.38
_07461_,14.38
_12315_,14.38
_03396_,14.37
_02462_,14.36
_05091_,14.36
_12622_,14.36
_00969_,14.34
_02278_,14.34
_02470_,14.34
_03172_,14.34
_05012_,14.34
_10522_,14.34
_11780_,14.34
_00858_,14.32
_02562_,14.32
_08375_,14.32
_09050_,14.32
_12189_,14.32
_01099_,14.3
_01630_,14.3
_01755_,14.3
_03208_,14.3
_03803_,14.3
_07102_,14.3
_09989_,14.3
_11800_,14.3
_02672_,14.28
_03397_,14.28
_04449_,14.28
_06833_,14.28
_08022_,14.28
_09420_,14.28
_01243_,14.26
_03853_,14.26
_04513_,14.26
_04769_,14.26
_05025_,14.26
_05734_,14.26
_00878_,14.24
_03419_,14.24
_12122_,14.24
_06032_,14.23
c_flat[478],14.23
_03626_,14.22
_06883_,14.22
_10776_,14.22
_01094_,14.2
_03517_,14.2
_07448_,14.2
_10257_,14.2
_10790_,14.185
_01708_,14.18
_01932_,14.18
_02512_,14.18
_03466_,14.18
_03730_,14.18
_04215_,14.18
_07573_,14.18
_08168_,14.18
_08677_,14.18
_09825_,14.18
_10061_,14.18
_12827_,14.18
net820,14.18
_10261_,14.175
_02450_,14.16
_04470_,14.16
_07565_,14.16
_08050_,14.16
_08613_,14.16
_09877_,14.16
_11806_,14.16
net678,14.16
_11578_,14.15
_01006_,14.14
_04825_,14.14
_09596_,14.14
_09617_,14.14
_10836_,14.14
a_flat[1],14.13
_02674_,14.12
_09094_,14.12
_10645_,14.12
_12555_,14.11
_06934_,14.1
_00843_,14.08
_01832_,14.08
_02167_,14.08
_02735_,14.08
_03062_,14.08
_03573_,14.08
_06319_,14.08
_07089_,14.08
_09958_,14.08
_10816_,14.07
_02929_,14.06
_04745_,14.06
_06333_,14.06
_06407_,14.06
_06842_,14.06
_08325_,14.06
_08746_,14.06
_11030_,14.06
_01825_,14.04
_08757_,14.04
_04682_,14.02
_06683_,14.02
_09091_,14.02
_10252_,14.02
_11291_,14.02
_11734_,14.02
_05919_,14.01
_09752_,14.01
_01014_,14.005
_01410_,14
_01634_,14
_01987_,14
_02093_,14
_03209_,14
_04066_,14
_05478_,14
_06545_,14
_07445_,14
_07475_,14
_07499_,14
_07531_,14
_10485_,14
_11091_,14
_11168_,14
_13075_,14
net671,14
_00447_,13.98
_02498_,13.98
_06480_,13.98
_06596_,13.98
_06806_,13.98
_11663_,13.98
c_flat[85],13.98
_09455_,13.97
c_flat[175],13.97
_03784_,13.96
_04264_,13.96
_04446_,13.96
_07400_,13.96
_07465_,13.96
_10331_,13.96
_12059_,13.96
_12840_,13.96
_03577_,13.94
_05147_,13.94
_05260_,13.94
_05649_,13.94
_05924_,13.94
_09890_,13.94
net689,13.94
net908,13.94
_00092_,13.92
_01382_,13.92
_01678_,13.92
_01736_,13.92
_04032_,13.92
_05672_,13.92
_11563_,13.92
_11794_,13.92
_12121_,13.92
_12625_,13.92
_02269_,13.9
_04246_,13.9
_06721_,13.9
_12019_,13.9
_12257_,13.9
_01793_,13.88
_01853_,13.88
_01913_,13.88
_02531_,13.88
_02984_,13.88
_03250_,13.88
_05097_,13.88
_05189_,13.88
_07853_,13.88
_09763_,13.88
_10002_,13.88
_10137_,13.88
_12948_,13.88
_13010_,13.88
c_flat[118],13.88
pe_row\[3\].pe_col\[0\].pe_inst.a_out\[5\],13.88
net802,13.88
_07242_,13.87
_02928_,13.86
_02934_,13.86
_03806_,13.86
_01016_,13.85
_01077_,13.84
_02279_,13.84
_03469_,13.84
_04161_,13.84
_05562_,13.84
_06589_,13.84
_07310_,13.84
_07328_,13.84
_09908_,13.84
_09962_,13.84
_10158_,13.84
_10332_,13.84
net779,13.84
_02212_,13.82
_03998_,13.82
_04324_,13.82
_06797_,13.82
_11398_,13.82
_02931_,13.8
_04335_,13.8
_05225_,13.8
_06139_,13.8
_07403_,13.8
_10674_,13.8
_10766_,13.8
_11438_,13.8
_12224_,13.8
_02160_,13.79
_01454_,13.78
_02133_,13.78
_03550_,13.78
_06324_,13.78
_06632_,13.78
_10529_,13.78
_00538_,13.76
_03477_,13.76
_05944_,13.76
_07676_,13.76
_09059_,13.76
_09169_,13.76
_10659_,13.76
net743,13.755
_10247_,13.745
_00395_,13.74
_02165_,13.74
_02225_,13.74
_03641_,13.74
_06918_,13.74
_08185_,13.74
_12609_,13.74
_12750_,13.74
_12753_,13.74
_00133_,13.725
_00909_,13.72
_02062_,13.72
_02941_,13.72
_03673_,13.72
_04485_,13.72
_07305_,13.72
_08436_,13.72
_09846_,13.72
_10970_,13.72
_12941_,13.72
_02447_,13.7
_03681_,13.7
_05210_,13.7
_13064_,13.7
_00866_,13.68
_01130_,13.68
_01422_,13.68
_04249_,13.68
_04545_,13.68
_05869_,13.68
_07562_,13.68
_10774_,13.68
_12279_,13.68
net902,13.68
_01248_,13.66
_01286_,13.66
_04011_,13.66
_05167_,13.66
_00916_,13.65
_08374_,13.65
_03072_,13.64
_06096_,13.64
_07229_,13.64
_07673_,13.64
_10254_,13.64
_04414_,13.62
_04738_,13.62
_07913_,13.62
_08271_,13.62
_10864_,13.62
_11926_,13.62
_12822_,13.62
a_flat[23],13.62
net851,13.62
_02744_,13.6
_05552_,13.6
_05692_,13.6
_07413_,13.6
_08138_,13.6
_09066_,13.6
_09537_,13.6
_10041_,13.6
_10547_,13.6
_12222_,13.6
_12661_,13.6
_12705_,13.6
_13221_,13.6
_03589_,13.58
_10067_,13.58
_11667_,13.58
_04037_,13.56
_04118_,13.56
_06105_,13.56
_07671_,13.56
_07703_,13.56
_08177_,13.56
_09346_,13.56
_09856_,13.56
_09903_,13.56
_11224_,13.55
_02235_,13.54
_02771_,13.54
_08432_,13.54
_09104_,13.54
_11477_,13.54
c_flat[210],13.54
_08190_,13.52
_08405_,13.52
_11287_,13.52
a_flat[5],13.52
b_flat[6],13.52
_01561_,13.5
_03228_,13.5
_03684_,13.5
_06736_,13.5
_07606_,13.5
_08569_,13.5
_09193_,13.5
_10035_,13.5
_10928_,13.5
_11160_,13.5
_11320_,13.5
_11502_,13.5
a_flat[12],13.5
_04876_,13.48
_05625_,13.48
_06758_,13.48
_07245_,13.48
_11615_,13.48
_13251_,13.48
_01152_,13.46
_04471_,13.46
_05680_,13.46
_07675_,13.46
_12274_,13.46
c_flat[82],13.45
_03082_,13.44
_03244_,13.44
_04915_,13.44
_05530_,13.44
_05913_,13.44
_03672_,13.42
_06108_,13.42
_06990_,13.42
_07397_,13.42
_09325_,13.42
_10060_,13.42
net841,13.42
_00047_,13.4
_04216_,13.4
_09550_,13.4
_12571_,13.4
_12841_,13.4
_00855_,13.38
_03695_,13.38
_03700_,13.38
_04168_,13.38
_05144_,13.38
_05439_,13.38
_06626_,13.38
_08311_,13.38
_09782_,13.38
_12304_,13.38
_12642_,13.38
_02214_,13.36
_07235_,13.36
_08676_,13.36
_11303_,13.36
_04417_,13.34
_11292_,13.34
net924,13.34
_02873_,13.33
_03591_,13.33
_00427_,13.325
_06439_,13.32
_10460_,13.32
_11051_,13.32
_12989_,13.32
pe_row\[2\].pe_col\[0\].pe_inst.a_out\[7\],13.32
c_flat[480],13.31
_09384_,13.3
_01778_,13.28
_02745_,13.28
_05015_,13.28
_11925_,13.28
_12227_,13.28
c_flat[372],13.27
_03182_,13.26
_04058_,13.26
_04242_,13.26
_05248_,13.26
_07767_,13.26
_08799_,13.26
_09791_,13.26
_11543_,13.26
_05111_,13.255
c_flat[173],13.25
_02864_,13.24
_03391_,13.24
_12275_,13.24
_02581_,13.22
_02897_,13.22
_03467_,13.22
_03958_,13.22
_03984_,13.22
_04330_,13.22
_04914_,13.22
_05193_,13.22
_05638_,13.22
_05973_,13.22
_06627_,13.22
_10697_,13.22
_11043_,13.22
_12574_,13.22
_00211_,13.2
_07677_,13.2
_09777_,13.2
_13021_,13.2
b_flat[4],13.2
c_flat[482],13.2
net670,13.2
_08731_,13.19
_02618_,13.18
_05024_,13.18
_07269_,13.18
_07385_,13.18
_07750_,13.18
_08200_,13.18
_10004_,13.18
_10956_,13.18
_12744_,13.18
net771,13.18
_04531_,13.175
_01848_,13.16
_04555_,13.16
_06006_,13.16
_07143_,13.16
_07382_,13.16
_09121_,13.16
_11893_,13.16
_12144_,13.16
net676,13.16
_03708_,13.15
_01225_,13.14
_02962_,13.14
_06660_,13.14
_09047_,13.14
_09109_,13.14
_10744_,13.14
_02200_,13.13
_00545_,13.125
_03287_,13.125
_00160_,13.12
_01339_,13.12
_02393_,13.12
_02433_,13.12
_03528_,13.12
_04777_,13.12
_04974_,13.12
_05797_,13.12
_06755_,13.12
_07412_,13.12
_09880_,13.12
_10729_,13.12
_11621_,13.12
_06608_,13.115
_04841_,13.1
_07140_,13.1
_08210_,13.1
_11120_,13.1
_02040_,13.08
_02345_,13.08
_02889_,13.08
_02926_,13.08
_05002_,13.08
_05942_,13.08
_07626_,13.08
_11489_,13.08
_12371_,13.08
_12934_,13.08
c_flat[283],13.08
c_flat[460],13.08
net508,13.08
net726,13.08
net781,13.08
net875,13.08
_01329_,13.06
_07303_,13.06
_11720_,13.06
a_flat[6],13.06
b_flat[21],13.06
b_flat[29],13.06
_11731_,13.05
_03728_,13.04
_09914_,13.04
_10190_,13.04
_10395_,13.04
_11108_,13.04
_11423_,13.04
_12147_,13.04
c_flat[444],13.04
_02197_,13.02
_02221_,13.02
_07610_,13.02
_12619_,13.02
_02144_,13
_02464_,13
_02817_,13
_06613_,13
_08962_,13
_11077_,13
net667,13
net913,13
_02420_,12.98
_12516_,12.98
_05115_,12.975
_02172_,12.96
_04050_,12.96
_05038_,12.96
_06356_,12.96
_07447_,12.96
_07751_,12.96
_09594_,12.96
_12809_,12.96
c_flat[150],12.96
_07194_,12.94
_07415_,12.94
_11221_,12.94
_11807_,12.94
_01684_,12.92
_02080_,12.92
_02103_,12.92
_02623_,12.92
_03291_,12.92
_04387_,12.92
_04786_,12.92
_05534_,12.92
_09637_,12.92
_12919_,12.92
_07558_,12.91
_11039_,12.89
_00965_,12.88
_01213_,12.88
_01300_,12.88
_01974_,12.88
_02968_,12.88
_04400_,12.88
_08431_,12.88
_12823_,12.88
b_flat[25],12.87
_00582_,12.86
_05255_,12.86
_05281_,12.86
_08618_,12.86
_09813_,12.86
_11127_,12.86
net899,12.86
_09139_,12.855
_00972_,12.84
_02457_,12.84
_02972_,12.84
_03790_,12.84
_04939_,12.84
_05993_,12.84
_08816_,12.84
_09081_,12.84
net291,12.84
_07570_,12.82
_09030_,12.82
_09562_,12.82
_09725_,12.82
_11814_,12.82
net15,12.82
_02213_,12.8
_02967_,12.8
_03358_,12.8
_09006_,12.8
_09271_,12.8
_10017_,12.8
_02903_,12.78
_04175_,12.78
_09269_,12.78
_10531_,12.78
_10846_,12.78
_11058_,12.78
_08427_,12.77
_03012_,12.76
_05694_,12.76
_06863_,12.76
_07596_,12.76
_09393_,12.76
_10125_,12.76
_11300_,12.76
_12280_,12.76
_12749_,12.76
net809,12.76
_03406_,12.74
_10541_,12.74
_10737_,12.74
net798,12.74
_01245_,12.72
_03444_,12.72
_03448_,12.72
_05117_,12.72
_05916_,12.72
_08192_,12.72
_09232_,12.72
_11481_,12.72
_12174_,12.72
_00276_,12.7
_00933_,12.7
_01952_,12.7
_02755_,12.7
_05137_,12.7
_05818_,12.7
_09902_,12.7
_10276_,12.7
_10353_,12.7
_12281_,12.7
_12393_,12.7
_13014_,12.7
net898,12.7
_02970_,12.68
_06591_,12.68
_06946_,12.68
_07293_,12.68
_10432_,12.68
_10488_,12.68
_11023_,12.68
_05195_,12.66
_07319_,12.66
_08872_,12.66
_00840_,12.64
_00992_,12.64
_03415_,12.64
_04391_,12.64
_05027_,12.64
_05186_,12.64
_06129_,12.64
_10455_,12.64
_11131_,12.64
_11992_,12.64
_12241_,12.64
_12873_,12.64
_00273_,12.625
_00277_,12.62
_00967_,12.62
_01121_,12.62
_02686_,12.62
_03527_,12.62
_06092_,12.62
_06473_,12.62
_07096_,12.62
_08039_,12.62
_09207_,12.62
_10535_,12.62
_10832_,12.62
_11175_,12.62
_12265_,12.62
_12704_,12.62
c_flat[105],12.62
c_flat[204],12.62
c_flat[224],12.62
c_flat[259],12.62
c_flat[27],12.62
c_flat[384],12.62
c_flat[405],12.62
c_flat[453],12.62
c_flat[484],12.62
c_flat[77],12.62
net901,12.62
_04898_,12.605
_04203_,12.6
_07695_,12.6
_11521_,12.6
_12722_,12.6
_13062_,12.6
net850,12.6
_00954_,12.58
_01568_,12.58
_03393_,12.58
_07267_,12.58
_08902_,12.58
_08941_,12.58
_09339_,12.58
_11583_,12.58
_11745_,12.58
_12591_,12.58
_09795_,12.575
_11604_,12.575
_08438_,12.57
_03856_,12.56
_04767_,12.56
_05212_,12.56
_06618_,12.56
_07168_,12.56
_07518_,12.56
_11112_,12.56
_13137_,12.56
_03362_,12.54
_04231_,12.54
_04484_,12.54
_04673_,12.54
_09499_,12.54
_11490_,12.54
_12993_,12.54
_03253_,12.52
_08664_,12.52
c_flat[399],12.52
net922,12.52
_02940_,12.5
_03961_,12.5
_04134_,12.5
_04749_,12.5
_05907_,12.5
_06050_,12.5
_06210_,12.5
_07905_,12.5
_09036_,12.5
_09633_,12.5
c_flat[428],12.5
net705,12.5
_01386_,12.48
_04121_,12.48
_04737_,12.48
_05790_,12.48
_12819_,12.48
_08162_,12.475
_07820_,12.47
_00729_,12.465
_00803_,12.46
_01538_,12.46
_02549_,12.46
_06003_,12.46
_06917_,12.46
_08195_,12.46
_00393_,12.455
_04429_,12.45
_04865_,12.45
_03463_,12.44
_07063_,12.44
_07627_,12.44
_09137_,12.44
_11748_,12.44
_12663_,12.44
_01205_,12.42
_01982_,12.42
_10436_,12.42
_10463_,12.42
_01455_,12.4
_01904_,12.4
_11370_,12.4
_02798_,12.38
_05180_,12.38
_08798_,12.38
_09509_,12.38
_09977_,12.38
_10194_,12.38
_12171_,12.38
_02222_,12.36
_05224_,12.36
_07720_,12.36
_08886_,12.36
_01285_,12.34
_04233_,12.34
_04275_,12.34
_05866_,12.34
_06710_,12.34
_08065_,12.34
_08410_,12.34
_08416_,12.34
_09243_,12.34
_10377_,12.34
_03542_,12.335
_13067_,12.33
_06619_,12.32
_08316_,12.32
_12690_,12.32
_08457_,12.31
_01196_,12.3
_02942_,12.3
_03311_,12.3
_03340_,12.3
_05278_,12.3
_06845_,12.3
_07628_,12.3
_08726_,12.3
_09876_,12.3
_12392_,12.3
_07098_,12.29
_01212_,12.28
_10679_,12.28
_11716_,12.28
b_flat[28],12.28
net862,12.28
net876,12.28
a_flat[28],12.27
_00509_,12.265
_01209_,12.26
_03548_,12.26
_03725_,12.26
_09163_,12.26
net747,12.26
_06604_,12.25
_02440_,12.24
_03428_,12.24
_04488_,12.24
_04980_,12.24
_06995_,12.24
_08979_,12.24
b_flat[20],12.24
net662,12.24
_11389_,12.235
_12703_,12.23
_00551_,12.225
_01129_,12.225
_01972_,12.22
_04480_,12.22
_04632_,12.22
_05080_,12.22
_05256_,12.22
_05996_,12.22
_06800_,12.22
_06814_,12.22
_09261_,12.22
_10710_,12.22
_10756_,12.22
_10812_,12.22
_12320_,12.22
_07995_,12.215
_10561_,12.215
_02014_,12.2
_02190_,12.2
_06744_,12.2
_07552_,12.2
_09772_,12.2
_09840_,12.2
_10322_,12.2
_12617_,12.2
_12179_,12.195
_09464_,12.19
c_flat[282],12.19
_00987_,12.18
_03384_,12.18
_04536_,12.18
_05233_,12.18
_05722_,12.18
_07077_,12.18
_10330_,12.18
_11036_,12.18
_12065_,12.18
c_flat[87],12.18
net806,12.18
c_flat[6],12.17
_02907_,12.16
_03516_,12.16
_11234_,12.16
_11861_,12.16
c_flat[149],12.16
c_flat[165],12.16
c_flat[226],12.16
c_flat[244],12.16
c_flat[263],12.16
c_flat[26],12.16
c_flat[270],12.16
c_flat[324],12.16
net585,12.16
net894,12.16
_01193_,12.14
_05330_,12.14
_08252_,12.14
_08394_,12.14
_09835_,12.14
a_flat[13],12.14
b_flat[22],12.14
b_flat[7],12.14
c_flat[317],12.14
_12848_,12.13
rst,12.13
_01233_,12.12
_05510_,12.12
_11402_,12.12
_12645_,12.12
_13037_,12.12
_13071_,12.12
net592,12.12
net685,12.12
_09324_,12.11
_11781_,12.11
_01407_,12.1
_04975_,12.1
_09031_,12.1
_01409_,12.08
_04525_,12.08
_05473_,12.08
_10497_,12.08
_01181_,12.06
_13172_,12.06
net627,12.06
net887,12.06
_02728_,12.05
_11198_,12.05
_01335_,12.04
_02542_,12.04
_02920_,12.04
_03514_,12.04
_04723_,12.04
_07238_,12.04
_08558_,12.04
_10884_,12.04
_11281_,12.04
_11600_,12.035
_01858_,12.02
_01973_,12.02
_09072_,12.02
_09154_,12.02
_10423_,12.02
_13004_,12.02
_11106_,12.015
_01881_,12
_02992_,12
_02994_,12
_03564_,12
_05521_,12
_07959_,12
_08463_,12
_08867_,12
_09599_,12
_09917_,12
_09939_,12
_10847_,12
_10887_,12
_12142_,12
_12582_,12
_01393_,11.98
_02768_,11.98
_03495_,11.98
_06501_,11.98
_06527_,11.98
_07861_,11.98
_08144_,11.98
_10788_,11.98
_11622_,11.98
_07468_,11.97
_01656_,11.96
_04754_,11.96
_06673_,11.96
_09202_,11.96
_12755_,11.96
_00905_,11.94
_02597_,11.94
_03822_,11.94
_04310_,11.94
_06467_,11.94
b_flat[14],11.94
c_flat[130],11.94
c_flat[435],11.94
_02659_,11.92
_05293_,11.92
_06499_,11.92
_08159_,11.92
_09745_,11.92
_11100_,11.92
net829,11.92
_02866_,11.9
_03735_,11.9
_05609_,11.9
_11816_,11.9
a_flat[9],11.9
_10138_,11.89
c_flat[217],11.89
c_flat[455],11.89
_00944_,11.88
_03064_,11.88
_04853_,11.88
_05613_,11.88
_06038_,11.88
_07700_,11.88
_09453_,11.88
_09535_,11.88
_10014_,11.88
_11430_,11.88
_11523_,11.88
_11952_,11.88
_12564_,11.88
_10390_,11.86
_12375_,11.86
_03077_,11.84
_04442_,11.84
_06753_,11.84
_06789_,11.84
_08502_,11.84
_08553_,11.84
_11064_,11.84
_11263_,11.84
_12154_,11.84
_12731_,11.84
_01269_,11.82
_06843_,11.82
_11336_,11.82
_13123_,11.82
_01028_,11.8
_03018_,11.8
_03648_,11.8
_06930_,11.8
_07650_,11.8
_07903_,11.8
_08701_,11.8
_10318_,11.8
_11060_,11.8
_12679_,11.8
_13002_,11.8
net618,11.8
_01785_,11.78
_02790_,11.78
_03623_,11.78
_04267_,11.78
_04474_,11.78
_04544_,11.78
_06171_,11.78
_08773_,11.78
_10608_,11.78
_11539_,11.78
net764,11.78
_02147_,11.77
_10938_,11.77
_00762_,11.765
_01296_,11.765
_04300_,11.765
_01362_,11.76
_02146_,11.76
_02459_,11.76
_02828_,11.76
_02868_,11.76
_04124_,11.76
_04410_,11.76
_06175_,11.76
_08221_,11.76
_09601_,11.76
_12064_,11.76
_00153_,11.745
_00598_,11.745
_01495_,11.74
_04213_,11.74
_04456_,11.74
_05538_,11.74
_07698_,11.74
_09357_,11.74
_10404_,11.74
_00024_,11.72
_02741_,11.72
_04088_,11.72
_04965_,11.72
_05001_,11.72
_06773_,11.72
_07763_,11.72
_08414_,11.72
_08878_,11.72
_10945_,11.72
_12593_,11.72
pe_row\[1\].pe_col\[2\].pe_inst.b_out\[1\],11.72
net725,11.72
_05975_,11.71
_00533_,11.705
_00588_,11.705
_06554_,11.705
_01197_,11.7
_02154_,11.7
_02620_,11.7
_03997_,11.7
_04973_,11.7
_05270_,11.7
_07488_,11.7
_08037_,11.7
_08571_,11.7
_09058_,11.7
_10277_,11.7
_10363_,11.7
_11619_,11.7
c_flat[93],11.7
net832,11.7
_00960_,11.68
_03070_,11.68
_03422_,11.68
_04874_,11.68
_05129_,11.68
_06525_,11.68
_08967_,11.68
_10385_,11.68
_12527_,11.68
b_flat[16],11.68
c_flat[188],11.68
c_flat[338],11.68
c_flat[351],11.68
c_flat[464],11.68
net746,11.68
_03551_,11.67
_02837_,11.665
_00382_,11.66
_00640_,11.66
_01662_,11.66
_02094_,11.66
_02945_,11.66
_03751_,11.66
_04139_,11.66
_06357_,11.66
_09592_,11.66
_09969_,11.66
_10008_,11.66
_11422_,11.66
_12416_,11.66
_12682_,11.66
net840,11.66
net940,11.66
_01000_,11.65
_01650_,11.64
_02104_,11.64
_03436_,11.64
_03769_,11.64
_05259_,11.64
_05546_,11.64
_06927_,11.64
_08179_,11.64
_08279_,11.64
_09196_,11.64
_09263_,11.64
_12514_,11.64
_04420_,11.62
_06746_,11.62
_08278_,11.62
_08385_,11.62
_08695_,11.62
_09919_,11.62
_11532_,11.62
_11885_,11.62
_09702_,11.605
_02759_,11.6
_05958_,11.6
_07496_,11.6
_00939_,11.58
_02410_,11.58
_06742_,11.58
_07746_,11.58
_08751_,11.58
_09591_,11.58
_09706_,11.58
_12097_,11.58
_12684_,11.58
net868,11.58
_00797_,11.56
_02255_,11.56
_04094_,11.56
_06646_,11.56
_07563_,11.56
_07621_,11.56
_09310_,11.56
_09557_,11.56
_09929_,11.56
_11140_,11.56
_00687_,11.55
_00550_,11.545
_02697_,11.54
_03532_,11.54
_03971_,11.54
_04313_,11.54
_04566_,11.54
_06131_,11.54
_06651_,11.54
_06875_,11.54
_11308_,11.54
_12046_,11.54
_00794_,11.52
_01799_,11.52
_09670_,11.52
_12039_,11.52
_12363_,11.52
_06840_,11.51
_07169_,11.505
_01332_,11.5
_05047_,11.5
_08762_,11.5
_08801_,11.5
net612,11.5
_02425_,11.49
_01020_,11.48
_04015_,11.48
_04333_,11.48
_06907_,11.48
_07509_,11.48
_10814_,11.48
a_flat[14],11.48
b_flat[23],11.48
_04305_,11.47
_13003_,11.47
_01412_,11.46
_01924_,11.46
_02198_,11.46
_02860_,11.46
_03173_,11.46
_05682_,11.46
_05777_,11.46
_06153_,11.46
_06828_,11.46
_10005_,11.46
_11881_,11.46
net843,11.46
_01906_,11.44
_08763_,11.44
_10755_,11.44
_00254_,11.42
_02041_,11.42
_02215_,11.42
_02288_,11.42
_05947_,11.42
_06320_,11.42
_06409_,11.42
_06924_,11.42
_07538_,11.42
_10177_,11.42
_11931_,11.42
_11993_,11.42
_12211_,11.42
_13077_,11.42
_04092_,11.4
_05663_,11.4
_06761_,11.4
_00235_,11.38
_01632_,11.38
_04006_,11.38
_05602_,11.38
_11690_,11.38
_11841_,11.38
net682,11.38
_04502_,11.375
_07954_,11.36
_09255_,11.36
_10429_,11.36
net768,11.36
_00495_,11.34
_02091_,11.34
_02502_,11.34
_04483_,11.34
_05154_,11.34
_05209_,11.34
_06318_,11.34
_06844_,11.34
_06942_,11.34
_08137_,11.34
_11361_,11.34
_12998_,11.34
_00274_,11.325
_00384_,11.325
_00635_,11.32
_03212_,11.32
_03359_,11.32
_03447_,11.32
_03692_,11.32
_04801_,11.32
_06614_,11.32
_07198_,11.32
_07955_,11.32
_09065_,11.32
_09260_,11.32
_09779_,11.32
_11974_,11.32
net663,11.32
_01120_,11.3
_01769_,11.3
_03492_,11.3
_05021_,11.3
_05134_,11.3
_08224_,11.3
_09718_,11.3
_09832_,11.3
_11301_,11.3
_11824_,11.3
_12234_,11.3
_12266_,11.3
_12979_,11.3
_11062_,11.29
_00487_,11.285
_00597_,11.28
_02511_,11.28
_08529_,11.28
_08823_,11.28
_09723_,11.28
net755,11.28
_04829_,11.26
_06209_,11.26
_09211_,11.26
_10918_,11.26
c_flat[148],11.26
c_flat[161],11.26
c_flat[300],11.26
c_flat[322],11.26
c_flat[335],11.26
c_flat[340],11.26
c_flat[362],11.26
c_flat[369],11.26
c_flat[408],11.26
c_flat[456],11.26
skew_ctrl.b_sr\[9\]\[1\],11.26
net629,11.255
_04875_,11.25
_00749_,11.245
_02985_,11.24
_03264_,11.24
_05230_,11.24
_06406_,11.24
_10698_,11.24
_11104_,11.24
_12035_,11.24
c_flat[333],11.24
c_flat[341],11.24
c_flat[415],11.24
skew_ctrl.b_sr\[9\]\[6\],11.24
net697,11.24
net950,11.24
_05688_,11.22
_06026_,11.22
_07220_,11.22
_07473_,11.22
_07634_,11.22
_07638_,11.22
_08933_,11.22
_12015_,11.22
a_flat[21],11.22
a_flat[30],11.22
b_flat[18],11.22
b_flat[3],11.22
_01497_,11.2
_03103_,11.2
_05236_,11.2
_07571_,11.2
_05553_,11.195
_07686_,11.195
_00532_,11.185
_01003_,11.18
_05539_,11.18
_06193_,11.18
_07341_,11.18
_07493_,11.18
_08392_,11.18
_08864_,11.18
_10343_,11.18
_10573_,11.18
_11323_,11.18
_01347_,11.16
_04214_,11.16
_04951_,11.16
_05585_,11.16
_05738_,11.16
_06010_,11.16
_06829_,11.16
_08104_,11.16
_08254_,11.16
_09253_,11.16
_10449_,11.16
skew_ctrl.a_sr\[10\]\[3\],11.16
_12186_,11.145
_00834_,11.14
_06454_,11.14
_09152_,11.14
_11304_,11.14
b_flat[5],11.14
_08989_,11.13
_02240_,11.12
_04482_,11.12
_04858_,11.12
_06235_,11.12
_06763_,11.12
_07410_,11.12
_07697_,11.12
_08250_,11.12
_09061_,11.12
_09865_,11.12
_09949_,11.12
_10316_,11.12
_05831_,11.1
_06819_,11.1
_06876_,11.1
_07639_,11.1
_12302_,11.1
_03576_,11.08
_03937_,11.08
_09120_,11.08
_09179_,11.08
_09654_,11.08
_11290_,11.08
_13190_,11.08
pe_row\[3\].pe_col\[0\].pe_inst.a_out\[7\],11.08
net929,11.08
_03078_,11.07
_04736_,11.07
_07970_,11.07
net852,11.07
_01255_,11.06
_04412_,11.06
_05491_,11.06
_06370_,11.06
_08838_,11.06
_12021_,11.06
_12519_,11.06
_12905_,11.06
_05054_,11.045
_00034_,11.04
_01885_,11.04
_04100_,11.04
_05505_,11.04
_05744_,11.04
_10362_,11.04
_11395_,11.04
_12807_,11.04
_13018_,11.04
_11377_,11.035
_06933_,11.02
_09866_,11.02
_11383_,11.02
a_flat[17],11.02
b_flat[11],11.02
_10721_,11.01
_01811_,11
_03241_,11
_06602_,11
_08025_,11
_08579_,11
_11462_,11
_12325_,11
net684,11
net775,11
net907,11
_10244_,10.99
_03364_,10.98
_03408_,10.98
_11869_,10.98
_12767_,10.98
_01151_,10.96
_02776_,10.96
_02892_,10.96
_03620_,10.96
_03842_,10.96
_06448_,10.96
_06592_,10.96
_07427_,10.96
_07946_,10.96
_08107_,10.96
_08283_,10.96
_10640_,10.96
_11915_,10.96
_12312_,10.96
_12654_,10.96
_13070_,10.96
net920,10.96
net945,10.96
net864,10.95
_04128_,10.94
_04477_,10.94
_03076_,10.935
_13001_,10.93
_03497_,10.92
_04173_,10.92
_04210_,10.92
_06423_,10.92
_09944_,10.92
_11316_,10.92
_12034_,10.92
_12386_,10.92
_13119_,10.92
net867,10.92
net877,10.92
_00131_,10.915
c_flat[463],10.91
_08303_,10.9
_10424_,10.9
_11575_,10.895
_04639_,10.88
_05018_,10.88
_05837_,10.88
_06371_,10.88
_06813_,10.88
_09017_,10.88
_09580_,10.88
_10811_,10.88
_11159_,10.88
_11955_,10.88
net669,10.88
net716,10.88
_03155_,10.87
_00494_,10.865
_00710_,10.865
_08985_,10.865
_01384_,10.86
_02169_,10.86
_04523_,10.86
_06462_,10.86
_06759_,10.86
_07943_,10.86
_09709_,10.86
_10181_,10.86
_10554_,10.86
_10580_,10.86
_11314_,10.85
_00369_,10.84
_00377_,10.84
_01185_,10.84
_01934_,10.84
_03653_,10.84
_03807_,10.84
_04115_,10.84
_06542_,10.84
_07492_,10.84
_08341_,10.84
_08437_,10.84
_11022_,10.84
_11494_,10.84
_06381_,10.835
_01340_,10.82
_02765_,10.82
_04151_,10.82
_04247_,10.82
_05215_,10.82
_06200_,10.82
_06380_,10.82
_10286_,10.82
_10495_,10.82
_08352_,10.81
_03206_,10.8
_03665_,10.8
_04798_,10.8
_07347_,10.8
_09097_,10.8
_11601_,10.8
_13025_,10.8
c_flat[106],10.8
c_flat[177],10.8
c_flat[183],10.8
c_flat[265],10.8
c_flat[344],10.8
c_flat[437],10.8
c_flat[95],10.8
c_flat[411],10.79
_00961_,10.78
_02261_,10.78
_02642_,10.78
_03124_,10.78
_03617_,10.78
_04428_,10.78
_05241_,10.78
_05651_,10.78
_06246_,10.78
_07007_,10.78
_07148_,10.78
_07289_,10.78
_08810_,10.78
_09288_,10.78
_09381_,10.78
_11508_,10.78
_11902_,10.78
_12330_,10.78
_12667_,10.78
_00139_,10.765
_00783_,10.765
_01162_,10.76
_02781_,10.76
_02925_,10.76
_06030_,10.76
_07716_,10.76
_09237_,10.76
_11347_,10.76
_11371_,10.76
_11880_,10.76
c_flat[111],10.76
c_flat[321],10.76
c_flat[332],10.76
c_flat[498],10.76
c_flat[70],10.76
_00253_,10.74
_01430_,10.74
_03389_,10.74
_03977_,10.74
_04126_,10.74
_05741_,10.74
_05902_,10.74
_06446_,10.74
_06786_,10.74
_06874_,10.74
_07670_,10.74
_10084_,10.74
_10441_,10.74
_12045_,10.74
_12282_,10.74
net916,10.74
_01951_,10.72
_05643_,10.72
_08423_,10.72
_09040_,10.72
_09176_,10.72
_09649_,10.72
_10549_,10.72
_10708_,10.72
_11537_,10.72
_12983_,10.72
_04311_,10.71
_00708_,10.705
_01364_,10.7
_02779_,10.7
_05160_,10.7
_05986_,10.7
_06141_,10.7
_09682_,10.7
_10799_,10.7
_11327_,10.7
_11457_,10.7
_06109_,10.69
_02544_,10.68
_04527_,10.68
_10250_,10.68
net813,10.68
_02830_,10.66
_03068_,10.66
_03305_,10.66
_03718_,10.66
_03745_,10.66
_04650_,10.66
_06580_,10.66
_07599_,10.66
_07616_,10.66
_07958_,10.66
_08931_,10.66
_08955_,10.66
_11375_,10.66
_12208_,10.66
_13042_,10.66
c_flat[442],10.66
c_flat[491],10.66
net737,10.66
_01336_,10.65
_06866_,10.65
c_flat[212],10.65
_00543_,10.645
_02579_,10.64
_06712_,10.64
_06908_,10.64
_07099_,10.64
_09141_,10.64
_09923_,10.64
_10246_,10.64
_01363_,10.62
_01539_,10.62
_01866_,10.62
_02266_,10.62
_02997_,10.62
_04578_,10.62
_05427_,10.62
_09758_,10.62
_10245_,10.62
_11054_,10.62
_11072_,10.62
_11340_,10.62
_12245_,10.62
_03089_,10.6
_03643_,10.6
_07546_,10.6
_10293_,10.6
_12683_,10.6
_13161_,10.6
_03239_,10.58
_03441_,10.58
_04800_,10.58
_09854_,10.58
_11991_,10.58
_03739_,10.56
_04897_,10.56
_06566_,10.56
_10046_,10.56
a_flat[25],10.55
_01768_,10.54
_02075_,10.54
_04945_,10.54
_06929_,10.54
_08388_,10.54
_08995_,10.54
_10285_,10.54
_10705_,10.54
_11002_,10.54
_11656_,10.54
_00942_,10.52
_03426_,10.52
_04902_,10.52
c_flat[506],10.51
_01418_,10.5
_01735_,10.5
_02479_,10.5
_03955_,10.5
_04205_,10.5
_04435_,10.5
_04621_,10.5
_04931_,10.5
_09975_,10.5
_10727_,10.5
_11400_,10.5
_11417_,10.5
_11984_,10.5
_12986_,10.5
_00546_,10.485
_03601_,10.48
_05848_,10.48
_06831_,10.48
_11479_,10.48
_11746_,10.48
_00568_,10.465
_02565_,10.46
_03457_,10.46
_09881_,10.46
_11445_,10.46
_11802_,10.46
_12652_,10.46
_12909_,10.46
net703,10.46
_08657_,10.44
_11538_,10.44
net773,10.44
_06147_,10.43
_02166_,10.42
_02861_,10.42
_04396_,10.42
_05881_,10.42
_06110_,10.42
_06553_,10.42
_10433_,10.42
_10900_,10.42
_11368_,10.42
_00614_,10.405
_00813_,10.4
_01224_,10.4
_01526_,10.4
_01610_,10.4
_01862_,10.4
_02625_,10.4
_04479_,10.4
_04748_,10.4
_05121_,10.4
_06231_,10.4
_08049_,10.4
_10543_,10.4
_12205_,10.4
_13066_,10.4
_00362_,10.38
_01194_,10.38
_01320_,10.38
_01424_,10.38
_02400_,10.38
_03476_,10.38
_06754_,10.38
_07545_,10.38
_08240_,10.38
_08924_,10.38
_08970_,10.38
_10743_,10.38
_11210_,10.38
_11503_,10.38
_02588_,10.375
net715,10.37
_00743_,10.365
_00745_,10.36
_01826_,10.36
_03930_,10.36
_05596_,10.36
_07459_,10.36
_08841_,10.36
_04496_,10.35
_00126_,10.34
_03004_,10.34
_03727_,10.34
_05267_,10.34
_06016_,10.34
_10886_,10.34
c_flat[100],10.34
c_flat[169],10.34
c_flat[199],10.34
c_flat[275],10.34
c_flat[295],10.34
c_flat[311],10.34
c_flat[448],10.34
c_flat[487],10.34
c_flat[494],10.34
net921,10.34
c_flat[2],10.33
c_flat[402],10.33
_01753_,10.32
_02000_,10.32
_03226_,10.32
_04010_,10.32
_04997_,10.32
_05421_,10.32
_07012_,10.32
_08662_,10.32
_09320_,10.32
_09746_,10.32
_10271_,10.32
_10745_,10.32
net872,10.32
_01025_,10.3
_03115_,10.3
_04969_,10.3
_06199_,10.3
_09192_,10.3
net615,10.3
_00636_,10.285
_01110_,10.28
_01545_,10.28
_01899_,10.28
_01935_,10.28
_02710_,10.28
_03655_,10.28
_04078_,10.28
_04440_,10.28
_05716_,10.28
_08865_,10.28
_09626_,10.28
_09781_,10.28
_10517_,10.28
_11642_,10.28
_01060_,10.26
_02201_,10.26
_02395_,10.26
_06790_,10.26
_08312_,10.26
_08343_,10.26
_08900_,10.26
_04354_,10.24
_04486_,10.24
_05766_,10.24
_07036_,10.24
_07388_,10.24
_08245_,10.24
_09010_,10.24
_09338_,10.24
_09593_,10.24
_12301_,10.24
skew_ctrl.a_sr\[10\]\[6\],10.24
_03922_,10.23
_00175_,10.22
_01346_,10.22
_03147_,10.22
_12348_,10.22
net892,10.22
_01018_,10.2
_07268_,10.2
_07629_,10.2
_08314_,10.2
_10134_,10.2
_10636_,10.2
_01024_,10.18
_02661_,10.18
_03254_,10.18
_10505_,10.18
_01009_,10.16
_03508_,10.16
_03805_,10.16
_04244_,10.16
_06921_,10.16
_07617_,10.16
_08400_,10.16
_09204_,10.16
_10288_,10.16
_12243_,10.16
net879,10.16
_00702_,10.14
_05075_,10.14
_10849_,10.14
_12369_,10.14
a_flat[26],10.13
c_flat[485],10.13
_04316_,10.12
_05759_,10.12
_07155_,10.12
_07351_,10.12
_11661_,10.12
_12276_,10.12
_13106_,10.12
b_flat[31],10.11
_01287_,10.1
_00812_,10.08
_02264_,10.08
_03859_,10.08
_04426_,10.08
_05252_,10.08
_09238_,10.08
_11364_,10.08
_11976_,10.08
_06401_,10.07
_07709_,10.07
_00155_,10.065
_00560_,10.065
_01021_,10.06
_01261_,10.06
_03953_,10.06
_09070_,10.06
_12677_,10.06
_00171_,10.045
_00608_,10.04
_01637_,10.04
_02481_,10.04
_02722_,10.04
_03712_,10.04
_04597_,10.04
_06133_,10.04
_06547_,10.04
_06810_,10.04
_11071_,10.04
_11179_,10.04
_04690_,10.02
_06111_,10.02
_08262_,10.02
_12588_,10.02
_04675_,10.01
_03876_,10
_05261_,10
_08191_,10
_09067_,10
_09085_,10
_11275_,10
_12303_,10
net718,10
net748,10
net946,10
_00565_,9.985
_00259_,9.98
_00736_,9.98
_01353_,9.98
_02025_,9.98
_02888_,9.98
_03249_,9.98
_06642_,9.98
_07824_,9.98
_12632_,9.98
_12987_,9.98
_12991_,9.98
c_flat[125],9.98
c_flat[329],9.98
c_flat[365],9.98
net774,9.98
net808,9.98
net847,9.98
_12356_,9.97
c_flat[7],9.97
_00436_,9.965
_03327_,9.96
_05322_,9.96
_05859_,9.96
_06475_,9.96
_08460_,9.96
_09815_,9.96
_10702_,9.96
_11520_,9.96
_11568_,9.96
_12415_,9.96
_12670_,9.96
_11067_,9.95
_09551_,9.945
_05742_,9.94
_05781_,9.94
_07800_,9.94
_08001_,9.94
_12994_,9.94
net839,9.94
_00028_,9.925
_00493_,9.925
_00534_,9.92
_01293_,9.92
_05756_,9.92
_06323_,9.92
_08428_,9.92
_01126_,9.915
_10975_,9.915
_01556_,9.9
_02946_,9.9
_06684_,9.9
_08380_,9.9
_08382_,9.9
_10706_,9.9
_12063_,9.9
_00592_,9.885
_02747_,9.88
_04569_,9.88
c_flat[174],9.88
c_flat[189],9.88
c_flat[196],9.88
c_flat[264],9.88
c_flat[294],9.88
c_flat[315],9.88
c_flat[34],9.88
c_flat[431],9.88
c_flat[451],9.88
_00179_,9.865
_00257_,9.865
_06832_,9.865
_01140_,9.86
_01527_,9.86
_03210_,9.86
_09115_,9.86
_09576_,9.86
_11302_,9.86
_12052_,9.86
c_flat[120],9.86
c_flat[296],9.86
c_flat[388],9.86
c_flat[488],9.86
net733,9.86
net769,9.86
_02242_,9.84
_02543_,9.84
_06389_,9.84
_08376_,9.84
_09852_,9.84
_10651_,9.84
_12324_,9.84
_09874_,9.83
_00518_,9.825
_00744_,9.82
_01417_,9.82
_01486_,9.82
_02241_,9.82
_02374_,9.82
_02791_,9.82
_03593_,9.82
_03639_,9.82
_03868_,9.82
_04326_,9.82
_06017_,9.82
_08847_,9.82
_09314_,9.82
_10470_,9.82
_11522_,9.82
_11593_,9.82
_12140_,9.82
net953,9.82
_01851_,9.8
_03090_,9.8
_03760_,9.8
_10516_,9.8
_00071_,9.785
_00398_,9.785
_00295_,9.78
_00676_,9.78
_02545_,9.78
_02678_,9.78
_04368_,9.78
_04794_,9.78
_10130_,9.78
_11906_,9.78
_12883_,9.78
net944,9.78
_00528_,9.76
_03222_,9.76
_00438_,9.755
_12160_,9.755
_08372_,9.75
_02123_,9.74
_02614_,9.74
_03298_,9.74
_05679_,9.74
_05920_,9.74
_06041_,9.74
_06964_,9.74
_11929_,9.74
_12958_,9.74
_06088_,9.73
_04887_,9.72
_05268_,9.72
_06346_,9.72
_06373_,9.72
_08335_,9.72
_10789_,9.72
_12526_,9.72
_09875_,9.715
_00449_,9.7
_03293_,9.7
_04374_,9.7
_04438_,9.7
_06691_,9.7
_07572_,9.7
_09170_,9.7
_10942_,9.7
_12143_,9.7
_12269_,9.7
_00556_,9.68
_05940_,9.68
_07681_,9.68
_03240_,9.66
_05350_,9.66
_08825_,9.66
_08862_,9.66
_11385_,9.66
_11474_,9.66
_12723_,9.66
_04292_,9.655
c_flat[21],9.65
c_flat[235],9.65
_02815_,9.645
_00823_,9.64
_07429_,9.64
_10085_,9.64
_12656_,9.64
_00645_,9.62
_00861_,9.62
_01174_,9.62
_02679_,9.62
_02724_,9.62
_04266_,9.62
_09336_,9.62
_10473_,9.62
_10520_,9.62
_10969_,9.62
_11598_,9.62
net794,9.62
net871,9.62
_04958_,9.61
_11580_,9.61
_05776_,9.6
_06020_,9.6
_06764_,9.6
_09195_,9.6
_01328_,9.595
_00044_,9.585
_00982_,9.58
_01688_,9.58
_02854_,9.58
_03316_,9.58
_03324_,9.58
_05572_,9.58
_07442_,9.58
_07623_,9.58
_08222_,9.58
_10521_,9.58
_11021_,9.58
_12695_,9.58
_13084_,9.58
_00548_,9.565
_07470_,9.56
_09971_,9.56
_11128_,9.56
pe_row\[3\].pe_col\[0\].pe_inst.a_out\[1\],9.56
_05272_,9.54
_05343_,9.54
_06203_,9.54
_07540_,9.54
_08211_,9.54
_08478_,9.54
_08700_,9.54
_10950_,9.54
_12235_,9.54
_13203_,9.54
net751,9.54
net888,9.54
_00029_,9.52
_01494_,9.52
_04064_,9.52
_08239_,9.52
net681,9.52
net915,9.52
_12260_,9.51
_00093_,9.505
_02188_,9.5
_02874_,9.5
_04774_,9.5
_05136_,9.5
_06909_,9.5
_08033_,9.5
_09976_,9.5
_11945_,9.5
_12300_,9.5
_01645_,9.49
_01980_,9.49
_00554_,9.485
_01349_,9.48
_01567_,9.48
_02483_,9.48
_04090_,9.48
_04475_,9.48
_04967_,9.48
_05977_,9.48
_06376_,9.48
_07040_,9.48
_08735_,9.48
_10504_,9.48
_11871_,9.48
_11914_,9.48
_12207_,9.48
_12953_,9.48
net655,9.48
net730,9.48
_00316_,9.465
_00643_,9.46
_02153_,9.46
_05502_,9.46
_08371_,9.46
_12788_,9.46
_12928_,9.46
_13026_,9.46
_04634_,9.45
_00312_,9.445
_00233_,9.44
_01246_,9.44
_03861_,9.44
_03866_,9.44
_06004_,9.44
_06624_,9.44
_12091_,9.44
net722,9.44
_03199_,9.42
_08430_,9.42
_08964_,9.42
_11595_,9.42
_12367_,9.42
c_flat[181],9.42
c_flat[346],9.42
_00519_,9.405
_00541_,9.405
_00459_,9.4
_00688_,9.4
_00946_,9.4
_01754_,9.4
_02262_,9.4
_02810_,9.4
_03502_,9.4
_05291_,9.4
_08942_,9.4
_10534_,9.4
_11133_,9.4
_11471_,9.4
net760,9.4
net917,9.4
net939,9.4
_05771_,9.395
_10256_,9.395
_06179_,9.39
_00346_,9.385
_01969_,9.38
_04463_,9.38
_04756_,9.38
_10384_,9.38
_12694_,9.375
_00204_,9.36
_00249_,9.36
_00310_,9.36
_00596_,9.36
_00846_,9.36
_01226_,9.36
_02989_,9.36
_07024_,9.36
_07304_,9.36
_07679_,9.36
_07745_,9.36
_08229_,9.36
_08765_,9.36
_09056_,9.36
_09720_,9.36
_10106_,9.36
_11612_,9.36
_11759_,9.36
_02813_,9.35
_01744_,9.34
_01920_,9.34
_04200_,9.34
_04744_,9.34
_06694_,9.34
_06727_,9.34
_09397_,9.34
_10011_,9.34
_11552_,9.34
_12797_,9.34
_13009_,9.34
net904,9.34
_01283_,9.32
_01861_,9.32
_02114_,9.32
_02228_,9.32
_02704_,9.32
_04103_,9.32
_05221_,9.32
_05767_,9.32
_05937_,9.32
_13012_,9.32
_08267_,9.3
_08411_,9.3
c_flat[146],9.29
_07002_,9.28
_07121_,9.28
_07965_,9.28
_09845_,9.28
_10615_,9.28
_10844_,9.28
_11700_,9.28
_12247_,9.28
_12641_,9.28
net803,9.28
_00564_,9.265
_00138_,9.26
_02110_,9.26
_03715_,9.26
_06707_,9.26
_07564_,9.26
_08857_,9.26
_10454_,9.26
_11074_,9.26
_12411_,9.26
_02488_,9.24
_03638_,9.24
_07494_,9.24
_08503_,9.24
_10912_,9.24
_00704_,9.225
_04271_,9.225
_01399_,9.22
_02076_,9.22
_03083_,9.22
_03875_,9.22
_07578_,9.22
_11081_,9.22
_12399_,9.22
_07159_,9.215
_00076_,9.2
_02396_,9.2
_02637_,9.2
_05028_,9.2
_07487_,9.2
_09684_,9.2
_09711_,9.2
_11671_,9.2
net631,9.2
b_flat[13],9.19
_09126_,9.18
_12637_,9.18
_00690_,9.16
_00882_,9.16
_02848_,9.16
_05056_,9.16
_06653_,9.16
_07250_,9.16
_08510_,9.16
net836,9.16
_12141_,9.155
_09286_,9.14
_11581_,9.14
_12338_,9.14
_00218_,9.125
_01992_,9.12
_04171_,9.12
_05132_,9.12
_06135_,9.12
_08576_,9.12
_10442_,9.12
_12932_,9.12
net644,9.12
_00818_,9.1
_01616_,9.1
_07320_,9.1
_09797_,9.1
_09926_,9.1
_11670_,9.1
_00301_,9.095
c_flat[397],9.09
_00703_,9.085
_07805_,9.08
_09885_,9.08
net680,9.08
net874,9.08
a_flat[16],9.07
_02730_,9.06
_06732_,9.06
_07685_,9.06
_09882_,9.06
_09970_,9.06
_12560_,9.06
net647,9.06
net810,9.06
_00694_,9.04
_01593_,9.04
_02249_,9.04
_02915_,9.04
_03193_,9.04
_05346_,9.04
_05914_,9.04
_08047_,9.04
_08491_,9.04
_10024_,9.04
_10694_,9.04
_12060_,9.04
_12193_,9.04
_00557_,9.025
_00013_,9.02
_00066_,9.02
_01801_,9.02
_02234_,9.02
_02478_,9.02
_02822_,9.02
_03200_,9.02
_04595_,9.02
_05319_,9.02
_05492_,9.02
_06394_,9.02
_06588_,9.02
_06749_,9.02
_06752_,9.02
_06865_,9.02
_06973_,9.02
_08324_,9.02
_11735_,9.02
_12090_,9.02
_12242_,9.02
_12270_,9.02
_12292_,9.02
_10065_,9.005
_01344_,9
_04406_,9
_08036_,9
_11927_,9
_01397_,8.98
_02475_,8.98
_03614_,8.98
_04423_,8.98
_04529_,8.98
_04626_,8.98
_05882_,8.98
_07775_,8.98
_09071_,8.98
_09542_,8.98
_10565_,8.98
_11835_,8.98
_12217_,8.98
c_flat[124],8.97
c_flat[280],8.97
c_flat[32],8.97
c_flat[330],8.97
c_flat[334],8.97
_00434_,8.96
_01963_,8.96
_03030_,8.96
_04248_,8.96
_06747_,8.96
_08643_,8.96
_09612_,8.96
_10498_,8.96
_12037_,8.96
_12068_,8.96
_13182_,8.96
c_flat[108],8.96
c_flat[113],8.96
c_flat[117],8.96
c_flat[129],8.96
c_flat[131],8.96
c_flat[134],8.96
c_flat[139],8.96
c_flat[13],8.96
c_flat[14],8.96
c_flat[157],8.96
c_flat[160],8.96
c_flat[162],8.96
c_flat[179],8.96
c_flat[180],8.96
c_flat[184],8.96
c_flat[197],8.96
c_flat[1],8.96
c_flat[205],8.96
c_flat[218],8.96
c_flat[220],8.96
c_flat[229],8.96
c_flat[243],8.96
c_flat[247],8.96
c_flat[252],8.96
c_flat[274],8.96
c_flat[287],8.96
c_flat[288],8.96
c_flat[29],8.96
c_flat[303],8.96
c_flat[30],8.96
c_flat[31],8.96
c_flat[327],8.96
c_flat[33],8.96
c_flat[342],8.96
c_flat[343],8.96
c_flat[350],8.96
c_flat[356],8.96
c_flat[358],8.96
c_flat[361],8.96
c_flat[363],8.96
c_flat[376],8.96
c_flat[393],8.96
c_flat[394],8.96
c_flat[395],8.96
c_flat[398],8.96
c_flat[3],8.96
c_flat[404],8.96
c_flat[410],8.96
c_flat[418],8.96
c_flat[419],8.96
c_flat[423],8.96
c_flat[429],8.96
c_flat[42],8.96
c_flat[443],8.96
c_flat[454],8.96
c_flat[468],8.96
c_flat[471],8.96
c_flat[472],8.96
c_flat[481],8.96
c_flat[489],8.96
c_flat[490],8.96
c_flat[495],8.96
c_flat[496],8.96
c_flat[508],8.96
c_flat[51],8.96
c_flat[56],8.96
c_flat[5],8.96
c_flat[72],8.96
c_flat[81],8.96
c_flat[83],8.96
c_flat[86],8.96
c_flat[88],8.96
c_flat[96],8.96
c_flat[97],8.96
c_flat[99],8.96
c_flat[9],8.96
net791,8.96
_00383_,8.955
_12914_,8.95
_00445_,8.94
_01431_,8.94
_04000_,8.94
_04547_,8.94
_05345_,8.94
_09300_,8.94
_09491_,8.94
_10122_,8.94
_10821_,8.94
_11729_,8.94
_12812_,8.94
_12910_,8.94
c_flat[186],8.93
c_flat[475],8.93
_02265_,8.92
_03333_,8.92
_06892_,8.92
_11588_,8.92
_11617_,8.92
_08490_,8.91
_00152_,8.9
_01441_,8.9
_02714_,8.9
_03128_,8.9
_03489_,8.9
_05349_,8.9
_05608_,8.9
_05805_,8.9
_07300_,8.9
_09270_,8.9
_10153_,8.9
_11367_,8.9
_11606_,8.9
_11891_,8.9
_11944_,8.9
_12130_,8.9
_13028_,8.9
_06860_,8.89
_02018_,8.88
_05046_,8.88
_07430_,8.88
_07684_,8.88
_00591_,8.86
_02820_,8.86
_05558_,8.86
_05948_,8.86
_06557_,8.86
_08204_,8.86
_09089_,8.86
_10398_,8.86
_11533_,8.86
_11892_,8.86
_12410_,8.86
_13102_,8.86
_05324_,8.84
_08836_,8.84
_10078_,8.84
_00376_,8.82
_01023_,8.82
_01166_,8.82
_01957_,8.82
_04472_,8.82
_08120_,8.82
_09245_,8.82
_09342_,8.82
_09359_,8.82
_11569_,8.82
_12888_,8.82
_13121_,8.82
_13231_,8.82
_12412_,8.815
_00116_,8.805
_03433_,8.8
_05079_,8.8
_10491_,8.8
_06922_,8.79
_01037_,8.78
_01375_,8.78
_01444_,8.78
_03763_,8.78
_03794_,8.78
_04437_,8.78
_04790_,8.78
_05235_,8.78
_05282_,8.78
_08679_,8.78
_09240_,8.78
_09448_,8.78
_09624_,8.78
_10465_,8.78
_10670_,8.78
_10732_,8.78
_12407_,8.78
_05970_,8.76
_10538_,8.76
_10779_,8.76
_11682_,8.76
_00730_,8.745
_01237_,8.74
_00473_,8.735
_00150_,8.725
_01149_,8.72
_00290_,8.7
_00880_,8.7
_01698_,8.7
_05183_,8.7
_06529_,8.7
_06852_,8.7
_07457_,8.7
_07510_,8.7
_08508_,8.7
_10792_,8.7
_11764_,8.7
_10967_,8.69
_02872_,8.68
_03567_,8.68
_06148_,8.68
_06972_,8.68
_07224_,8.68
_08477_,8.68
_11498_,8.68
_12492_,8.68
_12876_,8.68
_00477_,8.665
_02764_,8.66
_03185_,8.66
_03732_,8.66
_04111_,8.66
_04170_,8.66
_04856_,8.66
_04950_,8.66
_05794_,8.66
_05796_,8.66
_06259_,8.66
_06889_,8.66
_07560_,8.66
_09600_,8.66
_09676_,8.66
_09794_,8.66
_11890_,8.66
_12400_,8.66
_12636_,8.66
_13100_,8.66
_02298_,8.65
_11973_,8.64
_06159_,8.63
a_flat[10],8.63
c_flat[237],8.63
en,8.63
_06979_,8.62
_07120_,8.62
_08442_,8.62
_09507_,8.62
_10823_,8.62
_12258_,8.62
_13214_,8.62
net792,8.62
_05187_,8.61
_00060_,8.6
_00468_,8.6
_01498_,8.6
_02553_,8.6
_04120_,8.6
_04256_,8.6
_04289_,8.6
_04580_,8.6
_05594_,8.6
_08496_,8.6
_10585_,8.6
_11279_,8.6
_03427_,8.58
_10519_,8.58
_11024_,8.58
_12084_,8.58
_03547_,8.57
_00926_,8.56
_01092_,8.56
_01467_,8.56
_01930_,8.56
_02467_,8.56
_03348_,8.56
_04804_,8.56
_05864_,8.56
_07201_,8.56
_07555_,8.56
_08475_,8.56
_08542_,8.56
_10696_,8.56
_11966_,8.56
_12373_,8.56
_12988_,8.56
_13015_,8.56
skew_ctrl.a_sr\[6\]\[2\],8.56
net927,8.56
_00824_,8.54
_03898_,8.54
_10038_,8.54
c_flat[152],8.53
_00510_,8.525
_00642_,8.52
_00771_,8.52
_00829_,8.52
_01091_,8.52
_02633_,8.52
_03373_,8.52
_06774_,8.52
_07659_,8.52
_08384_,8.52
_09861_,8.52
_10018_,8.52
_10676_,8.52
_10841_,8.52
_11001_,8.52
_11678_,8.52
_12365_,8.52
_00475_,8.5
_01155_,8.5
_01461_,8.5
_01712_,8.5
_04881_,8.5
_05124_,8.5
_05967_,8.5
_07630_,8.5
_07962_,8.5
_09250_,8.5
_09366_,8.5
_12358_,8.5
c_flat[112],8.5
c_flat[133],8.5
c_flat[143],8.5
c_flat[147],8.5
c_flat[202],8.5
c_flat[462],8.5
c_flat[58],8.5
net734,8.5
a_flat[4],8.49
c_flat[276],8.49
c_flat[55],8.49
_00191_,8.485
_00501_,8.485
_00847_,8.48
_01275_,8.48
_02391_,8.48
_03580_,8.48
_03793_,8.48
_05043_,8.48
_05096_,8.48
_06609_,8.48
_07815_,8.48
_09252_,8.48
_09425_,8.48
_10309_,8.48
_10986_,8.48
_11068_,8.48
_11356_,8.48
_11425_,8.48
_12230_,8.48
_13217_,8.48
net658,8.48
c_flat[479],8.47
_04606_,8.46
_04791_,8.46
_07625_,8.46
_10259_,8.46
_11209_,8.46
_11424_,8.46
_12175_,8.46
_01475_,8.44
_01546_,8.44
_01554_,8.44
_03650_,8.44
_04376_,8.44
_04380_,8.44
_04579_,8.44
_04983_,8.44
_05358_,8.44
_06643_,8.44
_06895_,8.44
_07085_,8.44
_08504_,8.44
_08678_,8.44
_10810_,8.44
_11268_,8.44
_13090_,8.44
_03587_,8.42
_05652_,8.42
_06176_,8.42
_07188_,8.42
_12291_,8.42
_02011_,8.4
_02330_,8.4
_05665_,8.4
_08891_,8.4
_09547_,8.4
net656,8.4
_00610_,8.385
_10934_,8.38
c_flat[353],8.38
_11416_,8.37
_00478_,8.365
_01751_,8.36
_01779_,8.36
_03091_,8.36
_05094_,8.36
_07302_,8.36
_10707_,8.36
_12965_,8.36
net753,8.36
_02127_,8.34
_02162_,8.34
_03777_,8.34
_10713_,8.34
_00023_,8.335
_01104_,8.32
_01788_,8.32
_02055_,8.32
_03334_,8.32
_03693_,8.32
_04996_,8.32
_05206_,8.32
_06794_,8.32
_07325_,8.32
_10055_,8.32
_10296_,8.32
_10337_,8.32
_11236_,8.32
_11858_,8.32
_12713_,8.32
_12997_,8.32
_00007_,8.305
_00172_,8.305
_00520_,8.305
_02152_,8.3
_03007_,8.3
_09153_,8.3
_07407_,8.29
_10425_,8.29
_13089_,8.29
b_flat[19],8.29
c_flat[190],8.29
c_flat[373],8.29
_01993_,8.28
_07119_,8.28
_09009_,8.28
_10777_,8.28
_11350_,8.28
_12252_,8.28
c_flat[266],8.27
_00236_,8.26
_08994_,8.26
_06303_,8.25
_01327_,8.24
_01403_,8.24
_01437_,8.24
_02491_,8.24
_02924_,8.24
_03003_,8.24
_03093_,8.24
_03498_,8.24
_04925_,8.24
_06076_,8.24
_07993_,8.24
_10704_,8.24
_11513_,8.24
_12135_,8.24
_12538_,8.24
net930,8.24
_01835_,8.22
_02757_,8.22
_03688_,8.22
_06560_,8.21
_00854_,8.2
_01234_,8.2
_01543_,8.2
_04057_,8.2
_04394_,8.2
_07646_,8.2
_08182_,8.2
_08345_,8.2
_09337_,8.2
_11895_,8.2
_13050_,8.2
_00080_,8.195
_02526_,8.18
_04490_,8.18
_12406_,8.18
net910,8.18
_03058_,8.17
_07640_,8.17
_10164_,8.17
b_flat[8],8.17
_02983_,8.16
_06558_,8.16
_12638_,8.16
net700,8.16
net787,8.16
net825,8.16
_00074_,8.14
_00334_,8.14
_00467_,8.14
_00684_,8.14
_00737_,8.14
_01039_,8.14
_02851_,8.14
_03588_,8.14
_04159_,8.14
_04227_,8.14
_04653_,8.14
_04659_,8.14
_06057_,8.14
_07348_,8.14
_07420_,8.14
_10079_,8.14
_11827_,8.14
_12177_,8.14
skew_ctrl.a_sr\[9\]\[3\],8.14
skew_ctrl.b_sr\[6\]\[0\],8.14
net639,8.14
net642,8.14
net668,8.14
net707,8.14
_08842_,8.13
_01897_,8.12
_04099_,8.12
_05234_,8.12
_05263_,8.12
_07322_,8.12
_08479_,8.12
_08860_,8.12
_09190_,8.12
_09673_,8.12
_11785_,8.12
_00068_,8.1
_00342_,8.1
_00888_,8.1
_01236_,8.1
_01307_,8.1
_01722_,8.1
_02185_,8.1
_02379_,8.1
_02381_,8.1
_03668_,8.1
_04273_,8.1
_04298_,8.1
_05059_,8.1
_05896_,8.1
_06019_,8.1
_06767_,8.1
_06785_,8.1
_06839_,8.1
_07764_,8.1
_08794_,8.1
_09156_,8.1
_11069_,8.1
_11195_,8.1
_12996_,8.1
_13115_,8.1
_13139_,8.1
skew_ctrl.a_sr\[10\]\[2\],8.1
_04360_,8.08
_05114_,8.08
_08574_,8.08
_09032_,8.08
_12335_,8.08
_00206_,8.065
_03864_,8.06
_05342_,8.06
_05575_,8.06
_07849_,8.06
_08452_,8.06
_11603_,8.06
c_flat[62],8.05
_01474_,8.04
_01587_,8.04
_02954_,8.04
_04795_,8.04
_05041_,8.04
_08509_,8.04
_12709_,8.04
c_flat[102],8.04
c_flat[103],8.04
c_flat[104],8.04
c_flat[116],8.04
c_flat[119],8.04
c_flat[122],8.04
c_flat[12],8.04
c_flat[158],8.04
c_flat[170],8.04
c_flat[176],8.04
c_flat[17],8.04
c_flat[182],8.04
c_flat[192],8.04
c_flat[19],8.04
c_flat[201],8.04
c_flat[225],8.04
c_flat[22],8.04
c_flat[230],8.04
c_flat[231],8.04
c_flat[239],8.04
c_flat[240],8.04
c_flat[242],8.04
c_flat[248],8.04
c_flat[262],8.04
c_flat[268],8.04
c_flat[278],8.04
c_flat[281],8.04
c_flat[284],8.04
c_flat[291],8.04
c_flat[297],8.04
c_flat[301],8.04
c_flat[304],8.04
c_flat[313],8.04
c_flat[319],8.04
c_flat[320],8.04
c_flat[325],8.04
c_flat[331],8.04
c_flat[345],8.04
c_flat[348],8.04
c_flat[352],8.04
c_flat[357],8.04
c_flat[359],8.04
c_flat[367],8.04
c_flat[375],8.04
c_flat[377],8.04
c_flat[378],8.04
c_flat[382],8.04
c_flat[387],8.04
c_flat[38],8.04
c_flat[400],8.04
c_flat[406],8.04
c_flat[413],8.04
c_flat[414],8.04
c_flat[41],8.04
c_flat[441],8.04
c_flat[459],8.04
c_flat[474],8.04
c_flat[497],8.04
c_flat[4],8.04
c_flat[504],8.04
c_flat[505],8.04
c_flat[510],8.04
c_flat[57],8.04
c_flat[63],8.04
c_flat[64],8.04
c_flat[66],8.04
c_flat[69],8.04
c_flat[84],8.04
c_flat[91],8.04
c_flat[92],8.04
net801,8.04
_00299_,8.035
_00363_,8.03
_00561_,8.025
_00189_,8.02
_00637_,8.02
_01531_,8.02
_01685_,8.02
_02009_,8.02
_02480_,8.02
_02695_,8.02
_02869_,8.02
_04550_,8.02
_04966_,8.02
_06025_,8.02
_06714_,8.02
_06953_,8.02
_07769_,8.02
_07904_,8.02
_08044_,8.02
_09275_,8.02
_09364_,8.02
_10022_,8.02
_10104_,8.02
_11313_,8.02
_11710_,8.02
_00227_,8
_01740_,8
_02715_,8
_07156_,8
_08425_,8
_11558_,8
_11749_,8
_11928_,8
_00296_,7.98
_01008_,7.98
_03522_,7.98
_06000_,7.98
_06811_,7.98
_06834_,7.98
_06991_,7.98
_08301_,7.98
_08971_,7.98
_08993_,7.98
_09181_,7.98
_09183_,7.98
_09873_,7.98
_09983_,7.98
_11832_,7.98
_12464_,7.98
_13208_,7.98
_01117_,7.96
_07964_,7.96
b_flat[12],7.95
c_flat[422],7.95
c_flat[438],7.95
_01533_,7.94
_03833_,7.94
_04060_,7.94
_07452_,7.94
_09495_,7.94
_09713_,7.94
_12264_,7.94
_12675_,7.94
_12865_,7.94
_02894_,7.92
_04355_,7.92
_04894_,7.92
_07244_,7.92
_08329_,7.92
_09075_,7.92
_09264_,7.92
_12686_,7.92
_13059_,7.92
_00578_,7.91
_03654_,7.9
_04588_,7.9
_07688_,7.9
_08306_,7.9
_08999_,7.9
_11524_,7.9
_12770_,7.9
net728,7.9
net780,7.9
_00586_,7.88
_03721_,7.88
_04319_,7.88
_04495_,7.88
_04528_,7.88
_05060_,7.88
_06014_,7.88
_10335_,7.88
_11460_,7.88
_13023_,7.88
_01443_,7.86
_01874_,7.86
_02670_,7.86
_06430_,7.86
_08596_,7.86
_09327_,7.86
_11793_,7.86
_12151_,7.86
_12334_,7.86
_13124_,7.86
_06013_,7.85
_04409_,7.84
_06716_,7.84
_06822_,7.84
_10684_,7.84
c_flat[191],7.83
_00731_,7.82
_03602_,7.82
_11293_,7.82
net880,7.82
c_flat[432],7.81
c_flat[469],7.81
_00425_,7.805
_02064_,7.8
_03546_,7.8
_05338_,7.8
_06114_,7.8
_01512_,7.78
_01704_,7.78
_02287_,7.78
_02307_,7.78
_02660_,7.78
_03621_,7.78
_03652_,7.78
_03666_,7.78
_04534_,7.78
_05286_,7.78
_05554_,7.78
_06137_,7.78
_07908_,7.78
_09768_,7.78
_09984_,7.78
_10581_,7.78
_10719_,7.78
_11446_,7.78
_12308_,7.78
_03912_,7.76
_10427_,7.76
_01748_,7.75
_01544_,7.74
_02560_,7.74
_02573_,7.74
_03568_,7.74
_06782_,7.74
_09201_,7.74
_09340_,7.74
_10310_,7.74
_12176_,7.74
_13034_,7.74
net925,7.74
_10897_,7.72
_07323_,7.71
_07784_,7.71
a_flat[19],7.71
a_flat[24],7.71
_00523_,7.705
_00712_,7.705
_02485_,7.7
_03711_,7.7
_05926_,7.7
_07768_,7.7
_09687_,7.7
net673,7.7
net679,7.7
net790,7.7
net824,7.7
_00691_,7.695
c_flat[277],7.69
_00096_,7.685
_00333_,7.68
_01469_,7.68
_01551_,7.68
_02354_,7.68
_02639_,7.68
_03065_,7.68
_03119_,7.68
_03951_,7.68
_04537_,7.68
_04565_,7.68
_06804_,7.68
_08331_,7.68
_08465_,7.68
_09388_,7.68
_09609_,7.68
_12049_,7.68
_13177_,7.68
skew_ctrl.b_sr\[9\]\[5\],7.68
net742,7.68
_11353_,7.67
_07655_,7.66
_08462_,7.66
_10135_,7.66
_10351_,7.66
_10389_,7.66
_00698_,7.645
_08272_,7.645
_03479_,7.64
_04268_,7.64
_04765_,7.64
_05201_,7.64
_06262_,7.64
_06616_,7.64
_06655_,7.64
_06906_,7.64
_08516_,7.64
_09101_,7.64
_11727_,7.64
_12028_,7.64
_12112_,7.64
_12496_,7.64
net614,7.64
_02641_,7.63
_00339_,7.625
_04082_,7.62
_06458_,7.62
b_flat[30],7.61
c_flat[421],7.61
_00062_,7.605
_00268_,7.605
_00368_,7.605
_00654_,7.605
_00746_,7.605
_00103_,7.6
_00827_,7.6
_02561_,7.6
_02993_,7.6
_03826_,7.6
_04382_,7.6
_05684_,7.6
_08213_,7.6
_10490_,7.6
_11666_,7.6
_12421_,7.6
net952,7.6
_00079_,7.59
_00199_,7.585
_04933_,7.58
_04938_,7.58
_05076_,7.58
_05214_,7.58
_09960_,7.58
_10717_,7.58
_10759_,7.58
c_flat[166],7.58
net817,7.58
net906,7.58
_00515_,7.565
_00118_,7.56
_00294_,7.56
_00980_,7.56
_01158_,7.56
_02203_,7.56
_02257_,7.56
_02350_,7.56
_02769_,7.56
_02981_,7.56
_03159_,7.56
_05044_,7.56
_07202_,7.56
_10828_,7.56
_11073_,7.56
_11571_,7.56
_11836_,7.56
_11877_,7.56
net838,7.56
_09538_,7.555
_00017_,7.545
_02417_,7.54
_06801_,7.54
_08991_,7.54
_09434_,7.54
net861,7.54
_03257_,7.53
_01195_,7.52
_01623_,7.52
_02538_,7.52
_03862_,7.52
_04948_,7.52
_05246_,7.52
_06791_,7.52
_07694_,7.52
_07865_,7.52
_08226_,7.52
_08353_,7.52
_08398_,7.52
_08767_,7.52
_08829_,7.52
_09233_,7.52
_10381_,7.52
_10456_,7.52
_10857_,7.52
_10879_,7.52
_10890_,7.52
_12007_,7.52
_12578_,7.52
_12931_,7.52
_13236_,7.52
skew_ctrl.b_sr\[10\]\[1\],7.52
net699,7.52
_00780_,7.505
_02117_,7.5
_08243_,7.5
_08466_,7.5
_09088_,7.5
_09410_,7.5
_09806_,7.5
_00483_,7.485
_03412_,7.48
_03920_,7.48
_04234_,7.48
_08133_,7.48
_09628_,7.48
_09639_,7.48
_09897_,7.48
_12355_,7.48
_12842_,7.48
_13109_,7.47
_00530_,7.46
_01027_,7.46
_05764_,7.46
_05774_,7.46
_11208_,7.46
_11506_,7.46
_12339_,7.46
_13128_,7.46
_13228_,7.46
_05253_,7.45
_00360_,7.44
_01324_,7.44
_02734_,7.44
_03611_,7.44
_03935_,7.44
_04307_,7.44
_06093_,7.44
_06639_,7.44
_06900_,7.44
_07491_,7.44
_09171_,7.44
_09826_,7.44
_09906_,7.44
_10396_,7.44
_10767_,7.44
_11204_,7.44
_11683_,7.44
_01421_,7.42
_04018_,7.42
_07620_,7.42
_10295_,7.42
_11167_,7.42
_12251_,7.42
_01084_,7.4
_01160_,7.4
_02058_,7.4
_04806_,7.4
_05264_,7.4
_06354_,7.4
_07680_,7.4
_08393_,7.4
_08819_,7.4
_11676_,7.4
_11750_,7.4
_00432_,7.385
_04063_,7.38
a_flat[31],7.37
_00371_,7.36
_08835_,7.36
_09267_,7.36
_12429_,7.36
_00272_,7.34
_10985_,7.34
_11152_,7.34
_11899_,7.34
_13126_,7.34
_13136_,7.34
_04652_,7.32
_05800_,7.32
_06963_,7.32
_06977_,7.32
_07742_,7.32
_07974_,7.32
_08832_,7.32
_09755_,7.32
_10063_,7.32
_12476_,7.32
_00517_,7.305
_00612_,7.305
_07280_,7.3
_08264_,7.3
_12359_,7.3
_12436_,7.3
_12491_,7.3
_12512_,7.3
_01867_,7.28
_03945_,7.28
_05791_,7.28
_06443_,7.28
_07748_,7.28
_01864_,7.26
_04586_,7.26
_01114_,7.24
_02194_,7.24
_02323_,7.24
_02826_,7.24
_02944_,7.24
_03106_,7.24
_09045_,7.24
_09358_,7.24
_12364_,7.24
_12775_,7.24
_13041_,7.24
net886,7.24
_00201_,7.22
_00298_,7.22
_00410_,7.22
_01388_,7.22
_02536_,7.22
_03435_,7.22
_03834_,7.22
_04197_,7.22
_07434_,7.22
_07717_,7.22
_07733_,7.22
_08387_,7.22
_08483_,7.22
_09052_,7.22
_10785_,7.22
_11076_,7.22
_11447_,7.22
_11585_,7.22
_12201_,7.22
_12219_,7.22
_12447_,7.22
_13008_,7.22
skew_ctrl.a_sr\[10\]\[4\],7.22
net650,7.22
net740,7.22
net855,7.22
_00570_,7.2
_01482_,7.2
_01970_,7.2
_02191_,7.2
_02602_,7.2
_07051_,7.2
_07539_,7.2
_07757_,7.2
_09218_,7.2
_10326_,7.2
_10901_,7.2
_11113_,7.2
_12071_,7.2
_12223_,7.2
_12673_,7.2
_10752_,7.195
_00394_,7.18
_00428_,7.18
_00919_,7.18
_01263_,7.18
_01484_,7.18
_01659_,7.18
_02205_,7.18
_02717_,7.18
_03891_,7.18
_04259_,7.18
_04701_,7.18
_05277_,7.18
_05299_,7.18
_07947_,7.18
_08140_,7.18
_08223_,7.18
_08323_,7.18
_09469_,7.18
_10693_,7.18
_11307_,7.18
_11329_,7.18
_11465_,7.18
_11530_,7.18
_12380_,7.18
_13226_,7.18
skew_ctrl.b_sr\[6\]\[4\],7.18
skew_ctrl.b_sr\[6\]\[7\],7.18
net624,7.18
net690,7.18
net948,7.18
_04466_,7.17
_00168_,7.165
_00237_,7.165
_00463_,7.165
_00775_,7.165
_00148_,7.16
_00159_,7.16
_04211_,7.16
_04422_,7.16
_05050_,7.16
_10769_,7.16
_10778_,7.16
_12649_,7.16
c_flat[251],7.15
_00177_,7.145
_00416_,7.145
_01514_,7.14
_03858_,7.14
_06107_,7.14
_09701_,7.14
_10618_,7.14
_10917_,7.14
skew_ctrl.b_sr\[9\]\[7\],7.14
a_flat[20],7.13
c_flat[0],7.13
c_flat[115],7.13
c_flat[137],7.13
c_flat[164],7.13
c_flat[185],7.13
c_flat[292],7.13
c_flat[339],7.13
c_flat[371],7.13
c_flat[425],7.13
c_flat[461],7.13
_04025_,7.12
_05348_,7.12
_06645_,7.12
_06950_,7.12
_07363_,7.12
_07369_,7.12
_09810_,7.12
_11644_,7.12
net918,7.12
_00549_,7.105
_00686_,7.105
_00338_,7.1
_00341_,7.1
_00385_,7.1
_00934_,7.1
_01190_,7.1
_01490_,7.1
_01991_,7.1
_02707_,7.1
_02825_,7.1
_03312_,7.1
_04302_,7.1
_04940_,7.1
_05542_,7.1
_07204_,7.1
_07248_,7.1
_08444_,7.1
_08527_,7.1
_08920_,7.1
_09274_,7.1
_09631_,7.1
_10053_,7.1
_10258_,7.1
_11155_,7.1
_11272_,7.1
_11646_,7.1
_13122_,7.1
_00499_,7.085
_00609_,7.085
_00308_,7.08
_13078_,7.08
_00011_,7.06
_00347_,7.06
_01547_,7.06
_02713_,7.06
_02965_,7.06
_03552_,7.06
_05333_,7.06
_05897_,7.06
_06112_,7.06
_06720_,7.06
_06805_,7.06
_08435_,7.06
_08468_,7.06
_08474_,7.06
_08873_,7.06
_08938_,7.06
_09150_,7.06
_09440_,7.06
_10088_,7.06
_10141_,7.06
_10633_,7.06
_10735_,7.06
_11215_,7.06
_11555_,7.06
_12333_,7.06
_12856_,7.06
_03531_,7.04
_05366_,7.04
_07754_,7.04
_09500_,7.04
_12581_,7.035
_00472_,7.025
_00697_,7.02
_05127_,7.02
c_flat[35],7.01
_09784_,7.005
_00088_,7
_03261_,7
_04433_,7
_05245_,7
_07072_,7
_07221_,7
_09700_,7
_12074_,7
_00526_,6.985
_00589_,6.98
_01034_,6.98
_01664_,6.98
_01815_,6.98
_03488_,6.98
_03839_,6.98
_05152_,6.98
_05188_,6.98
_08317_,6.98
_09618_,6.98
_10983_,6.98
_12017_,6.98
_01693_,6.97
_01560_,6.96
_03342_,6.96
_07710_,6.96
_00770_,6.945
_01100_,6.94
_01250_,6.94
_01841_,6.94
_02838_,6.94
_06848_,6.94
_09106_,6.94
net805,6.94
_10240_,6.9
net702,6.9
net735,6.9
c_flat[222],6.89
c_flat[255],6.89
_01188_,6.88
_05928_,6.88
_06360_,6.88
_07678_,6.88
_09553_,6.88
_01046_,6.86
_01871_,6.86
_03258_,6.86
_03702_,6.86
_05540_,6.86
_07231_,6.86
_08043_,6.86
_08828_,6.86
_09356_,6.86
_11823_,6.86
_11986_,6.86
_12741_,6.86
_13020_,6.86
_01095_,6.84
_09668_,6.84
_00185_,6.825
_00474_,6.825
_00516_,6.825
_00782_,6.825
_01710_,6.82
_01756_,6.82
_03938_,6.82
_04016_,6.82
_08992_,6.82
_12494_,6.82
_02667_,6.81
_02168_,6.78
_02276_,6.78
_02591_,6.78
_02738_,6.78
_03085_,6.78
_03709_,6.78
_04708_,6.78
_06835_,6.78
_09360_,6.78
_10009_,6.78
_10266_,6.78
_10525_,6.78
net717,6.78
net719,6.78
net785,6.78
_06075_,6.765
_00027_,6.76
_00321_,6.76
_00935_,6.76
_01217_,6.76
_02832_,6.76
_04235_,6.76
_04827_,6.76
_06621_,6.76
_06675_,6.76
_07544_,6.76
_07759_,6.76
_07811_,6.76
_08147_,6.76
_08275_,6.76
_08593_,6.76
_08921_,6.76
_09799_,6.76
net674,6.76
_04455_,6.755
_00892_,6.74
_01589_,6.74
_02586_,6.74
_02995_,6.74
_04836_,6.74
_07360_,6.74
_07387_,6.74
_07512_,6.74
_12774_,6.74
_00593_,6.725
_00057_,6.72
_00154_,6.72
_00415_,6.72
_02031_,6.72
_02555_,6.72
_02753_,6.72
_02763_,6.72
_03100_,6.72
_03659_,6.72
_04245_,6.72
_04587_,6.72
_05020_,6.72
_05683_,6.72
_05925_,6.72
_06120_,6.72
_06142_,6.72
_06252_,6.72
_06823_,6.72
_06989_,6.72
_07404_,6.72
_09352_,6.72
_09645_,6.72
_10323_,6.72
_10614_,6.72
_11725_,6.72
_12148_,6.72
_12655_,6.72
_12853_,6.72
_13211_,6.72
net873,6.72
_07889_,6.7
_11789_,6.7
_11804_,6.7
a_flat[29],6.69
c_flat[171],6.69
c_flat[208],6.69
c_flat[267],6.69
c_flat[355],6.69
_00134_,6.685
_00230_,6.685
_00318_,6.685
_00611_,6.685
_00700_,6.68
_00320_,6.665
_00203_,6.66
_00460_,6.66
_01594_,6.66
_02138_,6.66
_03811_,6.66
_05040_,6.66
_06920_,6.66
_08142_,6.66
_08299_,6.66
_08637_,6.66
_08772_,6.66
_11319_,6.66
_11948_,6.66
_12584_,6.66
net765,6.66
_00370_,6.645
_00620_,6.645
_00681_,6.645
_00210_,6.64
_00250_,6.64
_01271_,6.64
_02129_,6.64
_02802_,6.64
_03260_,6.64
_03558_,6.64
_04638_,6.64
_05704_,6.64
_06358_,6.64
_07227_,6.64
_07232_,6.64
_09083_,6.64
_10026_,6.64
_10461_,6.64
_10988_,6.64
net611,6.64
net811,6.64
net878,6.64
net935,6.64
_00214_,6.62
_01379_,6.62
_02975_,6.62
_04978_,6.62
_05545_,6.62
_07311_,6.62
_11655_,6.62
_00804_,6.61
_01294_,6.61
_09946_,6.61
_00405_,6.6
_00835_,6.6
_01273_,6.6
_01804_,6.6
_02418_,6.6
_03764_,6.6
_04553_,6.6
_04884_,6.6
_07795_,6.6
_08149_,6.6
_08926_,6.6
_12228_,6.6
_12261_,6.6
_12664_,6.6
_13107_,6.6
_13176_,6.6
net633,6.6
_00183_,6.585
_00322_,6.58
_01907_,6.58
_06472_,6.58
_10578_,6.58
_00529_,6.54
_00553_,6.54
_00725_,6.54
_04065_,6.54
_06149_,6.54
_08711_,6.54
_11527_,6.54
net767,6.54
_03385_,6.53
_00906_,6.52
_01164_,6.52
_02645_,6.52
_02751_,6.52
_03081_,6.52
_03289_,6.52
_03557_,6.52
_03755_,6.52
_03903_,6.52
_04604_,6.52
_05257_,6.52
_05955_,6.52
_06043_,6.52
_06636_,6.52
_07574_,6.52
_09999_,6.52
_11405_,6.52
_11652_,6.52
_13183_,6.52
net842,6.52
net845,6.52
_02567_,6.5
_07508_,6.5
_08315_,6.5
_09256_,6.5
_13080_,6.5
_12424_,6.49
_02432_,6.48
_06063_,6.48
_06528_,6.48
_07137_,6.48
_08541_,6.48
_12024_,6.48
_12751_,6.48
_13148_,6.48
_02693_,6.47
_00476_,6.465
_00527_,6.465
_05901_,6.46
_07090_,6.46
c_flat[211],6.45
c_flat[221],6.45
c_flat[306],6.45
c_flat[386],6.45
c_flat[499],6.45
c_flat[54],6.45
c_flat[59],6.45
c_flat[67],6.45
_02254_,6.44
_06983_,6.44
_09135_,6.44
net675,6.44
net830,6.44
net833,6.44
c_flat[379],6.43
c_flat[71],6.43
_00497_,6.425
_00756_,6.425
_08111_,6.42
_11873_,6.42
net761,6.42
_00284_,6.4
_03480_,6.4
_04096_,6.4
_05051_,6.4
_05650_,6.4
_06322_,6.4
_06975_,6.4
_09265_,6.4
_09278_,6.4
_10556_,6.4
net666,6.4
_00443_,6.385
_03757_,6.38
_04735_,6.38
_08905_,6.38
_04461_,6.36
_06364_,6.36
_06894_,6.36
_08830_,6.36
_10301_,6.36
_05104_,6.35
_07619_,6.34
_00444_,6.33
_02849_,6.33
c_flat[153],6.33
_00881_,6.32
_00896_,6.32
_02268_,6.32
_04432_,6.32
_06647_,6.32
_07013_,6.32
_08827_,6.32
_09561_,6.32
_10328_,6.32
_11994_,6.32
net744,6.32
net749,6.32
net863,6.32
net869,6.32
net896,6.32
c_flat[140],6.31
_00246_,6.3
_01206_,6.3
_02533_,6.3
_02893_,6.3
_03259_,6.3
_03282_,6.3
_03841_,6.3
_05223_,6.3
_05448_,6.3
_08035_,6.3
_08373_,6.3
_09114_,6.3
_09236_,6.3
_09769_,6.3
_09812_,6.3
_09992_,6.3
_11556_,6.3
_11771_,6.3
_12573_,6.3
_13112_,6.3
skew_ctrl.a_sr\[9\]\[1\],6.3
net890,6.3
net891,6.3
_00701_,6.285
_00406_,6.28
_02844_,6.28
_03165_,6.28
_04987_,6.28
_06470_,6.28
_08274_,6.28
_08897_,6.28
_09850_,6.28
_12817_,6.28
net590,6.28
net797,6.28
net729,6.27
_00094_,6.265
_00457_,6.265
_00196_,6.26
_01096_,6.26
_01239_,6.26
_01419_,6.26
_01931_,6.26
_02349_,6.26
_02739_,6.26
_03845_,6.26
_04146_,6.26
_04276_,6.26
_04533_,6.26
_06278_,6.26
_06476_,6.26
_06796_,6.26
_06954_,6.26
_09023_,6.26
_09284_,6.26
_09445_,6.26
_09740_,6.26
_10761_,6.26
_12187_,6.26
_12284_,6.26
_12737_,6.26
_12746_,6.26
net823,6.26
_07990_,6.255
_03954_,6.24
_08500_,6.24
_13242_,6.24
c_flat[206],6.23
c_flat[43],6.23
_00217_,6.225
_00536_,6.225
_00641_,6.225
_00734_,6.225
_00779_,6.225
c_flat[114],6.21
c_flat[127],6.21
c_flat[128],6.21
c_flat[145],6.21
c_flat[156],6.21
c_flat[195],6.21
c_flat[207],6.21
c_flat[213],6.21
c_flat[227],6.21
c_flat[228],6.21
c_flat[256],6.21
c_flat[28],6.21
c_flat[308],6.21
c_flat[310],6.21
c_flat[316],6.21
c_flat[323],6.21
c_flat[328],6.21
c_flat[374],6.21
c_flat[380],6.21
c_flat[39],6.21
c_flat[420],6.21
c_flat[458],6.21
c_flat[483],6.21
c_flat[61],6.21
c_flat[75],6.21
_01491_,6.2
_03046_,6.2
_04086_,6.2
_04262_,6.2
_06762_,6.2
_08910_,6.2
_09912_,6.2
_09957_,6.2
_11315_,6.2
_11365_,6.2
_00151_,6.18
_00351_,6.18
_01369_,6.18
_01522_,6.18
_03988_,6.18
_04306_,6.18
_04341_,6.18
_04559_,6.18
_06355_,6.18
_07124_,6.18
_07551_,6.18
_07668_,6.18
_07752_,6.18
_07968_,6.18
_08208_,6.18
_08269_,6.18
_08313_,6.18
_08514_,6.18
_09151_,6.18
_09533_,6.18
_09650_,6.18
_10358_,6.18
_10503_,6.18
_10662_,6.18
_10807_,6.18
_10852_,6.18
_10858_,6.18
_11554_,6.18
_11570_,6.18
_11611_,6.18
_12344_,6.18
net819,6.18
net885,6.18
_00424_,6.165
_02546_,6.16
_10015_,6.16
_05145_,6.15
_00689_,6.14
_00741_,6.14
_00754_,6.14
_01222_,6.14
_01265_,6.14
_02206_,6.14
_02259_,6.14
_02850_,6.14
_03607_,6.14
_04225_,6.14
_05966_,6.14
_06122_,6.14
_08347_,6.14
_10124_,6.14
_10149_,6.14
_10453_,6.14
_11408_,6.14
_11464_,6.14
_11492_,6.14
_12821_,6.14
_05841_,6.13
_07462_,6.12
_08188_,6.12
_11499_,6.12
_00419_,6.105
_00485_,6.085
_00182_,6.08
_04571_,6.08
_08298_,6.08
_10875_,6.08
_00281_,6.065
_00718_,6.06
_01282_,6.06
_01703_,6.06
_02047_,6.06
_02187_,6.06
_03020_,6.06
_03507_,6.06
_04048_,6.06
_04687_,6.06
_05714_,6.06
_07321_,6.06
_08608_,6.06
_09026_,6.06
_09556_,6.06
_09696_,6.06
_10540_,6.06
_10916_,6.06
_11211_,6.06
_11388_,6.06
_12124_,6.06
_12524_,6.06
pe_row\[0\].pe_col\[2\].pe_inst.b_out\[3\],6.06
_01288_,6.055
_00414_,6.04
_00879_,6.04
_07846_,6.04
_08051_,6.04
_09064_,6.04
_09297_,6.04
_10379_,6.04
_11829_,6.04
_01819_,6.035
_00595_,6.02
_01989_,6.02
_02107_,6.02
_07009_,6.02
_10415_,6.02
_11075_,6.02
_07973_,5.985
_00164_,5.98
_00173_,5.98
net727,5.98
net758,5.98
_00506_,5.965
_01173_,5.96
_02794_,5.96
_03178_,5.96
_04651_,5.96
_05165_,5.96
_10624_,5.96
_10838_,5.95
_00664_,5.94
_03080_,5.94
_04554_,5.94
_06878_,5.94
_07417_,5.94
_08826_,5.94
_08908_,5.94
_10598_,5.94
_11154_,5.94
_11280_,5.94
_11632_,5.94
_12568_,5.94
_12692_,5.94
_12906_,5.94
_00091_,5.935
_02174_,5.92
_04451_,5.92
_10434_,5.92
_10760_,5.92
_11511_,5.92
_11898_,5.92
_00225_,5.905
_00226_,5.905
_12203_,5.9
_12342_,5.9
net903,5.9
_00303_,5.885
_11248_,5.88
_02099_,5.87
_05600_,5.87
_00137_,5.86
_01031_,5.86
_02007_,5.86
_04229_,5.86
_05009_,5.86
_05065_,5.86
_05298_,5.86
_07343_,5.86
_10478_,5.86
_10903_,5.86
_11982_,5.86
_12759_,5.86
net672,5.86
net757,5.86
net786,5.86
net799,5.86
net807,5.86
net881,5.86
net883,5.86
_13125_,5.855
_00016_,5.84
_00114_,5.84
_00373_,5.84
_01453_,5.84
_01471_,5.84
_01830_,5.84
_02706_,5.84
_02766_,5.84
_03537_,5.84
_04258_,5.84
_04397_,5.84
_04407_,5.84
_04425_,5.84
_04541_,5.84
_04743_,5.84
_05083_,5.84
_06949_,5.84
_07345_,5.84
_08328_,5.84
_08833_,5.84
_09221_,5.84
_10242_,5.84
_10747_,5.84
_10835_,5.84
_12398_,5.84
_12495_,5.84
_12576_,5.84
_12697_,5.84
_12806_,5.84
_13167_,5.84
skew_ctrl.a_sr\[9\]\[4\],5.84
net709,5.84
net828,5.84
net882,5.84
_09907_,5.835
_00378_,5.82
_00757_,5.82
_01207_,5.82
_03371_,5.82
_03832_,5.82
_05238_,5.82
_05773_,5.82
_06685_,5.82
_06715_,5.82
_06751_,5.82
_08455_,5.82
_09783_,5.82
_12600_,5.82
_00101_,5.805
_00176_,5.805
_00195_,5.8
_00305_,5.8
_00976_,5.8
_02036_,5.8
_02125_,5.8
_03213_,5.8
_03710_,5.8
_04295_,5.8
_04450_,5.8
_04803_,5.8
_04964_,5.8
_05893_,5.8
_05917_,5.8
_06674_,5.8
_07727_,5.8
_07737_,5.8
_08395_,5.8
_08551_,5.8
_08732_,5.8
_08976_,5.8
_09074_,5.8
_09714_,5.8
_09800_,5.8
_10899_,5.8
_10915_,5.8
_11125_,5.8
_12497_,5.8
_13133_,5.8
skew_ctrl.a_sr\[6\]\[3\],5.8
net583,5.8
net752,5.8
_00123_,5.795
_00714_,5.78
_04116_,5.78
_09129_,5.78
_09889_,5.78
b_flat[10],5.77
c_flat[10],5.77
c_flat[136],5.77
c_flat[142],5.77
c_flat[163],5.77
c_flat[16],5.77
c_flat[198],5.77
c_flat[236],5.77
c_flat[241],5.77
c_flat[261],5.77
c_flat[272],5.77
c_flat[273],5.77
c_flat[293],5.77
c_flat[336],5.77
c_flat[349],5.77
c_flat[354],5.77
c_flat[407],5.77
c_flat[409],5.77
c_flat[477],5.77
c_flat[47],5.77
_00374_,5.76
c_flat[101],5.75
c_flat[107],5.75
c_flat[178],5.75
c_flat[193],5.75
c_flat[200],5.75
c_flat[238],5.75
c_flat[360],5.75
c_flat[364],5.75
c_flat[401],5.75
c_flat[45],5.75
c_flat[53],5.75
_05244_,5.745
_00314_,5.74
_00365_,5.74
_00409_,5.74
_00450_,5.74
_00679_,5.74
_01537_,5.74
_01624_,5.74
_04609_,5.74
_04847_,5.74
_06021_,5.74
_06285_,5.74
_06985_,5.74
_07749_,5.74
_08518_,5.74
_09001_,5.74
_09796_,5.74
_09818_,5.74
_10796_,5.74
_10923_,5.74
_13143_,5.74
net738,5.74
net949,5.74
_00423_,5.725
_00480_,5.725
_00278_,5.72
_00287_,5.72
_01200_,5.72
_01518_,5.72
_02267_,5.72
_02631_,5.72
_03011_,5.72
_03581_,5.72
_03761_,5.72
_04346_,5.72
_04381_,5.72
_04494_,5.72
_05269_,5.72
_06173_,5.72
_06620_,5.72
_06741_,5.72
_07284_,5.72
_07315_,5.72
_07408_,5.72
_07566_,5.72
_07866_,5.72
_08363_,5.72
_08889_,5.72
_09326_,5.72
_09415_,5.72
_09921_,5.72
_10220_,5.72
_10352_,5.72
_10660_,5.72
_10837_,5.72
_11183_,5.72
_12233_,5.72
_12851_,5.72
skew_ctrl.b_sr\[10\]\[0\],5.72
net638,5.72
_00539_,5.705
_06182_,5.705
_00647_,5.7
_02392_,5.7
_03682_,5.7
_04567_,5.7
_11576_,5.7
_12834_,5.7
_00014_,5.68
_01564_,5.68
_02150_,5.68
_02339_,5.68
_03656_,5.68
_03662_,5.68
_05275_,5.68
_05891_,5.68
_06087_,5.68
_06180_,5.68
_06181_,5.68
_06201_,5.68
_06363_,5.68
_07160_,5.68
_07190_,5.68
_07773_,5.68
_08424_,5.68
_10129_,5.68
_10321_,5.68
_12118_,5.68
_12397_,5.68
_12984_,5.68
net704,5.68
c_flat[507],5.65
_00270_,5.645
_00486_,5.645
_00717_,5.62
_00816_,5.62
_01235_,5.62
_02829_,5.62
_03983_,5.62
_06062_,5.62
_09721_,5.62
_10030_,5.62
net928,5.62
_00631_,5.6
_01438_,5.6
_02087_,5.6
_03096_,5.6
_03421_,5.6
_03509_,5.6
_03644_,5.6
_04504_,5.6
_05067_,5.6
_05443_,5.6
_07329_,5.6
_08268_,5.6
_09210_,5.6
_10157_,5.6
_11025_,5.6
_11282_,5.6
_12014_,5.6
_12490_,5.6
_12672_,5.6
_13178_,5.6
_00508_,5.58
_04741_,5.58
_08197_,5.58
_10783_,5.58
_12522_,5.58
_03844_,5.56
_10262_,5.56
_00525_,5.545
_00547_,5.545
_08709_,5.54
_08876_,5.54
c_flat[126],5.53
c_flat[132],5.53
c_flat[151],5.53
c_flat[155],5.53
c_flat[159],5.53
c_flat[15],5.53
c_flat[172],5.53
c_flat[187],5.53
c_flat[18],5.53
c_flat[203],5.53
c_flat[209],5.53
c_flat[20],5.53
c_flat[233],5.53
c_flat[24],5.53
c_flat[253],5.53
c_flat[257],5.53
c_flat[25],5.53
c_flat[279],5.53
c_flat[36],5.53
c_flat[37],5.53
c_flat[392],5.53
c_flat[412],5.53
c_flat[426],5.53
c_flat[447],5.53
c_flat[473],5.53
c_flat[49],5.53
c_flat[50],5.53
c_flat[52],5.53
c_flat[74],5.53
c_flat[76],5.53
c_flat[98],5.53
_00683_,5.525
_08562_,5.52
_10117_,5.52
_10131_,5.52
_02251_,5.5
_02964_,5.5
_07324_,5.5
net739,5.5
_02698_,5.495
_00491_,5.48
_01252_,5.48
_01850_,5.48
_03837_,5.48
_06184_,5.48
_06300_,5.48
_07150_,5.48
_07579_,5.48
_08404_,5.48
_11561_,5.48
_11648_,5.48
_11896_,5.48
_12225_,5.48
_12313_,5.48
_05340_,5.46
_08674_,5.46
_10156_,5.46
_01305_,5.45
_01790_,5.44
_03855_,5.44
_06689_,5.44
_08526_,5.44
_00228_,5.435
c_flat[109],5.41
c_flat[11],5.41
c_flat[318],5.41
c_flat[370],5.41
c_flat[436],5.41
c_flat[466],5.41
c_flat[493],5.41
c_flat[73],5.41
c_flat[94],5.41
_00001_,5.4
_00030_,5.4
_00441_,5.4
_02691_,5.4
_03831_,5.4
_06418_,5.4
_06981_,5.4
_06984_,5.4
_06996_,5.4
_07521_,5.4
_08199_,5.4
_08601_,5.4
_09801_,5.4
_10096_,5.4
_11636_,5.4
_12707_,5.4
net706,5.4
net713,5.4
net754,5.4
net789,5.4
_00078_,5.38
_00212_,5.38
_01718_,5.38
_02359_,5.38
_02550_,5.38
_03094_,5.38
_03442_,5.38
_03956_,5.38
_04526_,5.38
_04718_,5.38
_04727_,5.38
_04848_,5.38
_05102_,5.38
_05315_,5.38
_05498_,5.38
_06733_,5.38
_06936_,5.38
_07786_,5.38
_07942_,5.38
_08566_,5.38
_08652_,5.38
_08769_,5.38
_08815_,5.38
_08903_,5.38
_09011_,5.38
_09732_,5.38
_09942_,5.38
_10224_,5.38
_10228_,5.38
_11276_,5.38
_11286_,5.38
_11515_,5.38
_11971_,5.38
_12607_,5.38
_12772_,5.38
skew_ctrl.a_sr\[9\]\[0\],5.38
skew_ctrl.b_sr\[10\]\[2\],5.38
net686,5.38
net687,5.38
_00293_,5.365
_00244_,5.36
_02486_,5.36
_03374_,5.36
_05696_,5.36
_07164_,5.36
_01322_,5.35
_00245_,5.345
_00481_,5.345
_00019_,5.34
_00464_,5.34
_00693_,5.34
_01290_,5.34
_02344_,5.34
_02647_,5.34
_02656_,5.34
_02938_,5.34
_03043_,5.34
_03658_,5.34
_04209_,5.34
_04720_,5.34
_04953_,5.34
_05177_,5.34
_05606_,5.34
_05951_,5.34
_05989_,5.34
_06463_,5.34
_07660_,5.34
_09133_,5.34
_09833_,5.34
_10016_,5.34
_10057_,5.34
_10146_,5.34
_10297_,5.34
_11985_,5.34
_13030_,5.34
_00181_,5.305
_00479_,5.305
_00759_,5.305
_00032_,5.3
_00883_,5.28
_01720_,5.28
_01824_,5.28
_01956_,5.28
_02155_,5.28
_02189_,5.28
_03737_,5.28
_04285_,5.28
_04591_,5.28
_04599_,5.28
_05242_,5.28
_07402_,5.28
_08082_,5.28
_09142_,5.28
_09165_,5.28
_10913_,5.28
_12244_,5.28
_13212_,5.28
_07080_,5.27
_00332_,5.265
_00112_,5.26
_00115_,5.26
_01978_,5.26
_02355_,5.26
_02493_,5.26
_03066_,5.26
_03714_,5.26
_03778_,5.26
_04180_,5.26
_04577_,5.26
_05105_,5.26
_05122_,5.26
_05357_,5.26
_05939_,5.26
_05995_,5.26
_06329_,5.26
_06825_,5.26
_07361_,5.26
_07423_,5.26
_07738_,5.26
_09272_,5.26
_09341_,5.26
_10086_,5.26
_10173_,5.26
_10289_,5.26
_10294_,5.26
_10891_,5.26
_11278_,5.26
_11463_,5.26
_11658_,5.26
_12103_,5.26
_12462_,5.26
_13135_,5.26
net652,5.26
net683,5.26
net831,5.26
_08206_,5.25
_00049_,5.245
_00107_,5.245
_00747_,5.245
_00165_,5.24
_00234_,5.24
_00890_,5.24
_10119_,5.24
_00050_,5.22
_01869_,5.22
_02969_,5.22
_03021_,5.22
_03214_,5.22
_04592_,5.22
_04788_,5.22
_05687_,5.22
_07791_,5.22
_08018_,5.22
_08446_,5.22
_09127_,5.22
_09140_,5.22
_10394_,5.22
_10653_,5.22
_10894_,5.22
_11950_,5.22
c_flat[135],5.19
c_flat[138],5.19
c_flat[141],5.19
c_flat[223],5.19
c_flat[245],5.19
c_flat[250],5.19
c_flat[271],5.19
c_flat[286],5.19
c_flat[298],5.19
c_flat[309],5.19
c_flat[366],5.19
c_flat[368],5.19
c_flat[391],5.19
c_flat[40],5.19
c_flat[424],5.19
c_flat[427],5.19
c_flat[430],5.19
c_flat[452],5.19
c_flat[465],5.19
c_flat[486],5.19
c_flat[492],5.19
c_flat[501],5.19
c_flat[502],5.19
c_flat[503],5.19
c_flat[80],5.19
c_flat[8],5.19
_00426_,5.185
_00626_,5.16
_02067_,5.16
_02105_,5.16
_02252_,5.16
_04872_,5.16
_05334_,5.16
_08680_,5.16
_11186_,5.16
net694,5.16
_00856_,5.14
_02134_,5.14
_02640_,5.14
_03574_,5.14
_04888_,5.14
_07192_,5.14
_08153_,5.14
_08369_,5.14
_08883_,5.14
_09098_,5.14
_10417_,5.14
_12352_,5.14
_12970_,5.14
_13040_,5.14
_00850_,5.12
_02281_,5.12
_07575_,5.12
_07587_,5.12
_03231_,5.1
_11495_,5.1
_00343_,5.085
_00524_,5.085
_06700_,5.085
c_flat[216],5.07
c_flat[258],5.07
c_flat[269],5.07
c_flat[326],5.07
c_flat[381],5.07
c_flat[389],5.07
c_flat[403],5.07
c_flat[450],5.07
c_flat[476],5.07
c_flat[48],5.07
c_flat[68],5.07
c_flat[90],5.07
_00774_,5.06
_04589_,5.06
_04598_,5.06
_06084_,5.06
_07728_,5.06
_09568_,5.06
_12396_,5.06
_12423_,5.06
_12854_,5.06
net677,5.06
net721,5.06
net756,5.06
_00090_,5.045
_04401_,5.04
_04686_,5.04
_05331_,5.04
_07783_,5.04
_10166_,5.04
_10892_,5.04
_12764_,5.04
_09073_,5.03
_01873_,5.02
_03824_,5.02
_04178_,5.02
_04336_,5.02
_05359_,5.02
_05873_,5.02
_06212_,5.02
_06884_,5.02
_08717_,5.02
_09466_,5.02
_10856_,5.02
_12702_,5.02
_01416_,5
_12332_,5
_13005_,5
_00531_,4.985
_04301_,4.975
_00194_,4.965
_00752_,4.965
_00455_,4.94
_00851_,4.94
_01617_,4.94
_02069_,4.94
_03631_,4.94
_03870_,4.94
_03939_,4.94
_05163_,4.94
_05329_,4.94
_06416_,4.94
_06571_,4.94
_07527_,4.94
_07862_,4.94
_08605_,4.94
_11413_,4.94
_12350_,4.94
net708,4.94
net711,4.94
_03037_,4.935
_00122_,4.92
_00209_,4.92
_00619_,4.92
_00760_,4.92
_00767_,4.92
_01360_,4.92
_01759_,4.92
_01886_,4.92
_02022_,4.92
_02171_,4.92
_02244_,4.92
_02277_,4.92
_02530_,4.92
_03051_,4.92
_03578_,4.92
_04460_,4.92
_06267_,4.92
_07019_,4.92
_07032_,4.92
_07672_,4.92
_07689_,4.92
_08715_,4.92
_08813_,4.92
_09497_,4.92
_09726_,4.92
_10019_,4.92
_10834_,4.92
_11138_,4.92
_11343_,4.92
_11664_,4.92
_11684_,4.92
_11809_,4.92
_12076_,4.92
_12452_,4.92
_12510_,4.92
_13051_,4.92
net645,4.92
net696,4.92
net714,4.92
_00089_,4.905
_00132_,4.905
_00170_,4.905
_00433_,4.905
_00798_,4.905
_00075_,4.9
_00252_,4.9
_02996_,4.9
_03792_,4.9
_03973_,4.9
_04383_,4.9
_05273_,4.9
_10342_,4.9
_10413_,4.9
_11680_,4.9
net951,4.9
_12736_,4.89
_00020_,4.88
_00064_,4.88
_00311_,4.88
_00337_,4.88
_00345_,4.88
_00639_,4.88
_02182_,4.88
_03478_,4.88
_03629_,4.88
_04105_,4.88
_04255_,4.88
_04260_,4.88
_04350_,4.88
_05088_,4.88
_05156_,4.88
_05627_,4.88
_05938_,4.88
_06271_,4.88
_06859_,4.88
_07010_,4.88
_07601_,4.88
_07609_,4.88
_07653_,4.88
_07766_,4.88
_08361_,4.88
_08930_,4.88
_08996_,4.88
_10784_,4.88
_11544_,4.88
_13238_,4.88
net636,4.88
_00599_,4.865
c_flat[144],4.85
c_flat[154],4.85
c_flat[167],4.85
c_flat[168],4.85
c_flat[214],4.85
c_flat[215],4.85
c_flat[246],4.85
c_flat[260],4.85
c_flat[290],4.85
c_flat[299],4.85
c_flat[305],4.85
c_flat[337],4.85
c_flat[347],4.85
c_flat[383],4.85
c_flat[385],4.85
c_flat[396],4.85
c_flat[417],4.85
c_flat[434],4.85
c_flat[440],4.85
c_flat[445],4.85
c_flat[446],4.85
c_flat[46],4.85
c_flat[65],4.85
_00361_,4.845
_00733_,4.845
_00750_,4.845
_00498_,4.82
_00716_,4.82
_01549_,4.82
_05090_,4.82
_05844_,4.82
_06812_,4.82
_06858_,4.82
_07162_,4.82
_07456_,4.82
_07591_,4.82
_08300_,4.82
_08718_,4.82
_09063_,4.82
_09219_,4.82
_09409_,4.82
_09465_,4.82
_10459_,4.82
_13138_,4.82
_00577_,4.8
_00678_,4.8
_00886_,4.8
_00957_,4.8
_01030_,4.8
_01342_,4.8
_01354_,4.8
_01942_,4.8
_02793_,4.8
_03504_,4.8
_03566_,4.8
_03630_,4.8
_03907_,4.8
_05172_,4.8
_05203_,4.8
_05232_,4.8
_05922_,4.8
_05999_,4.8
_07364_,4.8
_07782_,4.8
_08052_,4.8
_08151_,4.8
_08320_,4.8
_08519_,4.8
_08668_,4.8
_09241_,4.8
_11032_,4.8
_11519_,4.8
_11596_,4.8
_12058_,4.8
_12263_,4.8
_12374_,4.8
_12710_,4.8
_13235_,4.8
net584,4.8
net750,4.8
net762,4.8
net895,4.8
net932,4.8
_00911_,4.78
_02816_,4.78
_03881_,4.78
_07142_,4.78
_00587_,4.775
_00052_,4.76
_00256_,4.76
_00805_,4.76
_01113_,4.76
_01536_,4.76
_01786_,4.76
_02947_,4.76
_04509_,4.76
_05251_,4.76
_06366_,4.76
_06456_,4.76
_07893_,4.76
_09228_,4.76
_10042_,4.76
_11999_,4.76
_00677_,4.755
_00732_,4.725
_00141_,4.72
_00456_,4.72
_00500_,4.72
_00156_,4.7
_00355_,4.7
_00796_,4.7
_00908_,4.7
_01483_,4.7
_01528_,4.7
_02102_,4.7
_02161_,4.7
_03383_,4.7
_05200_,4.7
_05339_,4.7
_07770_,4.7
_08547_,4.7
_08623_,4.7
_11786_,4.7
_00167_,4.68
_02176_,4.68
_06611_,4.68
_07666_,4.68
_08550_,4.68
_08560_,4.68
_09096_,4.68
_11681_,4.68
_11830_,4.68
_12402_,4.68
_02634_,4.66
_04655_,4.66
_05541_,4.66
_07543_,4.66
_09217_,4.66
_00777_,4.625
_00098_,4.605
_00633_,4.605
_01314_,4.6
_02596_,4.6
_10617_,4.6
_10961_,4.6
_13097_,4.6
net630,4.6
net858,4.6
_00021_,4.585
_00465_,4.585
_00562_,4.585
_00799_,4.585
_00735_,4.58
_06676_,4.58
_07399_,4.58
_08544_,4.58
_12413_,4.58
net788,4.58
_01757_,4.57
_00302_,4.56
_02752_,4.56
_03273_,4.56
_10031_,4.56
_11026_,4.56
_11624_,4.56
_13006_,4.56
_13131_,4.56
_04968_,4.54
_00146_,4.5
_02130_,4.49
_04379_,4.49
_00202_,4.485
_12706_,4.485
_00158_,4.48
_00282_,4.48
_00328_,4.48
_00388_,4.48
_00991_,4.48
_02524_,4.48
_03418_,4.48
_04697_,4.48
_04750_,4.48
_05825_,4.48
_05971_,4.48
_06887_,4.48
_07550_,4.48
_08808_,4.48
_09117_,4.48
_10020_,4.48
net759,4.48
_00174_,4.465
_00109_,4.46
_00286_,4.46
_00403_,4.46
_00413_,4.46
_00627_,4.46
_00629_,4.46
_00646_,4.46
_00682_,4.46
_00772_,4.46
_00857_,4.46
_01103_,4.46
_01476_,4.46
_01898_,4.46
_02106_,4.46
_02223_,4.46
_02884_,4.46
_03132_,4.46
_03830_,4.46
_04752_,4.46
_05280_,4.46
_05941_,4.46
_06185_,4.46
_06227_,4.46
_06587_,4.46
_06944_,4.46
_07233_,4.46
_07273_,4.46
_07472_,4.46
_07730_,4.46
_07870_,4.46
_08885_,4.46
_09244_,4.46
_09430_,4.46
_10126_,4.46
_10989_,4.46
_11672_,4.46
_11706_,4.46
_12317_,4.46
_12585_,4.46
_12627_,4.46
net643,4.46
net691,4.46
net937,4.46
_00053_,4.45
_00162_,4.445
_00166_,4.445
_00367_,4.445
_00668_,4.44
_01479_,4.44
_03500_,4.44
_04543_,4.44
_04955_,4.44
_07613_,4.44
_09178_,4.44
_09937_,4.44
_09995_,4.44
skew_ctrl.a_sr\[10\]\[7\],4.44
_00558_,4.425
_01466_,4.42
_01996_,4.42
_02329_,4.42
_03523_,4.42
_03597_,4.42
_04349_,4.42
_04366_,4.42
_05095_,4.42
_05543_,4.42
_05604_,4.42
_07266_,4.42
_07602_,4.42
_08106_,4.42
_08304_,4.42
_09620_,4.42
_10233_,4.42
_10364_,4.42
_10408_,4.42
_10594_,4.42
_10680_,4.42
_10692_,4.42
_10739_,4.42
_11212_,4.42
_11630_,4.42
_12926_,4.42
_10037_,4.41
_00324_,4.405
_00391_,4.405
_08909_,4.39
c_flat[110],4.39
c_flat[123],4.39
c_flat[234],4.39
c_flat[249],4.39
c_flat[390],4.39
c_flat[511],4.39
c_flat[60],4.39
c_flat[89],4.39
_00261_,4.385
_06102_,4.385
_08648_,4.37
_00208_,4.36
_01513_,4.36
_02263_,4.36
_03754_,4.36
_08770_,4.36
_09652_,4.36
_11250_,4.36
_11650_,4.36
_11987_,4.36
_00015_,4.34
_00128_,4.34
_00317_,4.34
_00437_,4.34
_00584_,4.34
_00722_,4.34
_00815_,4.34
_01462_,4.34
_01530_,4.34
_01774_,4.34
_02676_,4.34
_03036_,4.34
_03413_,4.34
_03968_,4.34
_03969_,4.34
_03989_,4.34
_04318_,4.34
_04340_,4.34
_04891_,4.34
_05736_,4.34
_06121_,4.34
_06223_,4.34
_06564_,4.34
_06574_,4.34
_07125_,4.34
_07401_,4.34
_07482_,4.34
_07651_,4.34
_08296_,4.34
_08675_,4.34
_08968_,4.34
_09498_,4.34
_09708_,4.34
_09965_,4.34
_10165_,4.34
_10626_,4.34
_10805_,4.34
_11157_,4.34
_11560_,4.34
_11643_,4.34
_11787_,4.34
_12314_,4.34
_12915_,4.34
net586,4.34
net848,4.34
_00489_,4.325
_00002_,4.32
_04840_,4.32
_06816_,4.32
_08768_,4.32
_10095_,4.32
c_flat[219],4.27
c_flat[44],4.27
_00404_,4.26
_01123_,4.245
_00255_,4.24
_00492_,4.24
_01721_,4.24
_02292_,4.24
_02882_,4.24
_03087_,4.24
_05494_,4.24
_11265_,4.24
_11497_,4.24
_11541_,4.24
_00379_,4.22
_01299_,4.22
_01648_,4.22
_02883_,4.22
_02927_,4.22
_03092_,4.22
_03098_,4.22
_05642_,4.22
_06726_,4.22
_09362_,4.22
_10064_,4.22
_10513_,4.22
_11007_,4.22
_12081_,4.22
_13031_,4.22
_02718_,4.2
_05164_,4.2
_07285_,4.2
_08572_,4.2
_10021_,4.2
_10683_,4.2
_06562_,4.19
_00720_,4.165
_03719_,4.15
_00666_,4.145
_01230_,4.14
_01504_,4.14
_03762_,4.14
_05709_,4.14
_06682_,4.14
_06869_,4.14
_07907_,4.14
_10418_,4.14
_12863_,4.14
_13157_,4.14
net796,4.14
_03055_,4.12
_07972_,4.11
_01653_,4.1
_04808_,4.1
_05266_,4.1
_05436_,4.1
_06174_,4.1
_09158_,4.1
_09282_,4.1
_09349_,4.1
_09953_,4.1
net870,4.1
_05365_,4.08
_08379_,4.08
_05437_,4.065
_03142_,4.05
_00402_,4.02
_01383_,4.02
_01655_,4.02
_03326_,4.02
_03425_,4.02
_03848_,4.02
_03867_,4.02
_04870_,4.02
_05438_,4.02
_05892_,4.02
_06125_,4.02
_07484_,4.02
_07485_,4.02
_08125_,4.02
_08265_,4.02
_09028_,4.02
_10511_,4.02
_10715_,4.02
_10818_,4.02
_11310_,4.02
_11317_,4.02
_11989_,4.02
_12441_,4.02
_12529_,4.02
_12773_,4.02
net884,4.02
net889,4.02
_02912_,4.01
_00069_,4
_00099_,4
_00105_,4
_00407_,4
_00440_,4
_00442_,4
_00630_,4
_00669_,4
_00675_,4
_00719_,4
_00723_,4
_00728_,4
_01111_,4
_01425_,4
_01820_,4
_01857_,4
_02063_,4
_02448_,4
_02589_,4
_02782_,4
_03039_,4
_03102_,4
_03605_,4
_03886_,4
_04003_,4
_04696_,4
_04740_,4
_04805_,4
_04885_,4
_05320_,4
_05496_,4
_05723_,4
_07513_,4
_08377_,4
_08459_,4
_09567_,4
_10147_,4
_10249_,4
_11040_,4
_11510_,4
_11651_,4
_12271_,4
_12346_,4
_12457_,4
_12583_,4
_12955_,4
pe_row\[3\].pe_col\[0\].pe_inst.a_out\[6\],4
net649,4
net661,4
net710,4
_00431_,3.98
_01396_,3.98
_02245_,3.98
_06196_,3.98
_10819_,3.98
_09922_,3.97
_00540_,3.965
_00685_,3.965
_00706_,3.965
_00544_,3.925
_00581_,3.925
_00421_,3.91
_11783_,3.91
_00012_,3.9
_00113_,3.9
_00381_,3.9
_00621_,3.9
_00634_,3.9
_01063_,3.9
_01172_,3.9
_01451_,3.9
_01485_,3.9
_01818_,3.9
_03697_,3.9
_04337_,3.9
_05126_,3.9
_05130_,3.9
_06788_,3.9
_07252_,3.9
_08834_,3.9
_10072_,3.9
_12687_,3.9
_00127_,3.88
_00136_,3.88
_00781_,3.88
_00956_,3.88
_01232_,3.88
_01496_,3.88
_01529_,3.88
_01882_,3.88
_02184_,3.88
_02216_,3.88
_02443_,3.88
_02635_,3.88
_02948_,3.88
_02976_,3.88
_03015_,3.88
_03171_,3.88
_04117_,3.88
_04889_,3.88
_05317_,3.88
_05414_,3.88
_06238_,3.88
_06802_,3.88
_06880_,3.88
_07594_,3.88
_07778_,3.88
_07966_,3.88
_08246_,3.88
_08319_,3.88
_08531_,3.88
_08937_,3.88
_09033_,3.88
_09111_,3.88
_09280_,3.88
_10128_,3.88
_10298_,3.88
_10622_,3.88
_10842_,3.88
_10971_,3.88
_11028_,3.88
_11144_,3.88
_11213_,3.88
_11225_,3.88
_11828_,3.88
_11983_,3.88
_12040_,3.88
_12669_,3.88
_00031_,3.87
_00466_,3.87
_00297_,3.865
_00263_,3.86
_01477_,3.86
_10300_,3.86
_12349_,3.86
_00461_,3.805
_00504_,3.805
_00055_,3.78
_00615_,3.78
_00740_,3.78
_00800_,3.78
_03332_,3.78
_04546_,3.78
_06296_,3.78
_06482_,3.78
_07872_,3.78
_09214_,3.78
_09354_,3.78
_10419_,3.78
_10681_,3.78
_03265_,3.76
_03936_,3.76
_06849_,3.76
_06877_,3.76
_10120_,3.76
_10548_,3.76
_11299_,3.76
_11363_,3.76
_11602_,3.76
_02709_,3.74
_05645_,3.72
_00352_,3.705
_00521_,3.705
_00625_,3.705
_04351_,3.69
_00454_,3.68
_00764_,3.68
_01439_,3.68
_04602_,3.68
_10045_,3.68
_12647_,3.68
net783,3.68
net821,3.68
net837,3.68
net900,3.68
_00422_,3.675
_11404_,3.67
_00671_,3.66
_06821_,3.66
_13068_,3.66
_02046_,3.64
_08485_,3.64
_08588_,3.64
_09316_,3.64
_10738_,3.64
_10873_,3.64
_10877_,3.64
_12769_,3.64
_00309_,3.625
_10991_,3.62
_01901_,3.6
_03038_,3.57
_10881_,3.57
_12688_,3.57
_00186_,3.56
_00380_,3.56
_00817_,3.56
_02953_,3.56
_02974_,3.56
_03849_,3.56
_03850_,3.56
_04689_,3.56
_05297_,3.56
_05311_,3.56
_05442_,3.56
_05898_,3.56
_06152_,3.56
_06321_,3.56
_06362_,3.56
_06728_,3.56
_07624_,3.56
_07753_,3.56
_08154_,3.56
_08520_,3.56
_09932_,3.56
_10102_,3.56
_10791_,3.56
_11027_,3.56
_11134_,3.56
_12653_,3.56
_11529_,3.55
_00051_,3.54
_00063_,3.54
_00100_,3.54
_00108_,3.54
_00161_,3.54
_00205_,3.54
_00289_,3.54
_00330_,3.54
_00335_,3.54
_00372_,3.54
_00408_,3.54
_00569_,3.54
_00758_,3.54
_01012_,3.54
_01323_,3.54
_01654_,3.54
_01809_,3.54
_02070_,3.54
_02136_,3.54
_02284_,3.54
_02431_,3.54
_02783_,3.54
_02977_,3.54
_03974_,3.54
_04439_,3.54
_06925_,3.54
_07316_,3.54
_07618_,3.54
_07755_,3.54
_08136_,3.54
_08659_,3.54
_09172_,3.54
_09257_,3.54
_10047_,3.54
_10868_,3.54
_10919_,3.54
_11158_,3.54
_11753_,3.54
_11845_,3.54
_11894_,3.54
_12010_,3.54
_12051_,3.54
_12075_,3.54
_12099_,3.54
_12613_,3.54
_12852_,3.54
_13035_,3.54
skew_ctrl.a_sr\[6\]\[4\],3.54
skew_ctrl.a_sr\[9\]\[6\],3.54
skew_ctrl.b_sr\[6\]\[6\],3.54
net641,3.54
net653,3.54
net905,3.54
_00739_,3.52
_00755_,3.52
_01822_,3.52
_03795_,3.52
_07405_,3.52
_08194_,3.52
_10620_,3.52
_12253_,3.52
_00458_,3.515
_00715_,3.51
_09716_,3.51
_11434_,3.51
_13134_,3.51
_00095_,3.505
_00726_,3.505
_00323_,3.485
_00009_,3.465
_00144_,3.465
_00193_,3.465
_05265_,3.45
_00350_,3.44
_03176_,3.44
_03215_,3.44
_03823_,3.44
_06348_,3.44
_06477_,3.44
_07665_,3.44
_08084_,3.44
_12391_,3.44
_12644_,3.44
net800,3.44
net909,3.44
_05351_,3.43
_00048_,3.42
_00142_,3.42
_00349_,3.42
_00401_,3.42
_00692_,3.42
_00742_,3.42
_01844_,3.42
_01990_,3.42
_02758_,3.42
_03025_,3.42
_03029_,3.42
_03217_,3.42
_03423_,3.42
_03854_,3.42
_04042_,3.42
_04503_,3.42
_04608_,3.42
_04742_,3.42
_06094_,3.42
_07068_,3.42
_07203_,3.42
_09099_,3.42
_09273_,3.42
_09329_,3.42
_09470_,3.42
_10068_,3.42
_10319_,3.42
_10576_,3.42
_10724_,3.42
_12210_,3.42
_12221_,3.42
_13188_,3.42
_02824_,3.41
_00018_,3.405
_00054_,3.405
_00496_,3.405
_00111_,3.4
_10435_,3.4
_00280_,3.395
_10893_,3.38
_00307_,3.375
_00124_,3.355
_00215_,3.345
_00507_,3.32
_00590_,3.32
_02788_,3.32
_03503_,3.32
_03828_,3.32
_04582_,3.32
_05022_,3.32
_06208_,3.32
_06483_,3.32
_08045_,3.32
_08577_,3.32
_08681_,3.32
_10910_,3.32
_01557_,3.3
_02285_,3.3
_02879_,3.3
_05325_,3.3
_12929_,3.295
_00073_,3.245
_00120_,3.245
_00223_,3.245
_00224_,3.245
_00356_,3.245
_00390_,3.245
_00482_,3.245
_00753_,3.245
_00163_,3.225
_00251_,3.225
_00773_,3.22
_01502_,3.22
_02369_,3.22
_02551_,3.22
_04185_,3.22
_04459_,3.22
_05034_,3.22
_05976_,3.22
_06205_,3.22
_06290_,3.22
_06412_,3.22
_07662_,3.22
_07833_,3.22
_07963_,3.22
_09619_,3.22
_10914_,3.22
_11403_,3.22
_11613_,3.22
_12698_,3.22
_13111_,3.22
_07254_,3.2
_07785_,3.2
_08713_,3.2
_01365_,3.18
_03048_,3.18
_08180_,3.18
_09351_,3.18
_10073_,3.18
_12648_,3.18
_13065_,3.18
_11553_,3.16
_00006_,3.145
_00077_,3.125
_00514_,3.125
_00327_,3.1
_00819_,3.1
_00994_,3.1
_01321_,3.1
_04473_,3.1
_04539_,3.1
_04739_,3.1
_05103_,3.1
_05279_,3.1
_05323_,3.1
_05353_,3.1
_05808_,3.1
_06068_,3.1
_08167_,3.1
_10583_,3.1
_11396_,3.1
skew_ctrl.a_sr\[10\]\[0\],3.1
_04614_,3.09
_07480_,3.09
_00117_,3.08
_00157_,3.08
_00386_,3.08
_00412_,3.08
_00430_,3.08
_00573_,3.08
_00580_,3.08
_00845_,3.08
_01267_,3.08
_01291_,3.08
_01309_,3.08
_01452_,3.08
_01470_,3.08
_01773_,3.08
_01908_,3.08
_01911_,3.08
_02122_,3.08
_02365_,3.08
_02685_,3.08
_02696_,3.08
_03157_,3.08
_03443_,3.08
_03705_,3.08
_03744_,3.08
_03857_,3.08
_03895_,3.08
_03972_,3.08
_04031_,3.08
_04177_,3.08
_04766_,3.08
_05175_,3.08
_05211_,3.08
_05354_,3.08
_05367_,3.08
_06055_,3.08
_06275_,3.08
_06349_,3.08
_06523_,3.08
_06561_,3.08
_06729_,3.08
_06738_,3.08
_06854_,3.08
_07525_,3.08
_07567_,3.08
_08087_,3.08
_08581_,3.08
_08704_,3.08
_09348_,3.08
_09622_,3.08
_09695_,3.08
_09798_,3.08
_09920_,3.08
_11572_,3.08
_11751_,3.08
_11754_,3.08
_11796_,3.08
_12009_,3.08
_12072_,3.08
_12465_,3.08
_12907_,3.08
_13056_,3.08
_13113_,3.08
skew_ctrl.b_sr\[10\]\[5\],3.08
skew_ctrl.b_sr\[6\]\[1\],3.08
net626,3.08
net793,3.08
net812,3.08
net859,3.08
net860,3.08
_00005_,3.06
_00979_,3.06
_01376_,3.06
_02016_,3.06
_04600_,3.06
_04657_,3.06
_06567_,3.06
_12839_,3.06
_00613_,3.045
_00665_,3.045
_06072_,3.03
_00197_,3.005
_00221_,3.005
_00652_,3.005
_00727_,2.98
_00751_,2.98
_01487_,2.98
_01520_,2.98
_01941_,2.98
_02272_,2.98
_02600_,2.98
_04017_,2.98
_04356_,2.98
_04890_,2.98
_06079_,2.98
_07001_,2.98
_07422_,2.98
_08088_,2.98
_09712_,2.98
_10132_,2.98
_10215_,2.98
_10420_,2.98
_10530_,2.98
_11689_,2.98
_13088_,2.98
net745,2.98
_05412_,2.97
_00638_,2.96
_00907_,2.96
_00945_,2.96
_01519_,2.96
_02364_,2.96
_03174_,2.96
_03429_,2.96
_04029_,2.96
_04844_,2.96
_05008_,2.96
_05026_,2.96
_05064_,2.96
_05677_,2.96
_06211_,2.96
_06474_,2.96
_06941_,2.96
_07453_,2.96
_07592_,2.96
_08196_,2.96
_08507_,2.96
_08777_,2.96
_09305_,2.96
_10034_,2.96
_10080_,2.96
_10402_,2.96
_10809_,2.96
_10830_,2.96
_10833_,2.96
_11217_,2.96
_11695_,2.96
_12030_,2.96
_12248_,2.96
_12925_,2.96
net640,2.96
_00040_,2.945
_00143_,2.945
_00392_,2.945
_03829_,2.94
_00283_,2.915
_00058_,2.885
_00340_,2.88
_00239_,2.86
_00439_,2.86
_01372_,2.86
_01821_,2.86
_02274_,2.86
_02319_,2.86
_03852_,2.86
_06305_,2.86
_07100_,2.86
_07259_,2.86
_09868_,2.86
_10264_,2.86
_11900_,2.86
_00331_,2.84
_00616_,2.84
_04605_,2.84
_05605_,2.84
_06035_,2.84
_08360_,2.84
_09078_,2.84
_09307_,2.84
_09982_,2.84
_00187_,2.835
_00008_,2.785
_00010_,2.785
_00106_,2.785
_00178_,2.785
_00242_,2.785
_00315_,2.785
_00420_,2.785
_00617_,2.785
_00680_,2.785
_00184_,2.76
_00288_,2.76
_00400_,2.76
_01909_,2.76
_03032_,2.76
_04607_,2.76
_06648_,2.76
_06820_,2.76
_06951_,2.76
_10159_,2.76
_10344_,2.76
_11228_,2.76
net822,2.76
_09235_,2.74
_03642_,2.72
_04552_,2.72
_06905_,2.72
_07352_,2.72
_00025_,2.715
_00364_,2.715
_00583_,2.715
_00622_,2.715
_00667_,2.715
_00672_,2.715
_12256_,2.68
_00484_,2.665
_09124_,2.65
_00003_,2.64
_00247_,2.64
_00895_,2.64
_01033_,2.64
_01446_,2.64
_01621_,2.64
_01700_,2.64
_02048_,2.64
_02655_,2.64
_02780_,2.64
_03017_,2.64
_03420_,2.64
_03501_,2.64
_03632_,2.64
_04019_,2.64
_04691_,2.64
_04807_,2.64
_05772_,2.64
_06189_,2.64
_06775_,2.64
_07326_,2.64
_07960_,2.64
_10238_,2.64
_10345_,2.64
_10726_,2.64
_12316_,2.64
_12904_,2.64
_13118_,2.64
_13151_,2.64
net784,2.64
net804,2.64
_00022_,2.62
_00061_,2.62
_00070_,2.62
_00097_,2.62
_00140_,2.62
_00192_,2.62
_00200_,2.62
_00213_,2.62
_00241_,2.62
_00243_,2.62
_00291_,2.62
_00292_,2.62
_00344_,2.62
_00348_,2.62
_00375_,2.62
_00418_,2.62
_00453_,2.62
_00471_,2.62
_00628_,2.62
_00632_,2.62
_00674_,2.62
_00695_,2.62
_00721_,2.62
_00763_,2.62
_00776_,2.62
_01017_,2.62
_01137_,2.62
_01292_,2.62
_01312_,2.62
_01478_,2.62
_02840_,2.62
_02910_,2.62
_02930_,2.62
_02951_,2.62
_03008_,2.62
_03013_,2.62
_03512_,2.62
_03675_,2.62
_04098_,2.62
_04521_,2.62
_04530_,2.62
_04705_,2.62
_04961_,2.62
_05166_,2.62
_06150_,2.62
_07028_,2.62
_07059_,2.62
_07418_,2.62
_07690_,2.62
_07906_,2.62
_08390_,2.62
_08497_,2.62
_08505_,2.62
_08666_,2.62
_09266_,2.62
_09279_,2.62
_09468_,2.62
_10083_,2.62
_10661_,2.62
_10839_,2.62
_10850_,2.62
_10984_,2.62
_11237_,2.62
_11312_,2.62
_12293_,2.62
_12528_,2.62
_12643_,2.62
_12924_,2.62
skew_ctrl.a_sr\[6\]\[6\],2.62
skew_ctrl.b_sr\[9\]\[4\],2.62
net654,2.62
net763,2.62
net814,2.62
_00188_,2.605
_00207_,2.59
_00670_,2.59
_01812_,2.59
_00258_,2.585
_00709_,2.585
_00119_,2.545
_00147_,2.545
_00169_,2.545
_00222_,2.545
_00505_,2.545
_00602_,2.545
_00000_,2.54
_05304_,2.54
_12408_,2.54
_07055_,2.53
_01116_,2.52
_01157_,2.52
_02090_,2.52
_04717_,2.52
_06879_,2.52
_06961_,2.52
_09365_,2.52
_09867_,2.52
_10112_,2.52
_10204_,2.52
_10718_,2.52
_12379_,2.52
_12389_,2.52
_13079_,2.52
_00056_,2.5
_00102_,2.5
_00336_,2.5
_00766_,2.5
_00844_,2.5
_00975_,2.5
_01066_,2.5
_01167_,2.5
_01280_,2.5
_01460_,2.5
_01739_,2.5
_01758_,2.5
_03059_,2.5
_03137_,2.5
_03175_,2.5
_03319_,2.5
_03461_,2.5
_03615_,2.5
_03685_,2.5
_03975_,2.5
_04101_,2.5
_04784_,2.5
_04910_,2.5
_05360_,2.5
_05698_,2.5
_06718_,2.5
_07409_,2.5
_07559_,2.5
_07707_,2.5
_09185_,2.5
_09306_,2.5
_09630_,2.5
_09632_,2.5
_09843_,2.5
_10357_,2.5
_10391_,2.5
_10515_,2.5
_10689_,2.5
_11311_,2.5
_11747_,2.5
_12394_,2.5
_12419_,2.5
_12475_,2.5
_12586_,2.5
_13186_,2.5
net665,2.5
_07991_,2.41
_05176_,2.4
_06207_,2.4
_07421_,2.4
_07747_,2.4
_08141_,2.4
_09952_,2.4
_02963_,2.38
_08128_,2.38
_10163_,2.38
_00748_,2.375
_00267_,2.325
_00448_,2.325
_00462_,2.325
_02716_,2.3
_06565_,2.3
_06886_,2.3
_07498_,2.3
_07656_,2.3
_07713_,2.3
_07758_,2.3
_08310_,2.3
_08568_,2.3
_09343_,2.3
_09933_,2.3
_11449_,2.3
_11496_,2.3
_11640_,2.3
_13091_,2.3
_05071_,2.28
_06723_,2.28
_00574_,2.255
_04344_,2.21
_00452_,2.205
_02891_,2.19
_11188_,2.19
_03416_,2.185
_00300_,2.18
_01988_,2.18
_02220_,2.18
_02785_,2.18
_02935_,2.18
_04367_,2.18
_04507_,2.18
_04654_,2.18
_05133_,2.18
_06359_,2.18
_07644_,2.18
_08561_,2.18
_08582_,2.18
_09209_,2.18
_09705_,2.18
_10145_,2.18
_10987_,2.18
_12180_,2.18
_12345_,2.18
net844,2.165
_00004_,2.16
_00059_,2.16
_00072_,2.16
_00104_,2.16
_00121_,2.16
_00125_,2.16
_00198_,2.16
_00238_,2.16
_00248_,2.16
_00306_,2.16
_00325_,2.16
_00326_,2.16
_00429_,2.16
_00446_,2.16
_00470_,2.16
_00575_,2.16
_00579_,2.16
_00673_,2.16
_00891_,2.16
_00971_,2.16
_01253_,2.16
_01279_,2.16
_01427_,2.16
_01442_,2.16
_01493_,2.16
_01761_,2.16
_02229_,2.16
_02495_,2.16
_02547_,2.16
_02865_,2.16
_03111_,2.16
_03275_,2.16
_03328_,2.16
_03753_,2.16
_05361_,2.16
_05497_,2.16
_06008_,2.16
_06064_,2.16
_06119_,2.16
_06325_,2.16
_06853_,2.16
_06957_,2.16
_07648_,2.16
_08054_,2.16
_08348_,2.16
_08365_,2.16
_08522_,2.16
_08936_,2.16
_09215_,2.16
_09655_,2.16
_09822_,2.16
_10098_,2.16
_10210_,2.16
_10458_,2.16
_10655_,2.16
_11181_,2.16
_11232_,2.16
_11249_,2.16
_12294_,2.16
_12329_,2.16
_12432_,2.16
_12608_,2.16
_12729_,2.16
_13043_,2.16
_13049_,2.16
_13179_,2.16
skew_ctrl.a_sr\[10\]\[5\],2.16
skew_ctrl.a_sr\[6\]\[7\],2.16
skew_ctrl.b_sr\[10\]\[3\],2.16
skew_ctrl.b_sr\[10\]\[7\],2.16
skew_ctrl.b_sr\[9\]\[3\],2.16
net587,2.16
net620,2.16
_00768_,2.125
_10392_,2.09
_00180_,2.085
_00397_,2.085
_00451_,2.085
_00618_,2.085
_00713_,2.085
_00738_,2.085
_01450_,2.06
_01463_,2.06
_01468_,2.06
_01579_,2.06
_01802_,2.06
_05326_,2.06
_07018_,2.06
_08575_,2.06
_08587_,2.06
_09715_,2.06
_11772_,2.06
_12428_,2.06
_12977_,2.06
net622,2.06
net923,2.06
_00809_,2.055
_00572_,2.04
_00585_,2.04
_00623_,2.04
_02877_,2.04
_02955_,2.04
_03047_,2.04
_03262_,2.04
_03661_,2.04
_05301_,2.04
_05321_,2.04
_06541_,2.04
_06986_,2.04
_07873_,2.04
_07894_,2.04
_08227_,2.04
_08281_,2.04
_09987_,2.04
_09990_,2.04
_10023_,2.04
_11226_,2.04
_11597_,2.04
_12604_,2.04
_13240_,2.04
net625,2.04
_11981_,1.95
_00366_,1.945
_03560_,1.94
_03942_,1.94
_04061_,1.94
_06573_,1.94
_13103_,1.94
_00396_,1.92
_00190_,1.915
_10544_,1.915
_00269_,1.865
_00285_,1.865
_00389_,1.865
_00765_,1.865
_00761_,1.84
_03307_,1.84
_03491_,1.84
_05158_,1.84
_05347_,1.84
_05394_,1.84
_06857_,1.84
_09985_,1.84
_09988_,1.84
_10151_,1.84
_10757_,1.84
_11657_,1.84
_12310_,1.84
_12850_,1.84
_02429_,1.82
_03170_,1.82
_04332_,1.82
_05344_,1.82
_12156_,1.82
_00387_,1.73
_01402_,1.72
_01426_,1.72
_01445_,1.72
_01542_,1.72
_01716_,1.72
_03022_,1.72
_03649_,1.72
_05150_,1.72
_05755_,1.72
_06052_,1.72
_07123_,1.72
_09333_,1.72
_09502_,1.72
_10649_,1.72
_12531_,1.72
_12918_,1.72
net632,1.72
net646,1.72
net657,1.72
net659,1.72
_00026_,1.7
_00145_,1.7
_00240_,1.7
_00304_,1.7
_00329_,1.7
_00411_,1.7
_00469_,1.7
_00624_,1.7
_00644_,1.7
_01247_,1.7
_01405_,1.7
_03505_,1.7
_03635_,1.7
_05737_,1.7
_05991_,1.7
_06160_,1.7
_06491_,1.7
_06861_,1.7
_07682_,1.7
_08029_,1.7
_08912_,1.7
_09222_,1.7
_09611_,1.7
_09656_,1.7
_09741_,1.7
_09959_,1.7
_10333_,1.7
_10685_,1.7
_10803_,1.7
_12403_,1.7
_12803_,1.7
_12818_,1.7
_12824_,1.7
_12963_,1.7
_12968_,1.7
_13055_,1.7
_13234_,1.7
_00149_,1.685
_00232_,1.685
_10896_,1.61
_02632_,1.6
_09954_,1.6
skew_ctrl.b_sr\[6\]\[2\],1.6
_00417_,1.575
_12708_,1.54
_02792_,1.48
_03818_,1.48
_04581_,1.48
_06167_,1.48
_08911_,1.48
_10136_,1.48
_11309_,1.48
_11733_,1.48
_00435_,1.46
_00220_,1.405
_00542_,1.405
_00724_,1.405
_00924_,1.38
_01420_,1.38
_04594_,1.38
_05058_,1.38
_05336_,1.38
_05701_,1.38
_06178_,1.38
_07003_,1.38
_07595_,1.38
_08339_,1.38
_08397_,1.38
_08554_,1.38
_09131_,1.38
_09143_,1.38
_09935_,1.38
_11135_,1.38
_11831_,1.38
_12493_,1.38
_13210_,1.38
net637,1.38
net648,1.38
net651,1.38
net660,1.38
_02906_,1.36
_03417_,1.36
_00893_,1.26
_01032_,1.26
_01374_,1.26
_02398_,1.26
_03800_,1.26
_03976_,1.26
_04656_,1.26
_06046_,1.26
_06328_,1.26
_06396_,1.26
_06484_,1.26
_06665_,1.26
_07257_,1.26
_08074_,1.26
_08333_,1.26
_08464_,1.26
_08489_,1.26
_09555_,1.26
_09667_,1.26
_11029_,1.26
skew_ctrl.b_sr\[10\]\[4\],1.26
_06414_,1.22
_09842_,1.16
_01435_,1.14
_03579_,1.14
_11518_,1.14
_13229_,1.14
_06054_,1.02
_06415_,1.02
_06998_,1.02
_09501_,1.02
_01334_,0.92
_02199_,0.92
_02482_,0.92
_02748_,0.92
_03211_,0.92
_05099_,0.92
_05131_,0.92
_08454_,0.92
_08545_,0.92
_10621_,0.92
_11675_,0.92
_12728_,0.92
_12964_,0.92
net770,0.92
net835,0.92
_05168_,0.905
_01295_,0.8
_01981_,0.8
_09872_,0.8
_12145_,0.8
_13073_,0.8
skew_ctrl.a_sr\[10\]\[1\],0.8
skew_ctrl.a_sr\[6\]\[5\],0.8
skew_ctrl.a_sr\[9\]\[2\],0.8
skew_ctrl.a_sr\[9\]\[5\],0.8
skew_ctrl.a_sr\[9\]\[7\],0.8
skew_ctrl.b_sr\[10\]\[6\],0.8
skew_ctrl.b_sr\[6\]\[3\],0.8
skew_ctrl.b_sr\[6\]\[5\],0.8
_01183_,0.46
_02876_,0.46
_03720_,0.46
_04520_,0.46
_04603_,0.46
_06144_,0.46
_07548_,0.46
_08578_,0.46
_10260_,0.46
_10874_,0.46
_12326_,0.46
net664,0.46
net698,0.46
net712,0.46
net724,0.46
net732,0.46
net778,0.46
net826,0.46
net834,0.46
net846,0.46
net893,0.46
net897,0.46
