
===========================================================================
report_checks -unconstrained
===========================================================================
======================= Typical Corner ===================================

Startpoint: en (input port clocked by clk)
Endpoint: _27114_ (rising edge-triggered flip-flop clocked by clk)
Path Group: clk
Path Type: max

Fanout     Cap    Slew   Delay    Time   Description
-----------------------------------------------------------------------------
                  0.15    0.00    0.00   clock clk (rise edge)
                          0.00    0.00   clock network delay (ideal)
                          2.00    2.00 ^ input external delay
                  0.02    0.01    2.01 ^ en (in)
     1    0.00                           en (net)
                  0.02    0.00    2.01 ^ input65/A (sky130_fd_sc_hd__buf_2)
                  0.16    0.18    2.19 ^ input65/X (sky130_fd_sc_hd__buf_2)
     3    0.03                           net65 (net)
                  0.16    0.01    2.20 ^ _13258_/A (sky130_fd_sc_hd__buf_1)
                  0.18    0.21    2.41 ^ _13258_/X (sky130_fd_sc_hd__buf_1)
     6    0.01                           _05369_ (net)
                  0.18    0.00    2.41 ^ _13259_/A (sky130_fd_sc_hd__buf_1)
                  0.18    0.22    2.63 ^ _13259_/X (sky130_fd_sc_hd__buf_1)
     6    0.01                           _05370_ (net)
                  0.18    0.00    2.63 ^ _13260_/A (sky130_fd_sc_hd__buf_2)
                  0.13    0.23    2.86 ^ _13260_/X (sky130_fd_sc_hd__buf_2)
     6    0.03                           _05371_ (net)
                  0.13    0.00    2.86 ^ _22921_/A (sky130_fd_sc_hd__nand3_2)
                  0.11    0.13    2.99 v _22921_/Y (sky130_fd_sc_hd__nand3_2)
     2    0.01                           _01997_ (net)
                  0.11    0.00    2.99 v _22922_/B1 (sky130_fd_sc_hd__o2bb2ai_4)
                  0.21    0.26    3.25 ^ _22922_/Y (sky130_fd_sc_hd__o2bb2ai_4)
     5    0.03                           _01998_ (net)
                  0.21    0.00    3.25 ^ _22924_/C1 (sky130_fd_sc_hd__o211ai_1)
                  0.10    0.15    3.40 v _22924_/Y (sky130_fd_sc_hd__o211ai_1)
     1    0.01                           _02000_ (net)
                  0.10    0.00    3.40 v _22930_/A (sky130_fd_sc_hd__nand2_2)
                  0.13    0.15    3.55 ^ _22930_/Y (sky130_fd_sc_hd__nand2_2)
     3    0.02                           _02006_ (net)
                  0.13    0.00    3.55 ^ _22984_/B (sky130_fd_sc_hd__nand4_4)
                  0.14    0.17    3.71 v _22984_/Y (sky130_fd_sc_hd__nand4_4)
     6    0.03                           _02059_ (net)
                  0.14    0.00    3.71 v _22994_/A1 (sky130_fd_sc_hd__a21oi_1)
                  0.24    0.27    3.98 ^ _22994_/Y (sky130_fd_sc_hd__a21oi_1)
     1    0.01                           _02069_ (net)
                  0.24    0.00    3.98 ^ _22996_/B1 (sky130_fd_sc_hd__o221ai_4)
                  0.15    0.21    4.20 v _22996_/Y (sky130_fd_sc_hd__o221ai_4)
     6    0.03                           _02071_ (net)
                  0.15    0.00    4.20 v _23064_/B1 (sky130_fd_sc_hd__o21ai_1)
                  0.21    0.18    4.38 ^ _23064_/Y (sky130_fd_sc_hd__o21ai_1)
     1    0.01                           _02138_ (net)
                  0.21    0.00    4.38 ^ _23065_/B1 (sky130_fd_sc_hd__a22oi_4)
                  0.08    0.09    4.47 v _23065_/Y (sky130_fd_sc_hd__a22oi_4)
     2    0.01                           _02139_ (net)
                  0.08    0.00    4.47 v _23073_/A1 (sky130_fd_sc_hd__a21oi_4)
                  0.25    0.26    4.73 ^ _23073_/Y (sky130_fd_sc_hd__a21oi_4)
     5    0.03                           _02147_ (net)
                  0.25    0.00    4.73 ^ _23102_/A (sky130_fd_sc_hd__nand3_1)
                  0.09    0.12    4.85 v _23102_/Y (sky130_fd_sc_hd__nand3_1)
     1    0.00                           _02175_ (net)
                  0.09    0.00    4.85 v _23103_/B1 (sky130_fd_sc_hd__a21oi_1)
                  0.11    0.13    4.99 ^ _23103_/Y (sky130_fd_sc_hd__a21oi_1)
     1    0.00                           _02176_ (net)
                  0.11    0.00    4.99 ^ _23104_/C (sky130_fd_sc_hd__nand3_1)
                  0.13    0.15    5.13 v _23104_/Y (sky130_fd_sc_hd__nand3_1)
     3    0.01                           _02177_ (net)
                  0.13    0.00    5.13 v _23107_/B1 (sky130_fd_sc_hd__a22o_1)
                  0.08    0.27    5.40 v _23107_/X (sky130_fd_sc_hd__a22o_1)
     3    0.01                           _02180_ (net)
                  0.08    0.00    5.40 v _23137_/C1 (sky130_fd_sc_hd__o211ai_2)
                  0.16    0.09    5.49 ^ _23137_/Y (sky130_fd_sc_hd__o211ai_2)
     3    0.01                           _02209_ (net)
                  0.16    0.00    5.49 ^ _23138_/A2 (sky130_fd_sc_hd__a21oi_1)
                  0.09    0.12    5.62 v _23138_/Y (sky130_fd_sc_hd__a21oi_1)
     3    0.01                           _02210_ (net)
                  0.09    0.00    5.62 v _23140_/A (sky130_fd_sc_hd__nor2_1)
                  0.23    0.24    5.85 ^ _23140_/Y (sky130_fd_sc_hd__nor2_1)
     2    0.01                           _02212_ (net)
                  0.23    0.00    5.85 ^ _23159_/A1 (sky130_fd_sc_hd__a41oi_4)
                  0.14    0.18    6.04 v _23159_/Y (sky130_fd_sc_hd__a41oi_4)
     4    0.02                           _02230_ (net)
                  0.14    0.00    6.04 v _23177_/B2 (sky130_fd_sc_hd__o2bb2ai_4)
                  0.18    0.23    6.26 ^ _23177_/Y (sky130_fd_sc_hd__o2bb2ai_4)
     6    0.02                           _02246_ (net)
                  0.18    0.00    6.27 ^ _23186_/A (sky130_fd_sc_hd__clkbuf_2)
                  0.11    0.20    6.47 ^ _23186_/X (sky130_fd_sc_hd__clkbuf_2)
     6    0.02                           _02253_ (net)
                  0.11    0.00    6.47 ^ _23234_/A (sky130_fd_sc_hd__nand4_1)
                  0.12    0.13    6.60 v _23234_/Y (sky130_fd_sc_hd__nand4_1)
     3    0.01                           _02289_ (net)
                  0.12    0.00    6.60 v _23235_/C (sky130_fd_sc_hd__and3_1)
                  0.04    0.22    6.82 v _23235_/X (sky130_fd_sc_hd__and3_1)
     1    0.00                           _02290_ (net)
                  0.04    0.00    6.82 v _23236_/A (sky130_fd_sc_hd__clkbuf_1)
                  0.03    0.09    6.91 v _23236_/X (sky130_fd_sc_hd__clkbuf_1)
     1    0.00                           _00598_ (net)
                  0.03    0.00    6.91 v _27114_/D (sky130_fd_sc_hd__dfxtp_2)
                                  6.91   data arrival time

                  0.15   10.00   10.00   clock clk (rise edge)
                          0.00   10.00   clock network delay (ideal)
                         -0.25    9.75   clock uncertainty
                          0.00    9.75   clock reconvergence pessimism
                                  9.75 ^ _27114_/CLK (sky130_fd_sc_hd__dfxtp_2)
                         -0.08    9.67   library setup time
                                  9.67   data required time
-----------------------------------------------------------------------------
                                  9.67   data required time
                                 -6.91   data arrival time
-----------------------------------------------------------------------------
                                  2.76   slack (MET)




===========================================================================
report_checks --slack_max -0.01
============================================================================
======================= Typical Corner ===================================

No paths found.


===========================================================================
 report_check_types -max_slew -max_cap -max_fanout -violators
============================================================================
======================= Typical Corner ===================================



===========================================================================
report_parasitic_annotation -report_unannotated
============================================================================
Found 14734 unannotated drivers.
 a_flat[0]
 a_flat[10]
 a_flat[11]
 a_flat[12]
 a_flat[13]
 a_flat[14]
 a_flat[15]
 a_flat[16]
 a_flat[17]
 a_flat[18]
 a_flat[19]
 a_flat[1]
 a_flat[20]
 a_flat[21]
 a_flat[22]
 a_flat[23]
 a_flat[24]
 a_flat[25]
 a_flat[26]
 a_flat[27]
 a_flat[28]
 a_flat[29]
 a_flat[2]
 a_flat[30]
 a_flat[31]
 a_flat[3]
 a_flat[4]
 a_flat[5]
 a_flat[6]
 a_flat[7]
 a_flat[8]
 a_flat[9]
 b_flat[0]
 b_flat[10]
 b_flat[11]
 b_flat[12]
 b_flat[13]
 b_flat[14]
 b_flat[15]
 b_flat[16]
 b_flat[17]
 b_flat[18]
 b_flat[19]
 b_flat[1]
 b_flat[20]
 b_flat[21]
 b_flat[22]
 b_flat[23]
 b_flat[24]
 b_flat[25]
 b_flat[26]
 b_flat[27]
 b_flat[28]
 b_flat[29]
 b_flat[2]
 b_flat[30]
 b_flat[31]
 b_flat[3]
 b_flat[4]
 b_flat[5]
 b_flat[6]
 b_flat[7]
 b_flat[8]
 b_flat[9]
 clk
 en
 rst
 _13258_/X
 _13259_/X
 _13260_/X
 _13261_/X
 _13262_/X
 _13263_/X
 _13264_/X
 _13265_/X
 _13266_/X
 _13267_/X
 _13268_/X
 _13269_/X
 _13270_/X
 _13271_/X
 _13272_/X
 _13273_/X
 _13274_/X
 _13275_/X
 _13276_/X
 _13277_/X
 _13278_/X
 _13279_/X
 _13280_/X
 _13281_/X
 _13282_/X
 _13283_/Y
 _13284_/X
 _13285_/X
 _13286_/X
 _13287_/Y
 _13288_/X
 _13289_/X
 _13290_/X
 _13291_/X
 _13292_/Y
 _13293_/X
 _13294_/X
 _13295_/X
 _13296_/X
 _13297_/X
 _13298_/X
 _13299_/X
 _13300_/Y
 _13301_/X
 _13302_/Y
 _13303_/X
 _13304_/X
 _13305_/Y
 _13306_/Y
 _13307_/X
 _13308_/X
 _13309_/X
 _13310_/X
 _13311_/X
 _13312_/X
 _13313_/X
 _13314_/X
 _13315_/X
 _13316_/X
 _13317_/X
 _13318_/Y
 _13319_/X
 _13320_/X
 _13321_/X
 _13322_/X
 _13323_/X
 _13324_/Y
 _13325_/X
 _13326_/Y
 _13327_/X
 _13328_/Y
 _13329_/X
 _13330_/X
 _13331_/X
 _13332_/X
 _13333_/Y
 _13334_/X
 _13335_/X
 _13336_/X
 _13337_/X
 _13338_/X
 _13339_/Y
 _13340_/X
 _13341_/X
 _13342_/X
 _13343_/Y
 _13344_/X
 _13345_/X
 _13346_/X
 _13347_/X
 _13348_/Y
 _13349_/X
 _13350_/Y
 _13351_/Y
 _13352_/X
 _13353_/X
 _13354_/X
 _13355_/X
 _13356_/X
 _13357_/X
 _13358_/X
 _13359_/X
 _13360_/X
 _13361_/Y
 _13362_/X
 _13363_/X
 _13364_/X
 _13365_/Y
 _13366_/X
 _13367_/X
 _13368_/Y
 _13369_/X
 _13370_/X
 _13371_/Y
 _13372_/Y
 _13373_/X
 _13374_/X
 _13375_/Y
 _13376_/X
 _13377_/X
 _13378_/Y
 _13379_/X
 _13380_/Y
 _13381_/X
 _13382_/Y
 _13383_/X
 _13384_/X
 _13385_/Y
 _13386_/Y
 _13387_/Y
 _13388_/Y
 _13389_/X
 _13390_/X
 _13391_/Y
 _13392_/X
 _13393_/X
 _13394_/Y
 _13395_/Y
 _13396_/Y
 _13397_/Y
 _13398_/X
 _13399_/Y
 _13400_/Y
 _13401_/Y
 _13402_/X
 _13403_/Y
 _13404_/X
 _13405_/X
 _13406_/X
 _13407_/X
 _13408_/X
 _13409_/Y
 _13410_/Y
 _13411_/Y
 _13412_/Y
 _13413_/X
 _13414_/Y
 _13415_/X
 _13416_/Y
 _13417_/X
 _13418_/X
 _13419_/Y
 _13420_/Y
 _13421_/X
 _13422_/Y
 _13423_/Y
 _13424_/Y
 _13425_/Y
 _13426_/X
 _13427_/X
 _13428_/Y
 _13429_/X
 _13430_/Y
 _13431_/X
 _13432_/Y
 _13433_/X
 _13434_/Y
 _13435_/X
 _13436_/X
 _13437_/Y
 _13438_/Y
 _13439_/Y
 _13440_/Y
 _13441_/Y
 _13442_/Y
 _13443_/Y
 _13444_/X
 _13445_/X
 _13446_/Y
 _13447_/Y
 _13448_/X
 _13449_/Y
 _13450_/Y
 _13451_/Y
 _13452_/Y
 _13453_/X
 _13454_/Y
 _13455_/X
 _13456_/X
 _13457_/X
 _13458_/Y
 _13459_/X
 _13460_/Y
 _13461_/X
 _13462_/Y
 _13463_/Y
 _13464_/Y
 _13465_/X
 _13466_/Y
 _13467_/Y
 _13468_/Y
 _13469_/X
 _13470_/Y
 _13471_/Y
 _13472_/X
 _13473_/X
 _13474_/Y
 _13475_/X
 _13476_/X
 _13477_/Y
 _13478_/X
 _13479_/X
 _13480_/Y
 _13481_/Y
 _13482_/Y
 _13483_/Y
 _13484_/Y
 _13485_/X
 _13486_/X
 _13487_/Y
 _13488_/X
 _13489_/Y
 _13490_/X
 _13491_/Y
 _13492_/X
 _13493_/Y
 _13494_/Y
 _13495_/Y
 _13496_/Y
 _13497_/X
 _13498_/X
 _13499_/X
 _13500_/Y
 _13501_/Y
 _13502_/X
 _13503_/Y
 _13504_/Y
 _13505_/Y
 _13506_/X
 _13507_/X
 _13508_/Y
 _13509_/Y
 _13510_/Y
 _13511_/X
 _13512_/X
 _13513_/X
 _13514_/X
 _13515_/Y
 _13516_/X
 _13517_/Y
 _13518_/X
 _13519_/Y
 _13520_/Y
 _13521_/X
 _13522_/Y
 _13523_/Y
 _13524_/X
 _13525_/X
 _13526_/Y
 _13527_/Y
 _13528_/Y
 _13529_/X
 _13530_/X
 _13531_/X
 _13532_/X
 _13533_/Y
 _13534_/X
 _13535_/X
 _13536_/Y
 _13537_/Y
 _13538_/Y
 _13539_/Y
 _13540_/Y
 _13541_/X
 _13542_/Y
 _13543_/Y
 _13544_/Y
 _13545_/X
 _13546_/Y
 _13547_/Y
 _13548_/X
 _13549_/Y
 _13550_/X
 _13551_/Y
 _13552_/X
 _13553_/X
 _13554_/X
 _13555_/X
 _13556_/Y
 _13557_/Y
 _13558_/Y
 _13559_/Y
 _13560_/Y
 _13561_/Y
 _13562_/Y
 _13563_/Y
 _13564_/Y
 _13565_/X
 _13566_/X
 _13567_/Y
 _13568_/Y
 _13569_/Y
 _13570_/Y
 _13571_/Y
 _13572_/Y
 _13573_/Y
 _13574_/Y
 _13575_/X
 _13576_/Y
 _13577_/Y
 _13578_/X
 _13579_/X
 _13580_/Y
 _13581_/Y
 _13582_/X
 _13583_/Y
 _13584_/X
 _13585_/X
 _13586_/Y
 _13587_/X
 _13588_/Y
 _13589_/X
 _13590_/X
 _13591_/Y
 _13592_/Y
 _13593_/Y
 _13594_/Y
 _13595_/Y
 _13596_/X
 _13597_/X
 _13598_/X
 _13599_/Y
 _13600_/X
 _13601_/X
 _13602_/X
 _13603_/X
 _13604_/X
 _13605_/X
 _13606_/X
 _13607_/X
 _13608_/X
 _13609_/Y
 _13610_/Y
 _13611_/Y
 _13612_/X
 _13613_/X
 _13614_/Y
 _13615_/Y
 _13616_/X
 _13617_/X
 _13618_/Y
 _13619_/Y
 _13620_/Y
 _13621_/X
 _13622_/X
 _13623_/Y
 _13624_/Y
 _13625_/X
 _13626_/Y
 _13627_/X
 _13628_/Y
 _13629_/Y
 _13630_/Y
 _13631_/X
 _13632_/Y
 _13633_/Y
 _13634_/Y
 _13635_/Y
 _13636_/Y
 _13637_/X
 _13638_/X
 _13639_/Y
 _13640_/Y
 _13641_/Y
 _13642_/X
 _13643_/Y
 _13644_/X
 _13645_/Y
 _13646_/Y
 _13647_/Y
 _13648_/X
 _13649_/Y
 _13650_/Y
 _13651_/X
 _13652_/Y
 _13653_/Y
 _13654_/Y
 _13655_/X
 _13656_/Y
 _13657_/Y
 _13658_/Y
 _13659_/Y
 _13660_/Y
 _13661_/Y
 _13662_/X
 _13663_/Y
 _13664_/Y
 _13665_/Y
 _13666_/Y
 _13667_/Y
 _13668_/X
 _13669_/Y
 _13670_/Y
 _13671_/Y
 _13672_/Y
 _13673_/Y
 _13674_/Y
 _13675_/X
 _13676_/X
 _13677_/Y
 _13678_/Y
 _13679_/Y
 _13680_/Y
 _13681_/Y
 _13682_/Y
 _13683_/Y
 _13684_/X
 _13685_/Y
 _13686_/X
 _13687_/Y
 _13688_/X
 _13689_/X
 _13690_/Y
 _13691_/Y
 _13692_/Y
 _13693_/Y
 _13694_/X
 _13695_/X
 _13696_/Y
 _13697_/Y
 _13698_/X
 _13699_/X
 _13700_/X
 _13701_/Y
 _13702_/X
 _13703_/X
 _13704_/X
 _13705_/X
 _13706_/Y
 _13707_/Y
 _13708_/X
 _13709_/Y
 _13710_/X
 _13711_/Y
 _13712_/X
 _13713_/Y
 _13714_/X
 _13715_/Y
 _13716_/Y
 _13717_/X
 _13718_/X
 _13719_/Y
 _13720_/X
 _13721_/Y
 _13722_/Y
 _13723_/Y
 _13724_/Y
 _13725_/X
 _13726_/Y
 _13727_/Y
 _13728_/Y
 _13729_/X
 _13730_/Y
 _13731_/Y
 _13732_/Y
 _13733_/Y
 _13734_/Y
 _13735_/Y
 _13736_/Y
 _13737_/Y
 _13738_/X
 _13739_/X
 _13740_/X
 _13741_/X
 _13742_/Y
 _13743_/Y
 _13744_/X
 _13745_/Y
 _13746_/Y
 _13747_/Y
 _13748_/Y
 _13749_/Y
 _13750_/Y
 _13751_/X
 _13752_/X
 _13753_/X
 _13754_/X
 _13755_/Y
 _13756_/Y
 _13757_/X
 _13758_/Y
 _13759_/X
 _13760_/X
 _13761_/X
 _13762_/X
 _13763_/X
 _13764_/Y
 _13765_/Y
 _13766_/Y
 _13767_/X
 _13768_/Y
 _13769_/Y
 _13770_/Y
 _13771_/X
 _13772_/Y
 _13773_/Y
 _13774_/Y
 _13775_/Y
 _13776_/X
 _13777_/X
 _13778_/Y
 _13779_/X
 _13780_/X
 _13781_/X
 _13782_/X
 _13783_/X
 _13784_/X
 _13785_/X
 _13786_/X
 _13787_/X
 _13788_/Y
 _13789_/X
 _13790_/Y
 _13791_/Y
 _13792_/Y
 _13793_/Y
 _13794_/Y
 _13795_/X
 _13796_/Y
 _13797_/Y
 _13798_/X
 _13799_/Y
 _13800_/X
 _13801_/Y
 _13802_/X
 _13803_/Y
 _13804_/Y
 _13805_/X
 _13806_/Y
 _13807_/X
 _13808_/X
 _13809_/X
 _13810_/X
 _13811_/Y
 _13812_/X
 _13813_/Y
 _13814_/Y
 _13815_/X
 _13816_/Y
 _13817_/Y
 _13818_/Y
 _13819_/Y
 _13820_/X
 _13821_/Y
 _13822_/Y
 _13823_/X
 _13824_/Y
 _13825_/Y
 _13826_/Y
 _13827_/X
 _13828_/X
 _13829_/Y
 _13830_/X
 _13831_/Y
 _13832_/Y
 _13833_/Y
 _13834_/Y
 _13835_/Y
 _13836_/Y
 _13837_/Y
 _13838_/Y
 _13839_/X
 _13840_/Y
 _13841_/Y
 _13842_/X
 _13843_/Y
 _13844_/X
 _13845_/X
 _13846_/Y
 _13847_/X
 _13848_/X
 _13849_/X
 _13850_/X
 _13851_/X
 _13852_/X
 _13853_/X
 _13854_/X
 _13855_/Y
 _13856_/X
 _13857_/X
 _13858_/X
 _13859_/Y
 _13860_/X
 _13861_/X
 _13862_/X
 _13863_/X
 _13864_/Y
 _13865_/X
 _13866_/Y
 _13867_/Y
 _13868_/X
 _13869_/X
 _13870_/X
 _13871_/X
 _13872_/Y
 _13873_/Y
 _13874_/X
 _13875_/X
 _13876_/Y
 _13877_/Y
 _13878_/X
 _13879_/Y
 _13880_/Y
 _13881_/Y
 _13882_/X
 _13883_/Y
 _13884_/Y
 _13885_/X
 _13886_/Y
 _13887_/X
 _13888_/Y
 _13889_/Y
 _13890_/X
 _13891_/Y
 _13892_/Y
 _13893_/X
 _13894_/X
 _13895_/Y
 _13896_/Y
 _13897_/Y
 _13898_/Y
 _13899_/Y
 _13900_/X
 _13901_/X
 _13902_/Y
 _13903_/X
 _13904_/X
 _13905_/Y
 _13906_/Y
 _13907_/Y
 _13908_/Y
 _13909_/Y
 _13910_/X
 _13911_/Y
 _13912_/X
 _13913_/Y
 _13914_/X
 _13915_/X
 _13916_/X
 _13917_/Y
 _13918_/Y
 _13919_/Y
 _13920_/Y
 _13921_/X
 _13922_/X
 _13923_/Y
 _13924_/Y
 _13925_/Y
 _13926_/Y
 _13927_/Y
 _13928_/X
 _13929_/X
 _13930_/Y
 _13931_/X
 _13932_/X
 _13933_/Y
 _13934_/Y
 _13935_/X
 _13936_/Y
 _13937_/X
 _13938_/X
 _13939_/Y
 _13940_/X
 _13941_/X
 _13942_/Y
 _13943_/X
 _13944_/Y
 _13945_/X
 _13946_/Y
 _13947_/Y
 _13948_/Y
 _13949_/X
 _13950_/X
 _13951_/Y
 _13952_/X
 _13953_/Y
 _13954_/Y
 _13955_/Y
 _13956_/X
 _13957_/X
 _13958_/X
 _13959_/X
 _13960_/X
 _13961_/X
 _13962_/X
 _13963_/Y
 _13964_/Y
 _13965_/Y
 _13966_/Y
 _13967_/Y
 _13968_/X
 _13969_/Y
 _13970_/Y
 _13971_/Y
 _13972_/X
 _13973_/Y
 _13974_/Y
 _13975_/X
 _13976_/Y
 _13977_/Y
 _13978_/Y
 _13979_/Y
 _13980_/X
 _13981_/Y
 _13982_/Y
 _13983_/Y
 _13984_/X
 _13985_/Y
 _13986_/Y
 _13987_/Y
 _13988_/Y
 _13989_/X
 _13990_/Y
 _13991_/X
 _13992_/Y
 _13993_/X
 _13994_/Y
 _13995_/X
 _13996_/Y
 _13997_/X
 _13998_/Y
 _13999_/X
 _14000_/X
 _14001_/X
 _14002_/Y
 _14003_/Y
 _14004_/X
 _14005_/Y
 _14006_/X
 _14007_/Y
 _14008_/X
 _14009_/X
 _14010_/Y
 _14011_/X
 _14012_/X
 _14013_/X
 _14014_/X
 _14015_/X
 _14016_/X
 _14017_/X
 _14018_/Y
 _14019_/X
 _14020_/Y
 _14021_/X
 _14022_/X
 _14023_/Y
 _14024_/X
 _14025_/Y
 _14026_/X
 _14027_/Y
 _14028_/X
 _14029_/X
 _14030_/X
 _14031_/X
 _14032_/Y
 _14033_/Y
 _14034_/X
 _14035_/Y
 _14036_/X
 _14037_/Y
 _14038_/Y
 _14039_/Y
 _14040_/X
 _14041_/Y
 _14042_/X
 _14043_/Y
 _14044_/X
 _14045_/X
 _14046_/Y
 _14047_/X
 _14048_/X
 _14049_/Y
 _14050_/Y
 _14051_/Y
 _14052_/X
 _14053_/X
 _14054_/Y
 _14055_/X
 _14056_/Y
 _14057_/Y
 _14058_/Y
 _14059_/X
 _14060_/Y
 _14061_/X
 _14062_/X
 _14063_/X
 _14064_/Y
 _14065_/X
 _14066_/Y
 _14067_/Y
 _14068_/X
 _14069_/X
 _14070_/X
 _14071_/X
 _14072_/X
 _14073_/Y
 _14074_/X
 _14075_/Y
 _14076_/X
 _14077_/X
 _14078_/Y
 _14079_/Y
 _14080_/X
 _14081_/Y
 _14082_/X
 _14083_/X
 _14084_/Y
 _14085_/X
 _14086_/X
 _14087_/X
 _14088_/X
 _14089_/Y
 _14090_/X
 _14091_/X
 _14092_/Y
 _14093_/X
 _14094_/X
 _14095_/X
 _14096_/Y
 _14097_/Y
 _14098_/X
 _14099_/X
 _14100_/X
 _14101_/X
 _14102_/Y
 _14103_/X
 _14104_/X
 _14105_/X
 _14106_/Y
 _14107_/Y
 _14108_/X
 _14109_/X
 _14110_/Y
 _14111_/X
 _14112_/X
 _14113_/X
 _14114_/Y
 _14115_/Y
 _14116_/Y
 _14117_/Y
 _14118_/X
 _14119_/X
 _14120_/Y
 _14121_/X
 _14122_/Y
 _14123_/Y
 _14124_/X
 _14125_/Y
 _14126_/Y
 _14127_/X
 _14128_/X
 _14129_/Y
 _14130_/X
 _14131_/Y
 _14132_/Y
 _14133_/X
 _14134_/X
 _14135_/X
 _14136_/Y
 _14137_/X
 _14138_/X
 _14139_/X
 _14140_/X
 _14141_/X
 _14142_/X
 _14143_/X
 _14144_/X
 _14145_/X
 _14146_/X
 _14147_/X
 _14148_/X
 _14149_/X
 _14150_/X
 _14151_/X
 _14152_/X
 _14153_/X
 _14154_/X
 _14155_/X
 _14156_/X
 _14157_/X
 _14158_/X
 _14159_/X
 _14160_/X
 _14161_/X
 _14162_/X
 _14163_/X
 _14164_/X
 _14165_/X
 _14166_/X
 _14167_/X
 _14168_/X
 _14169_/X
 _14170_/X
 _14171_/X
 _14172_/X
 _14173_/X
 _14174_/X
 _14175_/X
 _14176_/X
 _14177_/X
 _14178_/X
 _14179_/X
 _14180_/X
 _14181_/X
 _14182_/X
 _14183_/X
 _14184_/X
 _14185_/X
 _14186_/X
 _14187_/X
 _14188_/X
 _14189_/X
 _14190_/X
 _14191_/X
 _14192_/X
 _14193_/X
 _14194_/X
 _14195_/X
 _14196_/X
 _14197_/X
 _14198_/X
 _14199_/X
 _14200_/X
 _14201_/X
 _14202_/X
 _14203_/X
 _14204_/X
 _14205_/X
 _14206_/X
 _14207_/X
 _14208_/X
 _14209_/X
 _14210_/X
 _14211_/X
 _14212_/X
 _14213_/X
 _14214_/X
 _14215_/X
 _14216_/X
 _14217_/X
 _14218_/X
 _14219_/X
 _14220_/X
 _14221_/X
 _14222_/X
 _14223_/X
 _14224_/X
 _14225_/X
 _14226_/X
 _14227_/X
 _14228_/X
 _14229_/X
 _14230_/X
 _14231_/X
 _14232_/X
 _14233_/Y
 _14234_/Y
 _14235_/X
 _14236_/X
 _14237_/X
 _14238_/Y
 _14239_/X
 _14240_/X
 _14241_/Y
 _14242_/X
 _14243_/X
 _14244_/Y
 _14245_/X
 _14246_/X
 _14247_/X
 _14248_/X
 _14249_/X
 _14250_/X
 _14251_/X
 _14252_/Y
 _14253_/X
 _14254_/X
 _14255_/X
 _14256_/X
 _14257_/Y
 _14258_/X
 _14259_/Y
 _14260_/X
 _14261_/Y
 _14262_/X
 _14263_/X
 _14264_/Y
 _14265_/X
 _14266_/X
 _14267_/Y
 _14268_/Y
 _14269_/Y
 _14270_/X
 _14271_/Y
 _14272_/Y
 _14273_/Y
 _14274_/X
 _14275_/X
 _14276_/X
 _14277_/X
 _14278_/Y
 _14279_/X
 _14280_/X
 _14281_/Y
 _14282_/Y
 _14283_/Y
 _14284_/X
 _14285_/Y
 _14286_/Y
 _14287_/X
 _14288_/X
 _14289_/X
 _14290_/Y
 _14291_/X
 _14292_/Y
 _14293_/X
 _14294_/X
 _14295_/X
 _14296_/Y
 _14297_/X
 _14298_/X
 _14299_/Y
 _14300_/Y
 _14301_/X
 _14302_/Y
 _14303_/X
 _14304_/Y
 _14305_/Y
 _14306_/Y
 _14307_/Y
 _14308_/X
 _14309_/Y
 _14310_/Y
 _14311_/Y
 _14312_/Y
 _14313_/X
 _14314_/Y
 _14315_/X
 _14316_/Y
 _14317_/Y
 _14318_/Y
 _14319_/Y
 _14320_/X
 _14321_/Y
 _14322_/X
 _14323_/X
 _14324_/X
 _14325_/X
 _14326_/X
 _14327_/X
 _14328_/X
 _14329_/Y
 _14330_/Y
 _14331_/Y
 _14332_/Y
 _14333_/X
 _14334_/Y
 _14335_/X
 _14336_/Y
 _14337_/Y
 _14338_/X
 _14339_/Y
 _14340_/Y
 _14341_/X
 _14342_/Y
 _14343_/Y
 _14344_/X
 _14345_/Y
 _14346_/X
 _14347_/X
 _14348_/X
 _14349_/Y
 _14350_/X
 _14351_/X
 _14352_/Y
 _14353_/X
 _14354_/X
 _14355_/Y
 _14356_/Y
 _14357_/Y
 _14358_/Y
 _14359_/X
 _14360_/Y
 _14361_/Y
 _14362_/Y
 _14363_/Y
 _14364_/X
 _14365_/Y
 _14366_/Y
 _14367_/X
 _14368_/X
 _14369_/Y
 _14370_/Y
 _14371_/Y
 _14372_/Y
 _14373_/Y
 _14374_/X
 _14375_/X
 _14376_/X
 _14377_/Y
 _14378_/X
 _14379_/Y
 _14380_/X
 _14381_/Y
 _14382_/Y
 _14383_/Y
 _14384_/X
 _14385_/Y
 _14386_/Y
 _14387_/Y
 _14388_/X
 _14389_/X
 _14390_/Y
 _14391_/Y
 _14392_/X
 _14393_/Y
 _14394_/X
 _14395_/X
 _14396_/Y
 _14397_/X
 _14398_/Y
 _14399_/Y
 _14400_/Y
 _14401_/Y
 _14402_/Y
 _14403_/X
 _14404_/X
 _14405_/Y
 _14406_/Y
 _14407_/Y
 _14408_/X
 _14409_/Y
 _14410_/X
 _14411_/X
 _14412_/Y
 _14413_/X
 _14414_/Y
 _14415_/Y
 _14416_/Y
 _14417_/Y
 _14418_/X
 _14419_/Y
 _14420_/Y
 _14421_/Y
 _14422_/Y
 _14423_/X
 _14424_/X
 _14425_/X
 _14426_/Y
 _14427_/Y
 _14428_/X
 _14429_/X
 _14430_/X
 _14431_/X
 _14432_/X
 _14433_/X
 _14434_/X
 _14435_/Y
 _14436_/X
 _14437_/X
 _14438_/Y
 _14439_/Y
 _14440_/X
 _14441_/X
 _14442_/X
 _14443_/X
 _14444_/Y
 _14445_/Y
 _14446_/Y
 _14447_/Y
 _14448_/X
 _14449_/Y
 _14450_/Y
 _14451_/X
 _14452_/X
 _14453_/X
 _14454_/Y
 _14455_/X
 _14456_/Y
 _14457_/X
 _14458_/X
 _14459_/Y
 _14460_/Y
 _14461_/Y
 _14462_/X
 _14463_/Y
 _14464_/Y
 _14465_/Y
 _14466_/Y
 _14467_/Y
 _14468_/X
 _14469_/Y
 _14470_/Y
 _14471_/Y
 _14472_/X
 _14473_/Y
 _14474_/X
 _14475_/Y
 _14476_/Y
 _14477_/X
 _14478_/X
 _14479_/Y
 _14480_/Y
 _14481_/X
 _14482_/Y
 _14483_/Y
 _14484_/Y
 _14485_/Y
 _14486_/Y
 _14487_/Y
 _14488_/Y
 _14489_/Y
 _14490_/Y
 _14491_/Y
 _14492_/Y
 _14493_/X
 _14494_/X
 _14495_/Y
 _14496_/Y
 _14497_/X
 _14498_/X
 _14499_/Y
 _14500_/Y
 _14501_/X
 _14502_/Y
 _14503_/X
 _14504_/X
 _14505_/Y
 _14506_/X
 _14507_/X
 _14508_/X
 _14509_/X
 _14510_/Y
 _14511_/Y
 _14512_/Y
 _14513_/X
 _14514_/X
 _14515_/Y
 _14516_/X
 _14517_/Y
 _14518_/Y
 _14519_/Y
 _14520_/Y
 _14521_/X
 _14522_/Y
 _14523_/X
 _14524_/Y
 _14525_/Y
 _14526_/X
 _14527_/Y
 _14528_/X
 _14529_/X
 _14530_/Y
 _14531_/Y
 _14532_/Y
 _14533_/Y
 _14534_/Y
 _14535_/Y
 _14536_/X
 _14537_/X
 _14538_/Y
 _14539_/Y
 _14540_/Y
 _14541_/X
 _14542_/Y
 _14543_/X
 _14544_/X
 _14545_/Y
 _14546_/Y
 _14547_/X
 _14548_/Y
 _14549_/Y
 _14550_/Y
 _14551_/Y
 _14552_/Y
 _14553_/Y
 _14554_/Y
 _14555_/Y
 _14556_/Y
 _14557_/Y
 _14558_/Y
 _14559_/Y
 _14560_/Y
 _14561_/X
 _14562_/Y
 _14563_/Y
 _14564_/X
 _14565_/Y
 _14566_/Y
 _14567_/Y
 _14568_/Y
 _14569_/Y
 _14570_/X
 _14571_/Y
 _14572_/Y
 _14573_/Y
 _14574_/Y
 _14575_/Y
 _14576_/X
 _14577_/X
 _14578_/Y
 _14579_/Y
 _14580_/Y
 _14581_/X
 _14582_/X
 _14583_/X
 _14584_/Y
 _14585_/X
 _14586_/X
 _14587_/Y
 _14588_/Y
 _14589_/Y
 _14590_/X
 _14591_/Y
 _14592_/Y
 _14593_/X
 _14594_/Y
 _14595_/Y
 _14596_/Y
 _14597_/Y
 _14598_/Y
 _14599_/X
 _14600_/Y
 _14601_/X
 _14602_/Y
 _14603_/Y
 _14604_/X
 _14605_/X
 _14606_/Y
 _14607_/Y
 _14608_/Y
 _14609_/Y
 _14610_/Y
 _14611_/Y
 _14612_/X
 _14613_/Y
 _14614_/X
 _14615_/Y
 _14616_/Y
 _14617_/Y
 _14618_/Y
 _14619_/Y
 _14620_/X
 _14621_/Y
 _14622_/Y
 _14623_/Y
 _14624_/Y
 _14625_/Y
 _14626_/Y
 _14627_/Y
 _14628_/Y
 _14629_/Y
 _14630_/Y
 _14631_/Y
 _14632_/X
 _14633_/Y
 _14634_/X
 _14635_/X
 _14636_/Y
 _14637_/Y
 _14638_/Y
 _14639_/Y
 _14640_/Y
 _14641_/Y
 _14642_/Y
 _14643_/X
 _14644_/Y
 _14645_/Y
 _14646_/X
 _14647_/X
 _14648_/Y
 _14649_/X
 _14650_/Y
 _14651_/Y
 _14652_/Y
 _14653_/X
 _14654_/X
 _14655_/Y
 _14656_/Y
 _14657_/Y
 _14658_/Y
 _14659_/X
 _14660_/Y
 _14661_/X
 _14662_/X
 _14663_/Y
 _14664_/Y
 _14665_/Y
 _14666_/X
 _14667_/Y
 _14668_/Y
 _14669_/X
 _14670_/X
 _14671_/Y
 _14672_/Y
 _14673_/Y
 _14674_/Y
 _14675_/X
 _14676_/Y
 _14677_/Y
 _14678_/Y
 _14679_/X
 _14680_/Y
 _14681_/X
 _14682_/Y
 _14683_/Y
 _14684_/X
 _14685_/Y
 _14686_/Y
 _14687_/Y
 _14688_/X
 _14689_/Y
 _14690_/Y
 _14691_/X
 _14692_/X
 _14693_/Y
 _14694_/Y
 _14695_/X
 _14696_/Y
 _14697_/Y
 _14698_/Y
 _14699_/X
 _14700_/Y
 _14701_/X
 _14702_/Y
 _14703_/X
 _14704_/Y
 _14705_/Y
 _14706_/Y
 _14707_/Y
 _14708_/Y
 _14709_/Y
 _14710_/X
 _14711_/X
 _14712_/X
 _14713_/Y
 _14714_/Y
 _14715_/Y
 _14716_/X
 _14717_/X
 _14718_/X
 _14719_/Y
 _14720_/X
 _14721_/X
 _14722_/X
 _14723_/Y
 _14724_/X
 _14725_/Y
 _14726_/X
 _14727_/Y
 _14728_/Y
 _14729_/X
 _14730_/X
 _14731_/Y
 _14732_/X
 _14733_/Y
 _14734_/Y
 _14735_/X
 _14736_/Y
 _14737_/Y
 _14738_/Y
 _14739_/Y
 _14740_/Y
 _14741_/Y
 _14742_/Y
 _14743_/Y
 _14744_/Y
 _14745_/Y
 _14746_/X
 _14747_/Y
 _14748_/Y
 _14749_/X
 _14750_/Y
 _14751_/X
 _14752_/Y
 _14753_/Y
 _14754_/Y
 _14755_/X
 _14756_/X
 _14757_/Y
 _14758_/Y
 _14759_/Y
 _14760_/Y
 _14761_/Y
 _14762_/Y
 _14763_/Y
 _14764_/Y
 _14765_/Y
 _14766_/X
 _14767_/Y
 _14768_/Y
 _14769_/X
 _14770_/X
 _14771_/X
 _14772_/Y
 _14773_/Y
 _14774_/X
 _14775_/X
 _14776_/Y
 _14777_/X
 _14778_/Y
 _14779_/Y
 _14780_/X
 _14781_/Y
 _14782_/X
 _14783_/Y
 _14784_/X
 _14785_/Y
 _14786_/X
 _14787_/Y
 _14788_/Y
 _14789_/X
 _14790_/Y
 _14791_/Y
 _14792_/X
 _14793_/X
 _14794_/X
 _14795_/Y
 _14796_/Y
 _14797_/Y
 _14798_/Y
 _14799_/Y
 _14800_/Y
 _14801_/Y
 _14802_/Y
 _14803_/Y
 _14804_/Y
 _14805_/Y
 _14806_/X
 _14807_/X
 _14808_/Y
 _14809_/Y
 _14810_/X
 _14811_/X
 _14812_/Y
 _14813_/X
 _14814_/Y
 _14815_/X
 _14816_/Y
 _14817_/Y
 _14818_/Y
 _14819_/X
 _14820_/Y
 _14821_/Y
 _14822_/X
 _14823_/X
 _14824_/Y
 _14825_/Y
 _14826_/Y
 _14827_/X
 _14828_/Y
 _14829_/X
 _14830_/Y
 _14831_/Y
 _14832_/X
 _14833_/Y
 _14834_/Y
 _14835_/X
 _14836_/Y
 _14837_/Y
 _14838_/X
 _14839_/Y
 _14840_/Y
 _14841_/X
 _14842_/X
 _14843_/Y
 _14844_/X
 _14845_/Y
 _14846_/X
 _14847_/X
 _14848_/Y
 _14849_/X
 _14850_/Y
 _14851_/X
 _14852_/X
 _14853_/X
 _14854_/Y
 _14855_/Y
 _14856_/X
 _14857_/X
 _14858_/Y
 _14859_/Y
 _14860_/Y
 _14861_/Y
 _14862_/X
 _14863_/X
 _14864_/Y
 _14865_/Y
 _14866_/X
 _14867_/Y
 _14868_/X
 _14869_/Y
 _14870_/X
 _14871_/X
 _14872_/X
 _14873_/Y
 _14874_/Y
 _14875_/Y
 _14876_/X
 _14877_/X
 _14878_/X
 _14879_/Y
 _14880_/X
 _14881_/Y
 _14882_/X
 _14883_/Y
 _14884_/X
 _14885_/Y
 _14886_/Y
 _14887_/Y
 _14888_/Y
 _14889_/X
 _14890_/X
 _14891_/Y
 _14892_/X
 _14893_/X
 _14894_/Y
 _14895_/X
 _14896_/X
 _14897_/Y
 _14898_/X
 _14899_/Y
 _14900_/X
 _14901_/Y
 _14902_/X
 _14903_/Y
 _14904_/X
 _14905_/X
 _14906_/Y
 _14907_/X
 _14908_/Y
 _14909_/Y
 _14910_/Y
 _14911_/Y
 _14912_/X
 _14913_/X
 _14914_/Y
 _14915_/X
 _14916_/X
 _14917_/Y
 _14918_/Y
 _14919_/Y
 _14920_/X
 _14921_/Y
 _14922_/Y
 _14923_/X
 _14924_/X
 _14925_/X
 _14926_/Y
 _14927_/Y
 _14928_/Y
 _14929_/X
 _14930_/Y
 _14931_/X
 _14932_/X
 _14933_/X
 _14934_/X
 _14935_/X
 _14936_/X
 _14937_/Y
 _14938_/Y
 _14939_/X
 _14940_/Y
 _14941_/Y
 _14942_/Y
 _14943_/Y
 _14944_/X
 _14945_/X
 _14946_/X
 _14947_/X
 _14948_/Y
 _14949_/Y
 _14950_/Y
 _14951_/Y
 _14952_/X
 _14953_/X
 _14954_/X
 _14955_/Y
 _14956_/X
 _14957_/X
 _14958_/Y
 _14959_/X
 _14960_/Y
 _14961_/X
 _14962_/X
 _14963_/Y
 _14964_/Y
 _14965_/Y
 _14966_/Y
 _14967_/Y
 _14968_/X
 _14969_/X
 _14970_/Y
 _14971_/X
 _14972_/Y
 _14973_/Y
 _14974_/X
 _14975_/Y
 _14976_/Y
 _14977_/Y
 _14978_/Y
 _14979_/Y
 _14980_/Y
 _14981_/Y
 _14982_/Y
 _14983_/X
 _14984_/X
 _14985_/X
 _14986_/X
 _14987_/X
 _14988_/X
 _14989_/X
 _14990_/X
 _14991_/X
 _14992_/X
 _14993_/X
 _14994_/X
 _14995_/X
 _14996_/X
 _14997_/X
 _14998_/X
 _14999_/X
 _15000_/X
 _15001_/X
 _15002_/X
 _15003_/X
 _15004_/X
 _15005_/X
 _15006_/X
 _15007_/X
 _15008_/X
 _15009_/X
 _15010_/X
 _15011_/X
 _15012_/X
 _15013_/X
 _15014_/X
 _15015_/X
 _15016_/X
 _15017_/X
 _15018_/X
 _15019_/X
 _15020_/X
 _15021_/X
 _15022_/X
 _15023_/X
 _15024_/X
 _15025_/X
 _15026_/X
 _15027_/X
 _15028_/X
 _15029_/X
 _15030_/X
 _15031_/X
 _15032_/X
 _15033_/X
 _15034_/X
 _15035_/X
 _15036_/X
 _15037_/X
 _15038_/X
 _15039_/X
 _15040_/X
 _15041_/X
 _15042_/X
 _15043_/X
 _15044_/X
 _15045_/X
 _15046_/X
 _15047_/X
 _15048_/X
 _15049_/X
 _15050_/X
 _15051_/X
 _15052_/X
 _15053_/X
 _15054_/X
 _15055_/X
 _15056_/X
 _15057_/X
 _15058_/X
 _15059_/X
 _15060_/X
 _15061_/X
 _15062_/X
 _15063_/X
 _15064_/X
 _15065_/X
 _15066_/X
 _15067_/X
 _15068_/X
 _15069_/X
 _15070_/X
 _15071_/X
 _15072_/X
 _15073_/X
 _15074_/X
 _15075_/Y
 _15076_/Y
 _15077_/X
 _15078_/X
 _15079_/X
 _15080_/X
 _15081_/X
 _15082_/Y
 _15083_/X
 _15084_/Y
 _15085_/X
 _15086_/X
 _15087_/Y
 _15088_/X
 _15089_/X
 _15090_/Y
 _15091_/X
 _15092_/X
 _15093_/Y
 _15094_/X
 _15095_/X
 _15096_/Y
 _15097_/X
 _15098_/X
 _15099_/Y
 _15100_/Y
 _15101_/X
 _15102_/X
 _15103_/X
 _15104_/X
 _15105_/X
 _15106_/Y
 _15107_/Y
 _15108_/X
 _15109_/X
 _15110_/Y
 _15111_/X
 _15112_/Y
 _15113_/Y
 _15114_/Y
 _15115_/X
 _15116_/X
 _15117_/X
 _15118_/X
 _15119_/X
 _15120_/Y
 _15121_/X
 _15122_/Y
 _15123_/X
 _15124_/Y
 _15125_/X
 _15126_/X
 _15127_/Y
 _15128_/X
 _15129_/Y
 _15130_/X
 _15131_/Y
 _15132_/Y
 _15133_/X
 _15134_/X
 _15135_/Y
 _15136_/X
 _15137_/Y
 _15138_/Y
 _15139_/Y
 _15140_/Y
 _15141_/X
 _15142_/Y
 _15143_/X
 _15144_/Y
 _15145_/X
 _15146_/X
 _15147_/Y
 _15148_/Y
 _15149_/X
 _15150_/Y
 _15151_/Y
 _15152_/X
 _15153_/Y
 _15154_/Y
 _15155_/X
 _15156_/X
 _15157_/Y
 _15158_/X
 _15159_/X
 _15160_/X
 _15161_/Y
 _15162_/Y
 _15163_/X
 _15164_/Y
 _15165_/X
 _15166_/X
 _15167_/Y
 _15168_/Y
 _15169_/X
 _15170_/X
 _15171_/X
 _15172_/X
 _15173_/X
 _15174_/Y
 _15175_/Y
 _15176_/Y
 _15177_/Y
 _15178_/Y
 _15179_/Y
 _15180_/Y
 _15181_/X
 _15182_/Y
 _15183_/Y
 _15184_/Y
 _15185_/X
 _15186_/Y
 _15187_/Y
 _15188_/Y
 _15189_/Y
 _15190_/X
 _15191_/Y
 _15192_/X
 _15193_/X
 _15194_/X
 _15195_/X
 _15196_/Y
 _15197_/X
 _15198_/Y
 _15199_/Y
 _15200_/X
 _15201_/Y
 _15202_/Y
 _15203_/Y
 _15204_/Y
 _15205_/Y
 _15206_/X
 _15207_/X
 _15208_/X
 _15209_/X
 _15210_/Y
 _15211_/X
 _15212_/X
 _15213_/X
 _15214_/X
 _15215_/X
 _15216_/Y
 _15217_/X
 _15218_/Y
 _15219_/X
 _15220_/X
 _15221_/X
 _15222_/Y
 _15223_/X
 _15224_/Y
 _15225_/Y
 _15226_/Y
 _15227_/Y
 _15228_/X
 _15229_/Y
 _15230_/X
 _15231_/Y
 _15232_/Y
 _15233_/Y
 _15234_/Y
 _15235_/Y
 _15236_/X
 _15237_/Y
 _15238_/X
 _15239_/Y
 _15240_/X
 _15241_/Y
 _15242_/Y
 _15243_/Y
 _15244_/Y
 _15245_/X
 _15246_/X
 _15247_/Y
 _15248_/Y
 _15249_/Y
 _15250_/X
 _15251_/X
 _15252_/X
 _15253_/Y
 _15254_/X
 _15255_/Y
 _15256_/Y
 _15257_/Y
 _15258_/X
 _15259_/Y
 _15260_/X
 _15261_/Y
 _15262_/Y
 _15263_/Y
 _15264_/Y
 _15265_/X
 _15266_/Y
 _15267_/Y
 _15268_/Y
 _15269_/Y
 _15270_/X
 _15271_/X
 _15272_/Y
 _15273_/X
 _15274_/Y
 _15275_/Y
 _15276_/X
 _15277_/X
 _15278_/Y
 _15279_/Y
 _15280_/Y
 _15281_/X
 _15282_/Y
 _15283_/Y
 _15284_/Y
 _15285_/X
 _15286_/X
 _15287_/Y
 _15288_/Y
 _15289_/Y
 _15290_/Y
 _15291_/Y
 _15292_/X
 _15293_/X
 _15294_/Y
 _15295_/Y
 _15296_/Y
 _15297_/X
 _15298_/Y
 _15299_/Y
 _15300_/Y
 _15301_/Y
 _15302_/Y
 _15303_/Y
 _15304_/Y
 _15305_/Y
 _15306_/Y
 _15307_/Y
 _15308_/Y
 _15309_/Y
 _15310_/Y
 _15311_/X
 _15312_/X
 _15313_/Y
 _15314_/Y
 _15315_/X
 _15316_/X
 _15317_/Y
 _15318_/Y
 _15319_/X
 _15320_/Y
 _15321_/X
 _15322_/Y
 _15323_/X
 _15324_/Y
 _15325_/Y
 _15326_/Y
 _15327_/Y
 _15328_/X
 _15329_/X
 _15330_/Y
 _15331_/X
 _15332_/X
 _15333_/Y
 _15334_/Y
 _15335_/Y
 _15336_/X
 _15337_/Y
 _15338_/Y
 _15339_/Y
 _15340_/Y
 _15341_/Y
 _15342_/Y
 _15343_/X
 _15344_/Y
 _15345_/Y
 _15346_/Y
 _15347_/Y
 _15348_/Y
 _15349_/X
 _15350_/Y
 _15351_/X
 _15352_/Y
 _15353_/Y
 _15354_/Y
 _15355_/Y
 _15356_/Y
 _15357_/X
 _15358_/Y
 _15359_/Y
 _15360_/X
 _15361_/X
 _15362_/Y
 _15363_/X
 _15364_/Y
 _15365_/Y
 _15366_/X
 _15367_/Y
 _15368_/Y
 _15369_/X
 _15370_/Y
 _15371_/Y
 _15372_/Y
 _15373_/X
 _15374_/X
 _15375_/Y
 _15376_/Y
 _15377_/X
 _15378_/Y
 _15379_/Y
 _15380_/X
 _15381_/Y
 _15382_/Y
 _15383_/Y
 _15384_/X
 _15385_/Y
 _15386_/X
 _15387_/Y
 _15388_/X
 _15389_/Y
 _15390_/Y
 _15391_/X
 _15392_/Y
 _15393_/Y
 _15394_/Y
 _15395_/Y
 _15396_/X
 _15397_/Y
 _15398_/Y
 _15399_/Y
 _15400_/X
 _15401_/X
 _15402_/Y
 _15403_/Y
 _15404_/X
 _15405_/Y
 _15406_/Y
 _15407_/X
 _15408_/X
 _15409_/X
 _15410_/X
 _15411_/X
 _15412_/Y
 _15413_/X
 _15414_/Y
 _15415_/Y
 _15416_/Y
 _15417_/Y
 _15418_/Y
 _15419_/Y
 _15420_/Y
 _15421_/X
 _15422_/X
 _15423_/Y
 _15424_/Y
 _15425_/Y
 _15426_/Y
 _15427_/X
 _15428_/Y
 _15429_/Y
 _15430_/Y
 _15431_/Y
 _15432_/Y
 _15433_/Y
 _15434_/Y
 _15435_/Y
 _15436_/Y
 _15437_/Y
 _15438_/Y
 _15439_/Y
 _15440_/Y
 _15441_/Y
 _15442_/Y
 _15443_/X
 _15444_/Y
 _15445_/Y
 _15446_/X
 _15447_/Y
 _15448_/X
 _15449_/Y
 _15450_/X
 _15451_/Y
 _15452_/X
 _15453_/Y
 _15454_/X
 _15455_/Y
 _15456_/Y
 _15457_/Y
 _15458_/X
 _15459_/X
 _15460_/X
 _15461_/Y
 _15462_/X
 _15463_/X
 _15464_/Y
 _15465_/X
 _15466_/Y
 _15467_/Y
 _15468_/Y
 _15469_/X
 _15470_/Y
 _15471_/Y
 _15472_/X
 _15473_/Y
 _15474_/Y
 _15475_/X
 _15476_/X
 _15477_/Y
 _15478_/X
 _15479_/Y
 _15480_/Y
 _15481_/X
 _15482_/X
 _15483_/Y
 _15484_/Y
 _15485_/Y
 _15486_/X
 _15487_/X
 _15488_/Y
 _15489_/X
 _15490_/Y
 _15491_/Y
 _15492_/X
 _15493_/Y
 _15494_/Y
 _15495_/X
 _15496_/Y
 _15497_/Y
 _15498_/X
 _15499_/Y
 _15500_/Y
 _15501_/Y
 _15502_/Y
 _15503_/Y
 _15504_/X
 _15505_/Y
 _15506_/Y
 _15507_/Y
 _15508_/Y
 _15509_/X
 _15510_/Y
 _15511_/Y
 _15512_/Y
 _15513_/X
 _15514_/Y
 _15515_/X
 _15516_/Y
 _15517_/Y
 _15518_/Y
 _15519_/Y
 _15520_/Y
 _15521_/X
 _15522_/Y
 _15523_/Y
 _15524_/Y
 _15525_/X
 _15526_/X
 _15527_/Y
 _15528_/X
 _15529_/Y
 _15530_/X
 _15531_/Y
 _15532_/X
 _15533_/X
 _15534_/X
 _15535_/X
 _15536_/Y
 _15537_/Y
 _15538_/Y
 _15539_/X
 _15540_/Y
 _15541_/Y
 _15542_/X
 _15543_/X
 _15544_/X
 _15545_/Y
 _15546_/Y
 _15547_/X
 _15548_/Y
 _15549_/X
 _15550_/X
 _15551_/Y
 _15552_/X
 _15553_/Y
 _15554_/X
 _15555_/Y
 _15556_/Y
 _15557_/Y
 _15558_/X
 _15559_/X
 _15560_/Y
 _15561_/X
 _15562_/Y
 _15563_/Y
 _15564_/Y
 _15565_/Y
 _15566_/Y
 _15567_/X
 _15568_/Y
 _15569_/Y
 _15570_/Y
 _15571_/X
 _15572_/Y
 _15573_/Y
 _15574_/Y
 _15575_/Y
 _15576_/X
 _15577_/Y
 _15578_/Y
 _15579_/X
 _15580_/X
 _15581_/Y
 _15582_/X
 _15583_/X
 _15584_/X
 _15585_/X
 _15586_/X
 _15587_/Y
 _15588_/Y
 _15589_/Y
 _15590_/Y
 _15591_/Y
 _15592_/Y
 _15593_/Y
 _15594_/Y
 _15595_/X
 _15596_/X
 _15597_/Y
 _15598_/X
 _15599_/X
 _15600_/Y
 _15601_/X
 _15602_/X
 _15603_/Y
 _15604_/Y
 _15605_/X
 _15606_/Y
 _15607_/Y
 _15608_/Y
 _15609_/Y
 _15610_/Y
 _15611_/Y
 _15612_/Y
 _15613_/X
 _15614_/Y
 _15615_/Y
 _15616_/Y
 _15617_/X
 _15618_/Y
 _15619_/X
 _15620_/Y
 _15621_/Y
 _15622_/X
 _15623_/X
 _15624_/Y
 _15625_/Y
 _15626_/X
 _15627_/Y
 _15628_/X
 _15629_/Y
 _15630_/X
 _15631_/X
 _15632_/X
 _15633_/Y
 _15634_/Y
 _15635_/X
 _15636_/Y
 _15637_/Y
 _15638_/X
 _15639_/Y
 _15640_/X
 _15641_/Y
 _15642_/X
 _15643_/X
 _15644_/Y
 _15645_/Y
 _15646_/Y
 _15647_/Y
 _15648_/X
 _15649_/Y
 _15650_/X
 _15651_/Y
 _15652_/Y
 _15653_/X
 _15654_/Y
 _15655_/X
 _15656_/X
 _15657_/X
 _15658_/X
 _15659_/X
 _15660_/Y
 _15661_/X
 _15662_/Y
 _15663_/Y
 _15664_/X
 _15665_/X
 _15666_/X
 _15667_/X
 _15668_/X
 _15669_/Y
 _15670_/Y
 _15671_/Y
 _15672_/Y
 _15673_/X
 _15674_/Y
 _15675_/X
 _15676_/Y
 _15677_/X
 _15678_/X
 _15679_/Y
 _15680_/Y
 _15681_/X
 _15682_/Y
 _15683_/Y
 _15684_/Y
 _15685_/X
 _15686_/Y
 _15687_/X
 _15688_/Y
 _15689_/Y
 _15690_/Y
 _15691_/X
 _15692_/X
 _15693_/Y
 _15694_/Y
 _15695_/X
 _15696_/Y
 _15697_/Y
 _15698_/Y
 _15699_/X
 _15700_/Y
 _15701_/Y
 _15702_/Y
 _15703_/Y
 _15704_/X
 _15705_/X
 _15706_/X
 _15707_/X
 _15708_/Y
 _15709_/X
 _15710_/Y
 _15711_/Y
 _15712_/Y
 _15713_/X
 _15714_/Y
 _15715_/Y
 _15716_/Y
 _15717_/Y
 _15718_/X
 _15719_/Y
 _15720_/Y
 _15721_/Y
 _15722_/X
 _15723_/Y
 _15724_/X
 _15725_/Y
 _15726_/X
 _15727_/X
 _15728_/X
 _15729_/X
 _15730_/X
 _15731_/X
 _15732_/X
 _15733_/X
 _15734_/Y
 _15735_/X
 _15736_/X
 _15737_/Y
 _15738_/X
 _15739_/X
 _15740_/Y
 _15741_/X
 _15742_/X
 _15743_/X
 _15744_/X
 _15745_/X
 _15746_/X
 _15747_/X
 _15748_/X
 _15749_/Y
 _15750_/X
 _15751_/X
 _15752_/X
 _15753_/Y
 _15754_/X
 _15755_/X
 _15756_/Y
 _15757_/Y
 _15758_/X
 _15759_/X
 _15760_/Y
 _15761_/X
 _15762_/X
 _15763_/X
 _15764_/X
 _15765_/X
 _15766_/Y
 _15767_/X
 _15768_/X
 _15769_/X
 _15770_/X
 _15771_/X
 _15772_/Y
 _15773_/Y
 _15774_/Y
 _15775_/X
 _15776_/X
 _15777_/Y
 _15778_/X
 _15779_/Y
 _15780_/X
 _15781_/X
 _15782_/Y
 _15783_/X
 _15784_/X
 _15785_/X
 _15786_/Y
 _15787_/Y
 _15788_/X
 _15789_/X
 _15790_/X
 _15791_/X
 _15792_/Y
 _15793_/X
 _15794_/Y
 _15795_/Y
 _15796_/X
 _15797_/Y
 _15798_/X
 _15799_/Y
 _15800_/Y
 _15801_/X
 _15802_/Y
 _15803_/X
 _15804_/Y
 _15805_/X
 _15806_/X
 _15807_/X
 _15808_/X
 _15809_/X
 _15810_/X
 _15811_/X
 _15812_/X
 _15813_/X
 _15814_/X
 _15815_/X
 _15816_/X
 _15817_/X
 _15818_/X
 _15819_/X
 _15820_/X
 _15821_/X
 _15822_/X
 _15823_/X
 _15824_/X
 _15825_/X
 _15826_/X
 _15827_/X
 _15828_/X
 _15829_/X
 _15830_/X
 _15831_/X
 _15832_/X
 _15833_/X
 _15834_/X
 _15835_/X
 _15836_/X
 _15837_/X
 _15838_/X
 _15839_/X
 _15840_/X
 _15841_/X
 _15842_/X
 _15843_/X
 _15844_/X
 _15845_/X
 _15846_/X
 _15847_/X
 _15848_/X
 _15849_/X
 _15850_/X
 _15851_/X
 _15852_/X
 _15853_/X
 _15854_/X
 _15855_/X
 _15856_/X
 _15857_/X
 _15858_/Y
 _15859_/X
 _15860_/Y
 _15861_/X
 _15862_/X
 _15863_/X
 _15864_/X
 _15865_/X
 _15866_/X
 _15867_/X
 _15868_/Y
 _15869_/X
 _15870_/Y
 _15871_/X
 _15872_/X
 _15873_/Y
 _15874_/X
 _15875_/X
 _15876_/X
 _15877_/X
 _15878_/X
 _15879_/X
 _15880_/Y
 _15881_/X
 _15882_/X
 _15883_/X
 _15884_/X
 _15885_/X
 _15886_/X
 _15887_/X
 _15888_/X
 _15889_/X
 _15890_/X
 _15891_/Y
 _15892_/Y
 _15893_/X
 _15894_/Y
 _15895_/X
 _15896_/X
 _15897_/Y
 _15898_/X
 _15899_/Y
 _15900_/Y
 _15901_/Y
 _15902_/Y
 _15903_/X
 _15904_/X
 _15905_/X
 _15906_/X
 _15907_/X
 _15908_/X
 _15909_/X
 _15910_/X
 _15911_/Y
 _15912_/X
 _15913_/X
 _15914_/X
 _15915_/Y
 _15916_/Y
 _15917_/X
 _15918_/X
 _15919_/Y
 _15920_/Y
 _15921_/Y
 _15922_/Y
 _15923_/Y
 _15924_/Y
 _15925_/X
 _15926_/Y
 _15927_/X
 _15928_/X
 _15929_/Y
 _15930_/Y
 _15931_/X
 _15932_/Y
 _15933_/X
 _15934_/X
 _15935_/X
 _15936_/Y
 _15937_/Y
 _15938_/Y
 _15939_/X
 _15940_/X
 _15941_/Y
 _15942_/Y
 _15943_/Y
 _15944_/X
 _15945_/Y
 _15946_/X
 _15947_/Y
 _15948_/Y
 _15949_/Y
 _15950_/Y
 _15951_/X
 _15952_/X
 _15953_/X
 _15954_/X
 _15955_/X
 _15956_/X
 _15957_/Y
 _15958_/X
 _15959_/X
 _15960_/X
 _15961_/Y
 _15962_/X
 _15963_/Y
 _15964_/Y
 _15965_/Y
 _15966_/X
 _15967_/X
 _15968_/Y
 _15969_/X
 _15970_/Y
 _15971_/Y
 _15972_/Y
 _15973_/Y
 _15974_/Y
 _15975_/Y
 _15976_/X
 _15977_/X
 _15978_/X
 _15979_/Y
 _15980_/Y
 _15981_/Y
 _15982_/X
 _15983_/Y
 _15984_/Y
 _15985_/X
 _15986_/Y
 _15987_/X
 _15988_/X
 _15989_/Y
 _15990_/X
 _15991_/X
 _15992_/X
 _15993_/Y
 _15994_/Y
 _15995_/Y
 _15996_/Y
 _15997_/Y
 _15998_/X
 _15999_/X
 _16000_/X
 _16001_/X
 _16002_/Y
 _16003_/X
 _16004_/Y
 _16005_/Y
 _16006_/Y
 _16007_/Y
 _16008_/X
 _16009_/Y
 _16010_/X
 _16011_/X
 _16012_/Y
 _16013_/X
 _16014_/Y
 _16015_/Y
 _16016_/X
 _16017_/X
 _16018_/Y
 _16019_/Y
 _16020_/Y
 _16021_/Y
 _16022_/Y
 _16023_/Y
 _16024_/X
 _16025_/X
 _16026_/X
 _16027_/X
 _16028_/Y
 _16029_/X
 _16030_/Y
 _16031_/Y
 _16032_/X
 _16033_/Y
 _16034_/Y
 _16035_/Y
 _16036_/Y
 _16037_/X
 _16038_/X
 _16039_/Y
 _16040_/Y
 _16041_/Y
 _16042_/Y
 _16043_/Y
 _16044_/Y
 _16045_/X
 _16046_/X
 _16047_/X
 _16048_/X
 _16049_/X
 _16050_/Y
 _16051_/Y
 _16052_/Y
 _16053_/X
 _16054_/X
 _16055_/Y
 _16056_/Y
 _16057_/Y
 _16058_/Y
 _16059_/X
 _16060_/X
 _16061_/Y
 _16062_/X
 _16063_/Y
 _16064_/Y
 _16065_/Y
 _16066_/Y
 _16067_/Y
 _16068_/Y
 _16069_/X
 _16070_/Y
 _16071_/X
 _16072_/Y
 _16073_/Y
 _16074_/Y
 _16075_/Y
 _16076_/Y
 _16077_/Y
 _16078_/Y
 _16079_/Y
 _16080_/X
 _16081_/X
 _16082_/X
 _16083_/X
 _16084_/Y
 _16085_/Y
 _16086_/X
 _16087_/Y
 _16088_/X
 _16089_/X
 _16090_/X
 _16091_/Y
 _16092_/X
 _16093_/Y
 _16094_/X
 _16095_/X
 _16096_/X
 _16097_/Y
 _16098_/X
 _16099_/Y
 _16100_/Y
 _16101_/Y
 _16102_/X
 _16103_/X
 _16104_/Y
 _16105_/Y
 _16106_/Y
 _16107_/Y
 _16108_/Y
 _16109_/X
 _16110_/X
 _16111_/X
 _16112_/X
 _16113_/Y
 _16114_/X
 _16115_/X
 _16116_/Y
 _16117_/Y
 _16118_/X
 _16119_/Y
 _16120_/X
 _16121_/X
 _16122_/Y
 _16123_/Y
 _16124_/X
 _16125_/Y
 _16126_/Y
 _16127_/Y
 _16128_/X
 _16129_/Y
 _16130_/Y
 _16131_/Y
 _16132_/Y
 _16133_/X
 _16134_/Y
 _16135_/Y
 _16136_/Y
 _16137_/Y
 _16138_/Y
 _16139_/Y
 _16140_/Y
 _16141_/Y
 _16142_/Y
 _16143_/X
 _16144_/X
 _16145_/X
 _16146_/Y
 _16147_/Y
 _16148_/Y
 _16149_/Y
 _16150_/Y
 _16151_/Y
 _16152_/Y
 _16153_/X
 _16154_/X
 _16155_/Y
 _16156_/Y
 _16157_/Y
 _16158_/Y
 _16159_/Y
 _16160_/X
 _16161_/Y
 _16162_/X
 _16163_/X
 _16164_/Y
 _16165_/X
 _16166_/Y
 _16167_/Y
 _16168_/Y
 _16169_/Y
 _16170_/Y
 _16171_/X
 _16172_/Y
 _16173_/X
 _16174_/Y
 _16175_/Y
 _16176_/Y
 _16177_/Y
 _16178_/X
 _16179_/Y
 _16180_/X
 _16181_/Y
 _16182_/X
 _16183_/Y
 _16184_/Y
 _16185_/Y
 _16186_/Y
 _16187_/X
 _16188_/Y
 _16189_/X
 _16190_/Y
 _16191_/X
 _16192_/Y
 _16193_/X
 _16194_/X
 _16195_/Y
 _16196_/Y
 _16197_/Y
 _16198_/X
 _16199_/Y
 _16200_/Y
 _16201_/Y
 _16202_/Y
 _16203_/X
 _16204_/Y
 _16205_/Y
 _16206_/Y
 _16207_/X
 _16208_/Y
 _16209_/X
 _16210_/Y
 _16211_/Y
 _16212_/Y
 _16213_/Y
 _16214_/X
 _16215_/X
 _16216_/Y
 _16217_/Y
 _16218_/X
 _16219_/Y
 _16220_/Y
 _16221_/Y
 _16222_/Y
 _16223_/Y
 _16224_/Y
 _16225_/Y
 _16226_/Y
 _16227_/Y
 _16228_/X
 _16229_/Y
 _16230_/X
 _16231_/X
 _16232_/Y
 _16233_/Y
 _16234_/Y
 _16235_/Y
 _16236_/X
 _16237_/Y
 _16238_/Y
 _16239_/Y
 _16240_/Y
 _16241_/Y
 _16242_/X
 _16243_/Y
 _16244_/Y
 _16245_/Y
 _16246_/Y
 _16247_/Y
 _16248_/Y
 _16249_/X
 _16250_/Y
 _16251_/X
 _16252_/X
 _16253_/X
 _16254_/Y
 _16255_/X
 _16256_/Y
 _16257_/X
 _16258_/X
 _16259_/X
 _16260_/X
 _16261_/Y
 _16262_/Y
 _16263_/Y
 _16264_/Y
 _16265_/X
 _16266_/Y
 _16267_/X
 _16268_/Y
 _16269_/Y
 _16270_/X
 _16271_/Y
 _16272_/X
 _16273_/Y
 _16274_/Y
 _16275_/Y
 _16276_/Y
 _16277_/X
 _16278_/X
 _16279_/Y
 _16280_/Y
 _16281_/Y
 _16282_/Y
 _16283_/Y
 _16284_/X
 _16285_/Y
 _16286_/X
 _16287_/Y
 _16288_/Y
 _16289_/Y
 _16290_/Y
 _16291_/Y
 _16292_/Y
 _16293_/Y
 _16294_/Y
 _16295_/Y
 _16296_/Y
 _16297_/Y
 _16298_/Y
 _16299_/Y
 _16300_/Y
 _16301_/Y
 _16302_/X
 _16303_/Y
 _16304_/Y
 _16305_/Y
 _16306_/Y
 _16307_/Y
 _16308_/Y
 _16309_/Y
 _16310_/Y
 _16311_/Y
 _16312_/X
 _16313_/Y
 _16314_/Y
 _16315_/X
 _16316_/X
 _16317_/Y
 _16318_/X
 _16319_/Y
 _16320_/Y
 _16321_/Y
 _16322_/X
 _16323_/Y
 _16324_/Y
 _16325_/Y
 _16326_/Y
 _16327_/Y
 _16328_/X
 _16329_/Y
 _16330_/Y
 _16331_/Y
 _16332_/X
 _16333_/X
 _16334_/X
 _16335_/X
 _16336_/Y
 _16337_/X
 _16338_/Y
 _16339_/Y
 _16340_/X
 _16341_/Y
 _16342_/X
 _16343_/Y
 _16344_/Y
 _16345_/Y
 _16346_/Y
 _16347_/Y
 _16348_/Y
 _16349_/Y
 _16350_/Y
 _16351_/Y
 _16352_/Y
 _16353_/Y
 _16354_/X
 _16355_/Y
 _16356_/X
 _16357_/Y
 _16358_/Y
 _16359_/X
 _16360_/Y
 _16361_/Y
 _16362_/Y
 _16363_/Y
 _16364_/Y
 _16365_/Y
 _16366_/X
 _16367_/Y
 _16368_/Y
 _16369_/Y
 _16370_/Y
 _16371_/X
 _16372_/X
 _16373_/X
 _16374_/X
 _16375_/Y
 _16376_/Y
 _16377_/Y
 _16378_/X
 _16379_/Y
 _16380_/Y
 _16381_/X
 _16382_/X
 _16383_/Y
 _16384_/X
 _16385_/Y
 _16386_/Y
 _16387_/X
 _16388_/Y
 _16389_/Y
 _16390_/X
 _16391_/Y
 _16392_/X
 _16393_/X
 _16394_/Y
 _16395_/X
 _16396_/X
 _16397_/X
 _16398_/X
 _16399_/Y
 _16400_/X
 _16401_/X
 _16402_/X
 _16403_/X
 _16404_/Y
 _16405_/Y
 _16406_/Y
 _16407_/X
 _16408_/X
 _16409_/Y
 _16410_/X
 _16411_/Y
 _16412_/X
 _16413_/X
 _16414_/Y
 _16415_/Y
 _16416_/Y
 _16417_/X
 _16418_/Y
 _16419_/Y
 _16420_/X
 _16421_/Y
 _16422_/X
 _16423_/Y
 _16424_/Y
 _16425_/X
 _16426_/Y
 _16427_/Y
 _16428_/Y
 _16429_/Y
 _16430_/Y
 _16431_/X
 _16432_/X
 _16433_/X
 _16434_/Y
 _16435_/Y
 _16436_/Y
 _16437_/Y
 _16438_/Y
 _16439_/X
 _16440_/Y
 _16441_/Y
 _16442_/Y
 _16443_/X
 _16444_/X
 _16445_/Y
 _16446_/X
 _16447_/Y
 _16448_/X
 _16449_/X
 _16450_/X
 _16451_/X
 _16452_/X
 _16453_/Y
 _16454_/Y
 _16455_/Y
 _16456_/X
 _16457_/X
 _16458_/Y
 _16459_/Y
 _16460_/X
 _16461_/X
 _16462_/Y
 _16463_/X
 _16464_/Y
 _16465_/X
 _16466_/Y
 _16467_/X
 _16468_/Y
 _16469_/Y
 _16470_/X
 _16471_/X
 _16472_/Y
 _16473_/Y
 _16474_/Y
 _16475_/Y
 _16476_/Y
 _16477_/Y
 _16478_/X
 _16479_/Y
 _16480_/Y
 _16481_/X
 _16482_/X
 _16483_/X
 _16484_/Y
 _16485_/X
 _16486_/Y
 _16487_/Y
 _16488_/Y
 _16489_/Y
 _16490_/Y
 _16491_/Y
 _16492_/Y
 _16493_/Y
 _16494_/Y
 _16495_/Y
 _16496_/X
 _16497_/Y
 _16498_/Y
 _16499_/X
 _16500_/Y
 _16501_/Y
 _16502_/X
 _16503_/Y
 _16504_/Y
 _16505_/Y
 _16506_/Y
 _16507_/Y
 _16508_/Y
 _16509_/X
 _16510_/Y
 _16511_/X
 _16512_/Y
 _16513_/Y
 _16514_/Y
 _16515_/X
 _16516_/Y
 _16517_/X
 _16518_/Y
 _16519_/Y
 _16520_/X
 _16521_/X
 _16522_/X
 _16523_/Y
 _16524_/X
 _16525_/X
 _16526_/Y
 _16527_/Y
 _16528_/X
 _16529_/X
 _16530_/X
 _16531_/X
 _16532_/Y
 _16533_/X
 _16534_/Y
 _16535_/X
 _16536_/X
 _16537_/Y
 _16538_/Y
 _16539_/X
 _16540_/X
 _16541_/X
 _16542_/Y
 _16543_/X
 _16544_/Y
 _16545_/Y
 _16546_/Y
 _16547_/X
 _16548_/Y
 _16549_/Y
 _16550_/X
 _16551_/Y
 _16552_/Y
 _16553_/X
 _16554_/X
 _16555_/X
 _16556_/Y
 _16557_/X
 _16558_/X
 _16559_/X
 _16560_/Y
 _16561_/X
 _16562_/X
 _16563_/Y
 _16564_/X
 _16565_/Y
 _16566_/X
 _16567_/Y
 _16568_/Y
 _16569_/Y
 _16570_/X
 _16571_/X
 _16572_/Y
 _16573_/Y
 _16574_/X
 _16575_/Y
 _16576_/X
 _16577_/X
 _16578_/Y
 _16579_/X
 _16580_/X
 _16581_/Y
 _16582_/Y
 _16583_/X
 _16584_/X
 _16585_/Y
 _16586_/Y
 _16587_/X
 _16588_/Y
 _16589_/X
 _16590_/X
 _16591_/X
 _16592_/Y
 _16593_/Y
 _16594_/X
 _16595_/X
 _16596_/Y
 _16597_/X
 _16598_/Y
 _16599_/Y
 _16600_/Y
 _16601_/Y
 _16602_/Y
 _16603_/X
 _16604_/X
 _16605_/X
 _16606_/X
 _16607_/Y
 _16608_/X
 _16609_/Y
 _16610_/X
 _16611_/X
 _16612_/Y
 _16613_/X
 _16614_/X
 _16615_/Y
 _16616_/X
 _16617_/Y
 _16618_/Y
 _16619_/Y
 _16620_/Y
 _16621_/X
 _16622_/X
 _16623_/X
 _16624_/Y
 _16625_/X
 _16626_/X
 _16627_/X
 _16628_/Y
 _16629_/Y
 _16630_/X
 _16631_/Y
 _16632_/Y
 _16633_/X
 _16634_/Y
 _16635_/Y
 _16636_/Y
 _16637_/Y
 _16638_/Y
 _16639_/X
 _16640_/Y
 _16641_/X
 _16642_/X
 _16643_/X
 _16644_/X
 _16645_/X
 _16646_/X
 _16647_/X
 _16648_/X
 _16649_/X
 _16650_/X
 _16651_/X
 _16652_/X
 _16653_/X
 _16654_/X
 _16655_/X
 _16656_/X
 _16657_/X
 _16658_/X
 _16659_/X
 _16660_/X
 _16661_/X
 _16662_/X
 _16663_/X
 _16664_/X
 _16665_/X
 _16666_/X
 _16667_/X
 _16668_/X
 _16669_/X
 _16670_/X
 _16671_/X
 _16672_/X
 _16673_/X
 _16674_/X
 _16675_/X
 _16676_/X
 _16677_/X
 _16678_/X
 _16679_/X
 _16680_/X
 _16681_/X
 _16682_/X
 _16683_/X
 _16684_/X
 _16685_/X
 _16686_/X
 _16687_/X
 _16688_/X
 _16689_/X
 _16690_/X
 _16691_/X
 _16692_/X
 _16693_/X
 _16694_/X
 _16695_/X
 _16696_/X
 _16697_/X
 _16698_/X
 _16699_/X
 _16700_/X
 _16701_/X
 _16702_/X
 _16703_/X
 _16704_/X
 _16705_/X
 _16706_/X
 _16707_/X
 _16708_/X
 _16709_/X
 _16710_/X
 _16711_/X
 _16712_/X
 _16713_/X
 _16714_/X
 _16715_/X
 _16716_/X
 _16717_/X
 _16718_/X
 _16719_/X
 _16720_/X
 _16721_/X
 _16722_/X
 _16723_/X
 _16724_/X
 _16725_/X
 _16726_/X
 _16727_/X
 _16728_/X
 _16729_/X
 _16730_/X
 _16731_/X
 _16732_/Y
 _16733_/Y
 _16734_/X
 _16735_/X
 _16736_/Y
 _16737_/X
 _16738_/Y
 _16739_/X
 _16740_/X
 _16741_/Y
 _16742_/X
 _16743_/X
 _16744_/X
 _16745_/Y
 _16746_/X
 _16747_/Y
 _16748_/X
 _16749_/Y
 _16750_/X
 _16751_/Y
 _16752_/X
 _16753_/X
 _16754_/Y
 _16755_/X
 _16756_/Y
 _16757_/Y
 _16758_/X
 _16759_/X
 _16760_/Y
 _16761_/Y
 _16762_/Y
 _16763_/X
 _16764_/X
 _16765_/X
 _16766_/Y
 _16767_/Y
 _16768_/X
 _16769_/Y
 _16770_/X
 _16771_/X
 _16772_/X
 _16773_/X
 _16774_/X
 _16775_/Y
 _16776_/Y
 _16777_/Y
 _16778_/Y
 _16779_/Y
 _16780_/Y
 _16781_/Y
 _16782_/Y
 _16783_/Y
 _16784_/X
 _16785_/Y
 _16786_/X
 _16787_/X
 _16788_/Y
 _16789_/Y
 _16790_/Y
 _16791_/Y
 _16792_/X
 _16793_/X
 _16794_/X
 _16795_/Y
 _16796_/X
 _16797_/X
 _16798_/X
 _16799_/X
 _16800_/Y
 _16801_/X
 _16802_/X
 _16803_/Y
 _16804_/Y
 _16805_/Y
 _16806_/X
 _16807_/X
 _16808_/Y
 _16809_/Y
 _16810_/Y
 _16811_/Y
 _16812_/Y
 _16813_/X
 _16814_/X
 _16815_/X
 _16816_/X
 _16817_/X
 _16818_/X
 _16819_/X
 _16820_/X
 _16821_/Y
 _16822_/Y
 _16823_/Y
 _16824_/Y
 _16825_/X
 _16826_/Y
 _16827_/X
 _16828_/Y
 _16829_/X
 _16830_/Y
 _16831_/Y
 _16832_/X
 _16833_/Y
 _16834_/Y
 _16835_/Y
 _16836_/Y
 _16837_/X
 _16838_/X
 _16839_/Y
 _16840_/X
 _16841_/Y
 _16842_/X
 _16843_/Y
 _16844_/X
 _16845_/Y
 _16846_/X
 _16847_/X
 _16848_/Y
 _16849_/X
 _16850_/Y
 _16851_/Y
 _16852_/Y
 _16853_/Y
 _16854_/Y
 _16855_/Y
 _16856_/Y
 _16857_/X
 _16858_/Y
 _16859_/Y
 _16860_/Y
 _16861_/Y
 _16862_/X
 _16863_/Y
 _16864_/X
 _16865_/X
 _16866_/X
 _16867_/Y
 _16868_/X
 _16869_/X
 _16870_/Y
 _16871_/X
 _16872_/Y
 _16873_/Y
 _16874_/Y
 _16875_/X
 _16876_/Y
 _16877_/Y
 _16878_/Y
 _16879_/X
 _16880_/X
 _16881_/Y
 _16882_/Y
 _16883_/X
 _16884_/Y
 _16885_/X
 _16886_/Y
 _16887_/Y
 _16888_/Y
 _16889_/Y
 _16890_/Y
 _16891_/Y
 _16892_/X
 _16893_/X
 _16894_/Y
 _16895_/Y
 _16896_/Y
 _16897_/Y
 _16898_/X
 _16899_/X
 _16900_/X
 _16901_/Y
 _16902_/X
 _16903_/Y
 _16904_/Y
 _16905_/Y
 _16906_/Y
 _16907_/X
 _16908_/Y
 _16909_/Y
 _16910_/Y
 _16911_/Y
 _16912_/X
 _16913_/X
 _16914_/Y
 _16915_/Y
 _16916_/Y
 _16917_/Y
 _16918_/Y
 _16919_/X
 _16920_/X
 _16921_/Y
 _16922_/Y
 _16923_/Y
 _16924_/Y
 _16925_/X
 _16926_/Y
 _16927_/Y
 _16928_/X
 _16929_/Y
 _16930_/Y
 _16931_/Y
 _16932_/X
 _16933_/Y
 _16934_/X
 _16935_/Y
 _16936_/Y
 _16937_/Y
 _16938_/X
 _16939_/Y
 _16940_/Y
 _16941_/Y
 _16942_/Y
 _16943_/Y
 _16944_/X
 _16945_/Y
 _16946_/Y
 _16947_/X
 _16948_/Y
 _16949_/X
 _16950_/Y
 _16951_/X
 _16952_/X
 _16953_/Y
 _16954_/Y
 _16955_/Y
 _16956_/Y
 _16957_/Y
 _16958_/Y
 _16959_/Y
 _16960_/Y
 _16961_/Y
 _16962_/X
 _16963_/X
 _16964_/Y
 _16965_/Y
 _16966_/Y
 _16967_/Y
 _16968_/X
 _16969_/Y
 _16970_/Y
 _16971_/Y
 _16972_/Y
 _16973_/Y
 _16974_/Y
 _16975_/Y
 _16976_/Y
 _16977_/Y
 _16978_/Y
 _16979_/X
 _16980_/X
 _16981_/Y
 _16982_/X
 _16983_/Y
 _16984_/X
 _16985_/Y
 _16986_/Y
 _16987_/X
 _16988_/Y
 _16989_/X
 _16990_/X
 _16991_/X
 _16992_/Y
 _16993_/Y
 _16994_/X
 _16995_/X
 _16996_/Y
 _16997_/X
 _16998_/Y
 _16999_/X
 _17000_/Y
 _17001_/Y
 _17002_/Y
 _17003_/X
 _17004_/Y
 _17005_/Y
 _17006_/X
 _17007_/Y
 _17008_/X
 _17009_/X
 _17010_/Y
 _17011_/Y
 _17012_/Y
 _17013_/Y
 _17014_/X
 _17015_/Y
 _17016_/Y
 _17017_/Y
 _17018_/Y
 _17019_/Y
 _17020_/Y
 _17021_/X
 _17022_/X
 _17023_/Y
 _17024_/Y
 _17025_/Y
 _17026_/X
 _17027_/Y
 _17028_/X
 _17029_/Y
 _17030_/Y
 _17031_/Y
 _17032_/X
 _17033_/Y
 _17034_/Y
 _17035_/X
 _17036_/Y
 _17037_/Y
 _17038_/Y
 _17039_/X
 _17040_/Y
 _17041_/Y
 _17042_/Y
 _17043_/Y
 _17044_/Y
 _17045_/X
 _17046_/Y
 _17047_/Y
 _17048_/X
 _17049_/Y
 _17050_/Y
 _17051_/Y
 _17052_/Y
 _17053_/Y
 _17054_/X
 _17055_/X
 _17056_/Y
 _17057_/Y
 _17058_/Y
 _17059_/Y
 _17060_/Y
 _17061_/Y
 _17062_/Y
 _17063_/X
 _17064_/Y
 _17065_/X
 _17066_/Y
 _17067_/X
 _17068_/X
 _17069_/Y
 _17070_/Y
 _17071_/Y
 _17072_/Y
 _17073_/Y
 _17074_/Y
 _17075_/Y
 _17076_/X
 _17077_/X
 _17078_/Y
 _17079_/Y
 _17080_/Y
 _17081_/X
 _17082_/Y
 _17083_/X
 _17084_/Y
 _17085_/Y
 _17086_/X
 _17087_/X
 _17088_/Y
 _17089_/Y
 _17090_/Y
 _17091_/Y
 _17092_/Y
 _17093_/Y
 _17094_/X
 _17095_/Y
 _17096_/X
 _17097_/Y
 _17098_/Y
 _17099_/Y
 _17100_/Y
 _17101_/X
 _17102_/Y
 _17103_/X
 _17104_/Y
 _17105_/Y
 _17106_/Y
 _17107_/X
 _17108_/X
 _17109_/X
 _17110_/Y
 _17111_/X
 _17112_/Y
 _17113_/Y
 _17114_/X
 _17115_/Y
 _17116_/X
 _17117_/Y
 _17118_/Y
 _17119_/X
 _17120_/Y
 _17121_/X
 _17122_/Y
 _17123_/X
 _17124_/X
 _17125_/X
 _17126_/Y
 _17127_/Y
 _17128_/Y
 _17129_/X
 _17130_/Y
 _17131_/Y
 _17132_/Y
 _17133_/X
 _17134_/Y
 _17135_/Y
 _17136_/Y
 _17137_/Y
 _17138_/X
 _17139_/Y
 _17140_/X
 _17141_/X
 _17142_/X
 _17143_/Y
 _17144_/Y
 _17145_/X
 _17146_/Y
 _17147_/X
 _17148_/X
 _17149_/Y
 _17150_/X
 _17151_/Y
 _17152_/Y
 _17153_/Y
 _17154_/Y
 _17155_/Y
 _17156_/X
 _17157_/Y
 _17158_/Y
 _17159_/X
 _17160_/Y
 _17161_/X
 _17162_/Y
 _17163_/X
 _17164_/X
 _17165_/Y
 _17166_/Y
 _17167_/X
 _17168_/Y
 _17169_/Y
 _17170_/Y
 _17171_/X
 _17172_/Y
 _17173_/X
 _17174_/Y
 _17175_/Y
 _17176_/X
 _17177_/Y
 _17178_/Y
 _17179_/Y
 _17180_/X
 _17181_/Y
 _17182_/Y
 _17183_/Y
 _17184_/X
 _17185_/Y
 _17186_/X
 _17187_/Y
 _17188_/Y
 _17189_/X
 _17190_/Y
 _17191_/Y
 _17192_/Y
 _17193_/Y
 _17194_/Y
 _17195_/Y
 _17196_/X
 _17197_/Y
 _17198_/Y
 _17199_/X
 _17200_/Y
 _17201_/Y
 _17202_/X
 _17203_/Y
 _17204_/X
 _17205_/X
 _17206_/Y
 _17207_/X
 _17208_/X
 _17209_/X
 _17210_/X
 _17211_/Y
 _17212_/Y
 _17213_/Y
 _17214_/X
 _17215_/X
 _17216_/X
 _17217_/Y
 _17218_/Y
 _17219_/Y
 _17220_/Y
 _17221_/Y
 _17222_/Y
 _17223_/Y
 _17224_/Y
 _17225_/Y
 _17226_/Y
 _17227_/X
 _17228_/X
 _17229_/Y
 _17230_/Y
 _17231_/Y
 _17232_/X
 _17233_/X
 _17234_/Y
 _17235_/Y
 _17236_/Y
 _17237_/Y
 _17238_/X
 _17239_/Y
 _17240_/Y
 _17241_/Y
 _17242_/Y
 _17243_/Y
 _17244_/X
 _17245_/Y
 _17246_/Y
 _17247_/Y
 _17248_/Y
 _17249_/Y
 _17250_/X
 _17251_/X
 _17252_/Y
 _17253_/X
 _17254_/X
 _17255_/Y
 _17256_/X
 _17257_/Y
 _17258_/Y
 _17259_/Y
 _17260_/X
 _17261_/Y
 _17262_/X
 _17263_/Y
 _17264_/X
 _17265_/X
 _17266_/X
 _17267_/Y
 _17268_/Y
 _17269_/Y
 _17270_/X
 _17271_/Y
 _17272_/Y
 _17273_/X
 _17274_/X
 _17275_/Y
 _17276_/Y
 _17277_/X
 _17278_/Y
 _17279_/X
 _17280_/Y
 _17281_/X
 _17282_/X
 _17283_/X
 _17284_/Y
 _17285_/Y
 _17286_/Y
 _17287_/X
 _17288_/Y
 _17289_/X
 _17290_/X
 _17291_/Y
 _17292_/X
 _17293_/Y
 _17294_/Y
 _17295_/Y
 _17296_/X
 _17297_/X
 _17298_/Y
 _17299_/X
 _17300_/Y
 _17301_/Y
 _17302_/Y
 _17303_/X
 _17304_/X
 _17305_/X
 _17306_/Y
 _17307_/Y
 _17308_/Y
 _17309_/Y
 _17310_/Y
 _17311_/X
 _17312_/Y
 _17313_/Y
 _17314_/X
 _17315_/Y
 _17316_/Y
 _17317_/Y
 _17318_/X
 _17319_/X
 _17320_/X
 _17321_/X
 _17322_/Y
 _17323_/Y
 _17324_/Y
 _17325_/Y
 _17326_/X
 _17327_/Y
 _17328_/Y
 _17329_/Y
 _17330_/Y
 _17331_/Y
 _17332_/X
 _17333_/Y
 _17334_/X
 _17335_/Y
 _17336_/Y
 _17337_/X
 _17338_/Y
 _17339_/X
 _17340_/Y
 _17341_/X
 _17342_/X
 _17343_/Y
 _17344_/Y
 _17345_/X
 _17346_/Y
 _17347_/X
 _17348_/X
 _17349_/Y
 _17350_/X
 _17351_/Y
 _17352_/Y
 _17353_/X
 _17354_/Y
 _17355_/X
 _17356_/X
 _17357_/Y
 _17358_/X
 _17359_/Y
 _17360_/X
 _17361_/Y
 _17362_/X
 _17363_/Y
 _17364_/X
 _17365_/X
 _17366_/Y
 _17367_/Y
 _17368_/Y
 _17369_/X
 _17370_/X
 _17371_/X
 _17372_/Y
 _17373_/Y
 _17374_/Y
 _17375_/X
 _17376_/X
 _17377_/Y
 _17378_/Y
 _17379_/X
 _17380_/Y
 _17381_/X
 _17382_/X
 _17383_/Y
 _17384_/X
 _17385_/X
 _17386_/Y
 _17387_/X
 _17388_/X
 _17389_/Y
 _17390_/X
 _17391_/Y
 _17392_/Y
 _17393_/X
 _17394_/Y
 _17395_/Y
 _17396_/Y
 _17397_/Y
 _17398_/Y
 _17399_/Y
 _17400_/Y
 _17401_/X
 _17402_/Y
 _17403_/X
 _17404_/Y
 _17405_/Y
 _17406_/Y
 _17407_/Y
 _17408_/X
 _17409_/X
 _17410_/Y
 _17411_/Y
 _17412_/X
 _17413_/X
 _17414_/Y
 _17415_/Y
 _17416_/Y
 _17417_/Y
 _17418_/Y
 _17419_/X
 _17420_/Y
 _17421_/X
 _17422_/X
 _17423_/X
 _17424_/X
 _17425_/Y
 _17426_/X
 _17427_/Y
 _17428_/X
 _17429_/Y
 _17430_/Y
 _17431_/Y
 _17432_/Y
 _17433_/X
 _17434_/Y
 _17435_/X
 _17436_/Y
 _17437_/Y
 _17438_/Y
 _17439_/Y
 _17440_/X
 _17441_/X
 _17442_/X
 _17443_/Y
 _17444_/X
 _17445_/X
 _17446_/Y
 _17447_/Y
 _17448_/X
 _17449_/Y
 _17450_/Y
 _17451_/Y
 _17452_/Y
 _17453_/Y
 _17454_/Y
 _17455_/X
 _17456_/X
 _17457_/Y
 _17458_/X
 _17459_/Y
 _17460_/Y
 _17461_/X
 _17462_/Y
 _17463_/Y
 _17464_/X
 _17465_/X
 _17466_/Y
 _17467_/X
 _17468_/X
 _17469_/Y
 _17470_/X
 _17471_/Y
 _17472_/X
 _17473_/X
 _17474_/X
 _17475_/X
 _17476_/X
 _17477_/X
 _17478_/X
 _17479_/X
 _17480_/X
 _17481_/X
 _17482_/X
 _17483_/X
 _17484_/X
 _17485_/X
 _17486_/X
 _17487_/X
 _17488_/X
 _17489_/X
 _17490_/X
 _17491_/X
 _17492_/X
 _17493_/X
 _17494_/X
 _17495_/X
 _17496_/X
 _17497_/X
 _17498_/X
 _17499_/X
 _17500_/X
 _17501_/X
 _17502_/X
 _17503_/X
 _17504_/X
 _17505_/X
 _17506_/X
 _17507_/X
 _17508_/X
 _17509_/X
 _17510_/X
 _17511_/X
 _17512_/X
 _17513_/X
 _17514_/X
 _17515_/X
 _17516_/X
 _17517_/X
 _17518_/X
 _17519_/X
 _17520_/X
 _17521_/X
 _17522_/X
 _17523_/X
 _17524_/X
 _17525_/X
 _17526_/X
 _17527_/X
 _17528_/X
 _17529_/X
 _17530_/X
 _17531_/X
 _17532_/X
 _17533_/X
 _17534_/X
 _17535_/X
 _17536_/X
 _17537_/X
 _17538_/X
 _17539_/X
 _17540_/X
 _17541_/X
 _17542_/X
 _17543_/X
 _17544_/X
 _17545_/X
 _17546_/X
 _17547_/X
 _17548_/X
 _17549_/X
 _17550_/X
 _17551_/X
 _17552_/X
 _17553_/X
 _17554_/X
 _17555_/X
 _17556_/X
 _17557_/X
 _17558_/X
 _17559_/X
 _17560_/X
 _17561_/X
 _17562_/X
 _17563_/X
 _17564_/X
 _17565_/X
 _17566_/X
 _17567_/X
 _17568_/X
 _17569_/Y
 _17570_/Y
 _17571_/Y
 _17572_/X
 _17573_/Y
 _17574_/X
 _17575_/X
 _17576_/Y
 _17577_/X
 _17578_/X
 _17579_/Y
 _17580_/X
 _17581_/X
 _17582_/X
 _17583_/X
 _17584_/X
 _17585_/Y
 _17586_/Y
 _17587_/Y
 _17588_/Y
 _17589_/Y
 _17590_/X
 _17591_/Y
 _17592_/X
 _17593_/Y
 _17594_/Y
 _17595_/X
 _17596_/X
 _17597_/X
 _17598_/X
 _17599_/X
 _17600_/Y
 _17601_/X
 _17602_/Y
 _17603_/Y
 _17604_/X
 _17605_/Y
 _17606_/Y
 _17607_/Y
 _17608_/X
 _17609_/Y
 _17610_/Y
 _17611_/Y
 _17612_/Y
 _17613_/X
 _17614_/X
 _17615_/Y
 _17616_/Y
 _17617_/Y
 _17618_/Y
 _17619_/X
 _17620_/Y
 _17621_/Y
 _17622_/X
 _17623_/Y
 _17624_/Y
 _17625_/X
 _17626_/Y
 _17627_/Y
 _17628_/Y
 _17629_/X
 _17630_/X
 _17631_/Y
 _17632_/Y
 _17633_/X
 _17634_/Y
 _17635_/Y
 _17636_/X
 _17637_/X
 _17638_/X
 _17639_/Y
 _17640_/Y
 _17641_/Y
 _17642_/X
 _17643_/Y
 _17644_/X
 _17645_/X
 _17646_/X
 _17647_/X
 _17648_/Y
 _17649_/X
 _17650_/X
 _17651_/Y
 _17652_/X
 _17653_/Y
 _17654_/Y
 _17655_/X
 _17656_/X
 _17657_/Y
 _17658_/X
 _17659_/Y
 _17660_/Y
 _17661_/Y
 _17662_/Y
 _17663_/X
 _17664_/X
 _17665_/X
 _17666_/Y
 _17667_/Y
 _17668_/Y
 _17669_/X
 _17670_/Y
 _17671_/Y
 _17672_/X
 _17673_/Y
 _17674_/Y
 _17675_/Y
 _17676_/Y
 _17677_/X
 _17678_/Y
 _17679_/X
 _17680_/Y
 _17681_/Y
 _17682_/Y
 _17683_/X
 _17684_/Y
 _17685_/Y
 _17686_/Y
 _17687_/Y
 _17688_/Y
 _17689_/X
 _17690_/Y
 _17691_/Y
 _17692_/Y
 _17693_/Y
 _17694_/Y
 _17695_/Y
 _17696_/X
 _17697_/X
 _17698_/Y
 _17699_/Y
 _17700_/X
 _17701_/X
 _17702_/X
 _17703_/Y
 _17704_/Y
 _17705_/X
 _17706_/Y
 _17707_/X
 _17708_/Y
 _17709_/Y
 _17710_/Y
 _17711_/Y
 _17712_/X
 _17713_/Y
 _17714_/Y
 _17715_/Y
 _17716_/X
 _17717_/X
 _17718_/Y
 _17719_/X
 _17720_/Y
 _17721_/Y
 _17722_/Y
 _17723_/X
 _17724_/X
 _17725_/Y
 _17726_/Y
 _17727_/X
 _17728_/Y
 _17729_/Y
 _17730_/Y
 _17731_/Y
 _17732_/Y
 _17733_/X
 _17734_/Y
 _17735_/Y
 _17736_/Y
 _17737_/Y
 _17738_/X
 _17739_/X
 _17740_/Y
 _17741_/X
 _17742_/Y
 _17743_/X
 _17744_/Y
 _17745_/Y
 _17746_/Y
 _17747_/X
 _17748_/Y
 _17749_/Y
 _17750_/Y
 _17751_/Y
 _17752_/Y
 _17753_/X
 _17754_/X
 _17755_/Y
 _17756_/Y
 _17757_/X
 _17758_/X
 _17759_/X
 _17760_/Y
 _17761_/Y
 _17762_/X
 _17763_/Y
 _17764_/X
 _17765_/Y
 _17766_/Y
 _17767_/Y
 _17768_/Y
 _17769_/X
 _17770_/X
 _17771_/Y
 _17772_/Y
 _17773_/Y
 _17774_/Y
 _17775_/X
 _17776_/Y
 _17777_/Y
 _17778_/X
 _17779_/X
 _17780_/Y
 _17781_/Y
 _17782_/X
 _17783_/Y
 _17784_/X
 _17785_/Y
 _17786_/Y
 _17787_/X
 _17788_/Y
 _17789_/Y
 _17790_/Y
 _17791_/X
 _17792_/Y
 _17793_/Y
 _17794_/Y
 _17795_/Y
 _17796_/Y
 _17797_/Y
 _17798_/X
 _17799_/Y
 _17800_/Y
 _17801_/Y
 _17802_/Y
 _17803_/X
 _17804_/X
 _17805_/Y
 _17806_/Y
 _17807_/X
 _17808_/X
 _17809_/Y
 _17810_/Y
 _17811_/X
 _17812_/Y
 _17813_/Y
 _17814_/Y
 _17815_/Y
 _17816_/Y
 _17817_/Y
 _17818_/Y
 _17819_/Y
 _17820_/X
 _17821_/Y
 _17822_/Y
 _17823_/Y
 _17824_/Y
 _17825_/Y
 _17826_/Y
 _17827_/Y
 _17828_/X
 _17829_/Y
 _17830_/Y
 _17831_/Y
 _17832_/Y
 _17833_/X
 _17834_/X
 _17835_/Y
 _17836_/X
 _17837_/Y
 _17838_/X
 _17839_/X
 _17840_/Y
 _17841_/X
 _17842_/X
 _17843_/Y
 _17844_/Y
 _17845_/Y
 _17846_/Y
 _17847_/X
 _17848_/Y
 _17849_/Y
 _17850_/X
 _17851_/Y
 _17852_/Y
 _17853_/Y
 _17854_/Y
 _17855_/X
 _17856_/Y
 _17857_/X
 _17858_/X
 _17859_/Y
 _17860_/X
 _17861_/Y
 _17862_/X
 _17863_/X
 _17864_/Y
 _17865_/Y
 _17866_/Y
 _17867_/X
 _17868_/Y
 _17869_/Y
 _17870_/Y
 _17871_/Y
 _17872_/Y
 _17873_/X
 _17874_/X
 _17875_/Y
 _17876_/Y
 _17877_/Y
 _17878_/X
 _17879_/Y
 _17880_/X
 _17881_/Y
 _17882_/Y
 _17883_/Y
 _17884_/X
 _17885_/Y
 _17886_/Y
 _17887_/X
 _17888_/Y
 _17889_/Y
 _17890_/Y
 _17891_/Y
 _17892_/Y
 _17893_/Y
 _17894_/Y
 _17895_/Y
 _17896_/Y
 _17897_/X
 _17898_/Y
 _17899_/Y
 _17900_/Y
 _17901_/Y
 _17902_/Y
 _17903_/Y
 _17904_/Y
 _17905_/X
 _17906_/Y
 _17907_/Y
 _17908_/Y
 _17909_/Y
 _17910_/Y
 _17911_/X
 _17912_/Y
 _17913_/Y
 _17914_/Y
 _17915_/Y
 _17916_/Y
 _17917_/Y
 _17918_/X
 _17919_/Y
 _17920_/X
 _17921_/X
 _17922_/X
 _17923_/Y
 _17924_/X
 _17925_/Y
 _17926_/X
 _17927_/X
 _17928_/X
 _17929_/X
 _17930_/Y
 _17931_/X
 _17932_/Y
 _17933_/Y
 _17934_/Y
 _17935_/Y
 _17936_/Y
 _17937_/Y
 _17938_/X
 _17939_/X
 _17940_/Y
 _17941_/Y
 _17942_/Y
 _17943_/X
 _17944_/X
 _17945_/X
 _17946_/Y
 _17947_/Y
 _17948_/Y
 _17949_/X
 _17950_/Y
 _17951_/Y
 _17952_/X
 _17953_/Y
 _17954_/X
 _17955_/Y
 _17956_/Y
 _17957_/Y
 _17958_/Y
 _17959_/Y
 _17960_/Y
 _17961_/Y
 _17962_/Y
 _17963_/Y
 _17964_/Y
 _17965_/Y
 _17966_/X
 _17967_/Y
 _17968_/Y
 _17969_/X
 _17970_/X
 _17971_/Y
 _17972_/X
 _17973_/Y
 _17974_/Y
 _17975_/Y
 _17976_/X
 _17977_/Y
 _17978_/Y
 _17979_/X
 _17980_/Y
 _17981_/Y
 _17982_/X
 _17983_/Y
 _17984_/Y
 _17985_/Y
 _17986_/X
 _17987_/Y
 _17988_/Y
 _17989_/Y
 _17990_/X
 _17991_/Y
 _17992_/Y
 _17993_/Y
 _17994_/Y
 _17995_/X
 _17996_/Y
 _17997_/X
 _17998_/X
 _17999_/X
 _18000_/X
 _18001_/Y
 _18002_/X
 _18003_/Y
 _18004_/Y
 _18005_/X
 _18006_/X
 _18007_/Y
 _18008_/Y
 _18009_/Y
 _18010_/Y
 _18011_/Y
 _18012_/X
 _18013_/Y
 _18014_/Y
 _18015_/Y
 _18016_/X
 _18017_/Y
 _18018_/X
 _18019_/Y
 _18020_/Y
 _18021_/Y
 _18022_/Y
 _18023_/X
 _18024_/X
 _18025_/X
 _18026_/Y
 _18027_/X
 _18028_/Y
 _18029_/Y
 _18030_/X
 _18031_/Y
 _18032_/Y
 _18033_/Y
 _18034_/X
 _18035_/X
 _18036_/Y
 _18037_/Y
 _18038_/X
 _18039_/Y
 _18040_/X
 _18041_/Y
 _18042_/Y
 _18043_/Y
 _18044_/X
 _18045_/Y
 _18046_/Y
 _18047_/Y
 _18048_/X
 _18049_/Y
 _18050_/Y
 _18051_/Y
 _18052_/Y
 _18053_/X
 _18054_/Y
 _18055_/Y
 _18056_/X
 _18057_/Y
 _18058_/X
 _18059_/X
 _18060_/Y
 _18061_/X
 _18062_/X
 _18063_/X
 _18064_/X
 _18065_/Y
 _18066_/X
 _18067_/X
 _18068_/Y
 _18069_/X
 _18070_/Y
 _18071_/X
 _18072_/Y
 _18073_/X
 _18074_/Y
 _18075_/Y
 _18076_/Y
 _18077_/X
 _18078_/Y
 _18079_/Y
 _18080_/X
 _18081_/Y
 _18082_/Y
 _18083_/Y
 _18084_/Y
 _18085_/Y
 _18086_/Y
 _18087_/X
 _18088_/Y
 _18089_/Y
 _18090_/Y
 _18091_/X
 _18092_/Y
 _18093_/X
 _18094_/X
 _18095_/Y
 _18096_/X
 _18097_/Y
 _18098_/Y
 _18099_/X
 _18100_/Y
 _18101_/X
 _18102_/X
 _18103_/Y
 _18104_/Y
 _18105_/X
 _18106_/Y
 _18107_/Y
 _18108_/X
 _18109_/Y
 _18110_/Y
 _18111_/X
 _18112_/Y
 _18113_/X
 _18114_/Y
 _18115_/X
 _18116_/X
 _18117_/X
 _18118_/Y
 _18119_/Y
 _18120_/X
 _18121_/X
 _18122_/X
 _18123_/Y
 _18124_/Y
 _18125_/X
 _18126_/Y
 _18127_/X
 _18128_/Y
 _18129_/Y
 _18130_/X
 _18131_/X
 _18132_/Y
 _18133_/Y
 _18134_/X
 _18135_/Y
 _18136_/X
 _18137_/X
 _18138_/X
 _18139_/Y
 _18140_/Y
 _18141_/Y
 _18142_/Y
 _18143_/Y
 _18144_/Y
 _18145_/X
 _18146_/X
 _18147_/Y
 _18148_/X
 _18149_/Y
 _18150_/Y
 _18151_/Y
 _18152_/X
 _18153_/X
 _18154_/Y
 _18155_/Y
 _18156_/Y
 _18157_/Y
 _18158_/Y
 _18159_/Y
 _18160_/Y
 _18161_/X
 _18162_/X
 _18163_/Y
 _18164_/Y
 _18165_/Y
 _18166_/Y
 _18167_/X
 _18168_/Y
 _18169_/Y
 _18170_/Y
 _18171_/X
 _18172_/Y
 _18173_/Y
 _18174_/X
 _18175_/Y
 _18176_/X
 _18177_/Y
 _18178_/X
 _18179_/X
 _18180_/X
 _18181_/Y
 _18182_/Y
 _18183_/Y
 _18184_/Y
 _18185_/Y
 _18186_/X
 _18187_/X
 _18188_/Y
 _18189_/Y
 _18190_/X
 _18191_/X
 _18192_/Y
 _18193_/X
 _18194_/X
 _18195_/Y
 _18196_/Y
 _18197_/X
 _18198_/Y
 _18199_/X
 _18200_/X
 _18201_/Y
 _18202_/Y
 _18203_/Y
 _18204_/Y
 _18205_/X
 _18206_/X
 _18207_/Y
 _18208_/Y
 _18209_/Y
 _18210_/Y
 _18211_/Y
 _18212_/X
 _18213_/Y
 _18214_/Y
 _18215_/X
 _18216_/Y
 _18217_/Y
 _18218_/Y
 _18219_/X
 _18220_/X
 _18221_/Y
 _18222_/Y
 _18223_/Y
 _18224_/Y
 _18225_/Y
 _18226_/X
 _18227_/Y
 _18228_/Y
 _18229_/Y
 _18230_/Y
 _18231_/X
 _18232_/Y
 _18233_/X
 _18234_/X
 _18235_/X
 _18236_/X
 _18237_/Y
 _18238_/Y
 _18239_/Y
 _18240_/Y
 _18241_/X
 _18242_/X
 _18243_/X
 _18244_/X
 _18245_/X
 _18246_/Y
 _18247_/Y
 _18248_/X
 _18249_/Y
 _18250_/X
 _18251_/X
 _18252_/Y
 _18253_/X
 _18254_/X
 _18255_/Y
 _18256_/Y
 _18257_/X
 _18258_/Y
 _18259_/Y
 _18260_/X
 _18261_/X
 _18262_/Y
 _18263_/X
 _18264_/X
 _18265_/Y
 _18266_/Y
 _18267_/Y
 _18268_/Y
 _18269_/X
 _18270_/X
 _18271_/X
 _18272_/X
 _18273_/Y
 _18274_/X
 _18275_/Y
 _18276_/Y
 _18277_/X
 _18278_/Y
 _18279_/Y
 _18280_/Y
 _18281_/Y
 _18282_/X
 _18283_/X
 _18284_/X
 _18285_/X
 _18286_/Y
 _18287_/Y
 _18288_/Y
 _18289_/Y
 _18290_/Y
 _18291_/X
 _18292_/X
 _18293_/X
 _18294_/X
 _18295_/Y
 _18296_/X
 _18297_/X
 _18298_/Y
 _18299_/Y
 _18300_/Y
 _18301_/Y
 _18302_/X
 _18303_/X
 _18304_/X
 _18305_/Y
 _18306_/X
 _18307_/Y
 _18308_/X
 _18309_/Y
 _18310_/X
 _18311_/X
 _18312_/Y
 _18313_/X
 _18314_/Y
 _18315_/X
 _18316_/Y
 _18317_/X
 _18318_/Y
 _18319_/Y
 _18320_/X
 _18321_/X
 _18322_/X
 _18323_/X
 _18324_/X
 _18325_/X
 _18326_/X
 _18327_/X
 _18328_/X
 _18329_/X
 _18330_/X
 _18331_/X
 _18332_/X
 _18333_/X
 _18334_/X
 _18335_/X
 _18336_/X
 _18337_/X
 _18338_/X
 _18339_/X
 _18340_/X
 _18341_/X
 _18342_/X
 _18343_/X
 _18344_/X
 _18345_/X
 _18346_/X
 _18347_/X
 _18348_/X
 _18349_/X
 _18350_/X
 _18351_/X
 _18352_/X
 _18353_/X
 _18354_/X
 _18355_/X
 _18356_/X
 _18357_/X
 _18358_/X
 _18359_/X
 _18360_/X
 _18361_/X
 _18362_/X
 _18363_/X
 _18364_/X
 _18365_/X
 _18366_/X
 _18367_/X
 _18368_/X
 _18369_/X
 _18370_/X
 _18371_/X
 _18372_/X
 _18373_/X
 _18374_/X
 _18375_/X
 _18376_/X
 _18377_/X
 _18378_/X
 _18379_/X
 _18380_/X
 _18381_/X
 _18382_/X
 _18383_/X
 _18384_/X
 _18385_/X
 _18386_/X
 _18387_/X
 _18388_/X
 _18389_/X
 _18390_/X
 _18391_/X
 _18392_/X
 _18393_/X
 _18394_/X
 _18395_/X
 _18396_/X
 _18397_/X
 _18398_/X
 _18399_/X
 _18400_/X
 _18401_/X
 _18402_/X
 _18403_/X
 _18404_/X
 _18405_/X
 _18406_/X
 _18407_/X
 _18408_/X
 _18409_/Y
 _18410_/X
 _18411_/Y
 _18412_/X
 _18413_/Y
 _18414_/X
 _18415_/Y
 _18416_/X
 _18417_/Y
 _18418_/X
 _18419_/X
 _18420_/X
 _18421_/Y
 _18422_/X
 _18423_/X
 _18424_/Y
 _18425_/Y
 _18426_/X
 _18427_/X
 _18428_/Y
 _18429_/X
 _18430_/Y
 _18431_/X
 _18432_/Y
 _18433_/X
 _18434_/X
 _18435_/Y
 _18436_/X
 _18437_/Y
 _18438_/Y
 _18439_/Y
 _18440_/X
 _18441_/X
 _18442_/X
 _18443_/Y
 _18444_/X
 _18445_/X
 _18446_/X
 _18447_/Y
 _18448_/Y
 _18449_/Y
 _18450_/Y
 _18451_/Y
 _18452_/Y
 _18453_/X
 _18454_/Y
 _18455_/Y
 _18456_/Y
 _18457_/X
 _18458_/Y
 _18459_/Y
 _18460_/Y
 _18461_/Y
 _18462_/Y
 _18463_/Y
 _18464_/Y
 _18465_/Y
 _18466_/Y
 _18467_/Y
 _18468_/X
 _18469_/Y
 _18470_/X
 _18471_/X
 _18472_/Y
 _18473_/Y
 _18474_/Y
 _18475_/Y
 _18476_/X
 _18477_/Y
 _18478_/X
 _18479_/Y
 _18480_/X
 _18481_/X
 _18482_/X
 _18483_/Y
 _18484_/X
 _18485_/Y
 _18486_/X
 _18487_/Y
 _18488_/Y
 _18489_/Y
 _18490_/Y
 _18491_/X
 _18492_/X
 _18493_/Y
 _18494_/X
 _18495_/Y
 _18496_/Y
 _18497_/Y
 _18498_/Y
 _18499_/Y
 _18500_/Y
 _18501_/X
 _18502_/X
 _18503_/Y
 _18504_/Y
 _18505_/Y
 _18506_/X
 _18507_/Y
 _18508_/Y
 _18509_/Y
 _18510_/X
 _18511_/Y
 _18512_/Y
 _18513_/X
 _18514_/X
 _18515_/Y
 _18516_/X
 _18517_/X
 _18518_/Y
 _18519_/Y
 _18520_/Y
 _18521_/X
 _18522_/Y
 _18523_/X
 _18524_/Y
 _18525_/Y
 _18526_/Y
 _18527_/X
 _18528_/Y
 _18529_/Y
 _18530_/Y
 _18531_/X
 _18532_/Y
 _18533_/Y
 _18534_/Y
 _18535_/Y
 _18536_/Y
 _18537_/X
 _18538_/Y
 _18539_/Y
 _18540_/Y
 _18541_/X
 _18542_/Y
 _18543_/Y
 _18544_/X
 _18545_/X
 _18546_/Y
 _18547_/Y
 _18548_/X
 _18549_/Y
 _18550_/Y
 _18551_/Y
 _18552_/Y
 _18553_/Y
 _18554_/X
 _18555_/Y
 _18556_/Y
 _18557_/X
 _18558_/Y
 _18559_/Y
 _18560_/X
 _18561_/Y
 _18562_/Y
 _18563_/X
 _18564_/Y
 _18565_/X
 _18566_/Y
 _18567_/X
 _18568_/X
 _18569_/X
 _18570_/Y
 _18571_/Y
 _18572_/Y
 _18573_/Y
 _18574_/X
 _18575_/Y
 _18576_/Y
 _18577_/Y
 _18578_/X
 _18579_/X
 _18580_/Y
 _18581_/Y
 _18582_/Y
 _18583_/X
 _18584_/Y
 _18585_/Y
 _18586_/X
 _18587_/X
 _18588_/Y
 _18589_/Y
 _18590_/Y
 _18591_/Y
 _18592_/X
 _18593_/Y
 _18594_/Y
 _18595_/Y
 _18596_/Y
 _18597_/Y
 _18598_/X
 _18599_/Y
 _18600_/X
 _18601_/X
 _18602_/Y
 _18603_/Y
 _18604_/Y
 _18605_/X
 _18606_/X
 _18607_/Y
 _18608_/X
 _18609_/Y
 _18610_/Y
 _18611_/Y
 _18612_/X
 _18613_/X
 _18614_/X
 _18615_/X
 _18616_/X
 _18617_/Y
 _18618_/Y
 _18619_/Y
 _18620_/Y
 _18621_/Y
 _18622_/Y
 _18623_/Y
 _18624_/Y
 _18625_/Y
 _18626_/X
 _18627_/Y
 _18628_/Y
 _18629_/X
 _18630_/Y
 _18631_/Y
 _18632_/Y
 _18633_/Y
 _18634_/X
 _18635_/X
 _18636_/Y
 _18637_/Y
 _18638_/Y
 _18639_/Y
 _18640_/Y
 _18641_/Y
 _18642_/Y
 _18643_/X
 _18644_/Y
 _18645_/Y
 _18646_/Y
 _18647_/X
 _18648_/Y
 _18649_/Y
 _18650_/X
 _18651_/Y
 _18652_/Y
 _18653_/Y
 _18654_/X
 _18655_/Y
 _18656_/Y
 _18657_/Y
 _18658_/X
 _18659_/Y
 _18660_/X
 _18661_/X
 _18662_/Y
 _18663_/X
 _18664_/Y
 _18665_/X
 _18666_/Y
 _18667_/Y
 _18668_/X
 _18669_/Y
 _18670_/X
 _18671_/Y
 _18672_/Y
 _18673_/X
 _18674_/Y
 _18675_/Y
 _18676_/Y
 _18677_/Y
 _18678_/Y
 _18679_/Y
 _18680_/Y
 _18681_/X
 _18682_/X
 _18683_/X
 _18684_/Y
 _18685_/Y
 _18686_/Y
 _18687_/Y
 _18688_/Y
 _18689_/X
 _18690_/Y
 _18691_/Y
 _18692_/Y
 _18693_/X
 _18694_/Y
 _18695_/Y
 _18696_/Y
 _18697_/Y
 _18698_/Y
 _18699_/Y
 _18700_/Y
 _18701_/Y
 _18702_/Y
 _18703_/Y
 _18704_/Y
 _18705_/X
 _18706_/Y
 _18707_/Y
 _18708_/Y
 _18709_/X
 _18710_/Y
 _18711_/X
 _18712_/Y
 _18713_/X
 _18714_/Y
 _18715_/X
 _18716_/Y
 _18717_/X
 _18718_/Y
 _18719_/X
 _18720_/Y
 _18721_/Y
 _18722_/Y
 _18723_/Y
 _18724_/X
 _18725_/Y
 _18726_/X
 _18727_/X
 _18728_/X
 _18729_/X
 _18730_/Y
 _18731_/X
 _18732_/Y
 _18733_/Y
 _18734_/Y
 _18735_/Y
 _18736_/Y
 _18737_/Y
 _18738_/Y
 _18739_/Y
 _18740_/X
 _18741_/Y
 _18742_/X
 _18743_/Y
 _18744_/Y
 _18745_/Y
 _18746_/Y
 _18747_/Y
 _18748_/Y
 _18749_/Y
 _18750_/X
 _18751_/Y
 _18752_/Y
 _18753_/X
 _18754_/Y
 _18755_/Y
 _18756_/Y
 _18757_/Y
 _18758_/Y
 _18759_/Y
 _18760_/Y
 _18761_/X
 _18762_/X
 _18763_/Y
 _18764_/Y
 _18765_/Y
 _18766_/X
 _18767_/X
 _18768_/Y
 _18769_/X
 _18770_/Y
 _18771_/X
 _18772_/Y
 _18773_/Y
 _18774_/X
 _18775_/X
 _18776_/X
 _18777_/X
 _18778_/X
 _18779_/Y
 _18780_/Y
 _18781_/Y
 _18782_/X
 _18783_/Y
 _18784_/Y
 _18785_/Y
 _18786_/Y
 _18787_/X
 _18788_/X
 _18789_/Y
 _18790_/Y
 _18791_/X
 _18792_/Y
 _18793_/X
 _18794_/Y
 _18795_/X
 _18796_/Y
 _18797_/Y
 _18798_/X
 _18799_/X
 _18800_/Y
 _18801_/X
 _18802_/Y
 _18803_/Y
 _18804_/Y
 _18805_/Y
 _18806_/Y
 _18807_/Y
 _18808_/X
 _18809_/Y
 _18810_/Y
 _18811_/Y
 _18812_/Y
 _18813_/Y
 _18814_/X
 _18815_/Y
 _18816_/Y
 _18817_/Y
 _18818_/Y
 _18819_/X
 _18820_/X
 _18821_/X
 _18822_/Y
 _18823_/Y
 _18824_/Y
 _18825_/X
 _18826_/Y
 _18827_/Y
 _18828_/X
 _18829_/Y
 _18830_/Y
 _18831_/X
 _18832_/Y
 _18833_/X
 _18834_/Y
 _18835_/Y
 _18836_/X
 _18837_/X
 _18838_/Y
 _18839_/Y
 _18840_/Y
 _18841_/Y
 _18842_/X
 _18843_/Y
 _18844_/X
 _18845_/Y
 _18846_/Y
 _18847_/Y
 _18848_/X
 _18849_/X
 _18850_/Y
 _18851_/X
 _18852_/X
 _18853_/X
 _18854_/Y
 _18855_/Y
 _18856_/X
 _18857_/Y
 _18858_/Y
 _18859_/X
 _18860_/Y
 _18861_/X
 _18862_/Y
 _18863_/Y
 _18864_/Y
 _18865_/Y
 _18866_/Y
 _18867_/X
 _18868_/X
 _18869_/X
 _18870_/Y
 _18871_/Y
 _18872_/X
 _18873_/Y
 _18874_/Y
 _18875_/Y
 _18876_/Y
 _18877_/Y
 _18878_/Y
 _18879_/X
 _18880_/Y
 _18881_/X
 _18882_/Y
 _18883_/Y
 _18884_/Y
 _18885_/X
 _18886_/Y
 _18887_/Y
 _18888_/Y
 _18889_/Y
 _18890_/Y
 _18891_/X
 _18892_/Y
 _18893_/Y
 _18894_/Y
 _18895_/Y
 _18896_/Y
 _18897_/Y
 _18898_/X
 _18899_/X
 _18900_/Y
 _18901_/X
 _18902_/Y
 _18903_/X
 _18904_/X
 _18905_/Y
 _18906_/Y
 _18907_/Y
 _18908_/X
 _18909_/Y
 _18910_/Y
 _18911_/X
 _18912_/Y
 _18913_/Y
 _18914_/Y
 _18915_/Y
 _18916_/X
 _18917_/Y
 _18918_/Y
 _18919_/Y
 _18920_/X
 _18921_/Y
 _18922_/X
 _18923_/Y
 _18924_/Y
 _18925_/Y
 _18926_/Y
 _18927_/Y
 _18928_/Y
 _18929_/Y
 _18930_/X
 _18931_/X
 _18932_/Y
 _18933_/Y
 _18934_/X
 _18935_/X
 _18936_/Y
 _18937_/Y
 _18938_/X
 _18939_/X
 _18940_/Y
 _18941_/Y
 _18942_/Y
 _18943_/Y
 _18944_/Y
 _18945_/X
 _18946_/X
 _18947_/Y
 _18948_/X
 _18949_/Y
 _18950_/X
 _18951_/Y
 _18952_/Y
 _18953_/X
 _18954_/Y
 _18955_/X
 _18956_/X
 _18957_/X
 _18958_/X
 _18959_/Y
 _18960_/Y
 _18961_/Y
 _18962_/Y
 _18963_/X
 _18964_/Y
 _18965_/X
 _18966_/Y
 _18967_/X
 _18968_/X
 _18969_/Y
 _18970_/Y
 _18971_/X
 _18972_/X
 _18973_/Y
 _18974_/X
 _18975_/Y
 _18976_/X
 _18977_/Y
 _18978_/X
 _18979_/Y
 _18980_/X
 _18981_/X
 _18982_/Y
 _18983_/X
 _18984_/X
 _18985_/Y
 _18986_/X
 _18987_/Y
 _18988_/Y
 _18989_/Y
 _18990_/Y
 _18991_/X
 _18992_/Y
 _18993_/Y
 _18994_/Y
 _18995_/X
 _18996_/X
 _18997_/X
 _18998_/Y
 _18999_/X
 _19000_/X
 _19001_/Y
 _19002_/X
 _19003_/Y
 _19004_/X
 _19005_/X
 _19006_/Y
 _19007_/X
 _19008_/Y
 _19009_/X
 _19010_/Y
 _19011_/X
 _19012_/Y
 _19013_/Y
 _19014_/X
 _19015_/Y
 _19016_/X
 _19017_/Y
 _19018_/X
 _19019_/Y
 _19020_/Y
 _19021_/Y
 _19022_/X
 _19023_/Y
 _19024_/X
 _19025_/Y
 _19026_/Y
 _19027_/X
 _19028_/Y
 _19029_/X
 _19030_/Y
 _19031_/X
 _19032_/X
 _19033_/X
 _19034_/Y
 _19035_/X
 _19036_/X
 _19037_/Y
 _19038_/X
 _19039_/Y
 _19040_/Y
 _19041_/X
 _19042_/X
 _19043_/X
 _19044_/Y
 _19045_/X
 _19046_/Y
 _19047_/X
 _19048_/X
 _19049_/Y
 _19050_/X
 _19051_/Y
 _19052_/X
 _19053_/X
 _19054_/X
 _19055_/Y
 _19056_/X
 _19057_/Y
 _19058_/X
 _19059_/Y
 _19060_/Y
 _19061_/X
 _19062_/Y
 _19063_/Y
 _19064_/X
 _19065_/Y
 _19066_/X
 _19067_/Y
 _19068_/X
 _19069_/X
 _19070_/Y
 _19071_/Y
 _19072_/X
 _19073_/X
 _19074_/X
 _19075_/Y
 _19076_/Y
 _19077_/X
 _19078_/Y
 _19079_/X
 _19080_/X
 _19081_/X
 _19082_/X
 _19083_/Y
 _19084_/Y
 _19085_/Y
 _19086_/X
 _19087_/X
 _19088_/X
 _19089_/X
 _19090_/Y
 _19091_/Y
 _19092_/X
 _19093_/Y
 _19094_/X
 _19095_/X
 _19096_/Y
 _19097_/X
 _19098_/X
 _19099_/X
 _19100_/Y
 _19101_/X
 _19102_/X
 _19103_/X
 _19104_/Y
 _19105_/Y
 _19106_/X
 _19107_/X
 _19108_/X
 _19109_/X
 _19110_/Y
 _19111_/X
 _19112_/X
 _19113_/X
 _19114_/Y
 _19115_/X
 _19116_/X
 _19117_/Y
 _19118_/Y
 _19119_/X
 _19120_/X
 _19121_/X
 _19122_/X
 _19123_/X
 _19124_/X
 _19125_/X
 _19126_/X
 _19127_/X
 _19128_/X
 _19129_/X
 _19130_/X
 _19131_/X
 _19132_/X
 _19133_/X
 _19134_/X
 _19135_/X
 _19136_/X
 _19137_/X
 _19138_/X
 _19139_/X
 _19140_/X
 _19141_/X
 _19142_/X
 _19143_/X
 _19144_/X
 _19145_/X
 _19146_/X
 _19147_/X
 _19148_/X
 _19149_/X
 _19150_/X
 _19151_/X
 _19152_/X
 _19153_/X
 _19154_/X
 _19155_/X
 _19156_/X
 _19157_/X
 _19158_/X
 _19159_/X
 _19160_/X
 _19161_/X
 _19162_/X
 _19163_/X
 _19164_/X
 _19165_/X
 _19166_/X
 _19167_/X
 _19168_/X
 _19169_/X
 _19170_/Y
 _19171_/Y
 _19172_/X
 _19173_/X
 _19174_/Y
 _19175_/X
 _19176_/X
 _19177_/Y
 _19178_/X
 _19179_/X
 _19180_/Y
 _19181_/X
 _19182_/X
 _19183_/X
 _19184_/Y
 _19185_/Y
 _19186_/Y
 _19187_/X
 _19188_/X
 _19189_/Y
 _19190_/X
 _19191_/X
 _19192_/X
 _19193_/Y
 _19194_/Y
 _19195_/X
 _19196_/Y
 _19197_/X
 _19198_/Y
 _19199_/X
 _19200_/Y
 _19201_/X
 _19202_/Y
 _19203_/Y
 _19204_/X
 _19205_/Y
 _19206_/X
 _19207_/X
 _19208_/X
 _19209_/X
 _19210_/X
 _19211_/X
 _19212_/X
 _19213_/X
 _19214_/Y
 _19215_/X
 _19216_/X
 _19217_/X
 _19218_/Y
 _19219_/Y
 _19220_/X
 _19221_/Y
 _19222_/X
 _19223_/X
 _19224_/X
 _19225_/X
 _19226_/Y
 _19227_/X
 _19228_/Y
 _19229_/Y
 _19230_/Y
 _19231_/X
 _19232_/Y
 _19233_/X
 _19234_/Y
 _19235_/X
 _19236_/X
 _19237_/Y
 _19238_/Y
 _19239_/Y
 _19240_/Y
 _19241_/Y
 _19242_/Y
 _19243_/X
 _19244_/X
 _19245_/Y
 _19246_/Y
 _19247_/X
 _19248_/Y
 _19249_/Y
 _19250_/Y
 _19251_/X
 _19252_/Y
 _19253_/Y
 _19254_/Y
 _19255_/Y
 _19256_/Y
 _19257_/X
 _19258_/X
 _19259_/X
 _19260_/X
 _19261_/X
 _19262_/Y
 _19263_/Y
 _19264_/Y
 _19265_/Y
 _19266_/X
 _19267_/Y
 _19268_/X
 _19269_/Y
 _19270_/X
 _19271_/X
 _19272_/Y
 _19273_/Y
 _19274_/X
 _19275_/Y
 _19276_/Y
 _19277_/Y
 _19278_/Y
 _19279_/X
 _19280_/X
 _19281_/Y
 _19282_/X
 _19283_/Y
 _19284_/X
 _19285_/Y
 _19286_/Y
 _19287_/X
 _19288_/X
 _19289_/Y
 _19290_/Y
 _19291_/Y
 _19292_/Y
 _19293_/Y
 _19294_/X
 _19295_/Y
 _19296_/Y
 _19297_/X
 _19298_/X
 _19299_/Y
 _19300_/Y
 _19301_/Y
 _19302_/Y
 _19303_/Y
 _19304_/X
 _19305_/X
 _19306_/X
 _19307_/Y
 _19308_/X
 _19309_/Y
 _19310_/X
 _19311_/Y
 _19312_/Y
 _19313_/Y
 _19314_/X
 _19315_/Y
 _19316_/Y
 _19317_/Y
 _19318_/X
 _19319_/X
 _19320_/Y
 _19321_/X
 _19322_/Y
 _19323_/Y
 _19324_/Y
 _19325_/X
 _19326_/X
 _19327_/Y
 _19328_/Y
 _19329_/Y
 _19330_/X
 _19331_/Y
 _19332_/Y
 _19333_/X
 _19334_/Y
 _19335_/X
 _19336_/Y
 _19337_/Y
 _19338_/X
 _19339_/Y
 _19340_/Y
 _19341_/X
 _19342_/Y
 _19343_/X
 _19344_/X
 _19345_/Y
 _19346_/Y
 _19347_/Y
 _19348_/X
 _19349_/X
 _19350_/X
 _19351_/X
 _19352_/Y
 _19353_/Y
 _19354_/Y
 _19355_/Y
 _19356_/X
 _19357_/Y
 _19358_/Y
 _19359_/Y
 _19360_/X
 _19361_/X
 _19362_/Y
 _19363_/Y
 _19364_/X
 _19365_/X
 _19366_/X
 _19367_/Y
 _19368_/X
 _19369_/X
 _19370_/Y
 _19371_/Y
 _19372_/X
 _19373_/Y
 _19374_/Y
 _19375_/Y
 _19376_/Y
 _19377_/X
 _19378_/X
 _19379_/Y
 _19380_/X
 _19381_/Y
 _19382_/Y
 _19383_/Y
 _19384_/X
 _19385_/Y
 _19386_/Y
 _19387_/Y
 _19388_/X
 _19389_/X
 _19390_/Y
 _19391_/Y
 _19392_/Y
 _19393_/X
 _19394_/Y
 _19395_/Y
 _19396_/Y
 _19397_/X
 _19398_/Y
 _19399_/X
 _19400_/Y
 _19401_/Y
 _19402_/Y
 _19403_/Y
 _19404_/Y
 _19405_/Y
 _19406_/Y
 _19407_/Y
 _19408_/X
 _19409_/X
 _19410_/Y
 _19411_/Y
 _19412_/Y
 _19413_/Y
 _19414_/X
 _19415_/X
 _19416_/Y
 _19417_/Y
 _19418_/Y
 _19419_/Y
 _19420_/Y
 _19421_/Y
 _19422_/X
 _19423_/X
 _19424_/Y
 _19425_/Y
 _19426_/Y
 _19427_/Y
 _19428_/Y
 _19429_/Y
 _19430_/Y
 _19431_/X
 _19432_/Y
 _19433_/Y
 _19434_/X
 _19435_/Y
 _19436_/Y
 _19437_/X
 _19438_/Y
 _19439_/Y
 _19440_/X
 _19441_/Y
 _19442_/X
 _19443_/X
 _19444_/X
 _19445_/X
 _19446_/Y
 _19447_/X
 _19448_/Y
 _19449_/X
 _19450_/Y
 _19451_/Y
 _19452_/Y
 _19453_/Y
 _19454_/X
 _19455_/Y
 _19456_/X
 _19457_/Y
 _19458_/X
 _19459_/X
 _19460_/Y
 _19461_/Y
 _19462_/Y
 _19463_/X
 _19464_/Y
 _19465_/Y
 _19466_/Y
 _19467_/Y
 _19468_/Y
 _19469_/Y
 _19470_/X
 _19471_/X
 _19472_/X
 _19473_/Y
 _19474_/Y
 _19475_/Y
 _19476_/X
 _19477_/Y
 _19478_/X
 _19479_/X
 _19480_/Y
 _19481_/Y
 _19482_/X
 _19483_/Y
 _19484_/Y
 _19485_/X
 _19486_/X
 _19487_/Y
 _19488_/Y
 _19489_/Y
 _19490_/Y
 _19491_/Y
 _19492_/Y
 _19493_/Y
 _19494_/Y
 _19495_/Y
 _19496_/X
 _19497_/Y
 _19498_/Y
 _19499_/Y
 _19500_/Y
 _19501_/Y
 _19502_/X
 _19503_/Y
 _19504_/Y
 _19505_/Y
 _19506_/X
 _19507_/Y
 _19508_/X
 _19509_/Y
 _19510_/Y
 _19511_/Y
 _19512_/Y
 _19513_/Y
 _19514_/Y
 _19515_/Y
 _19516_/Y
 _19517_/X
 _19518_/Y
 _19519_/Y
 _19520_/X
 _19521_/X
 _19522_/X
 _19523_/X
 _19524_/Y
 _19525_/X
 _19526_/Y
 _19527_/X
 _19528_/X
 _19529_/X
 _19530_/X
 _19531_/X
 _19532_/Y
 _19533_/Y
 _19534_/X
 _19535_/Y
 _19536_/Y
 _19537_/X
 _19538_/Y
 _19539_/Y
 _19540_/Y
 _19541_/X
 _19542_/Y
 _19543_/X
 _19544_/Y
 _19545_/X
 _19546_/Y
 _19547_/Y
 _19548_/Y
 _19549_/X
 _19550_/Y
 _19551_/X
 _19552_/X
 _19553_/Y
 _19554_/Y
 _19555_/X
 _19556_/X
 _19557_/Y
 _19558_/X
 _19559_/Y
 _19560_/Y
 _19561_/Y
 _19562_/Y
 _19563_/X
 _19564_/Y
 _19565_/Y
 _19566_/Y
 _19567_/Y
 _19568_/Y
 _19569_/Y
 _19570_/Y
 _19571_/Y
 _19572_/X
 _19573_/Y
 _19574_/Y
 _19575_/Y
 _19576_/Y
 _19577_/Y
 _19578_/Y
 _19579_/X
 _19580_/Y
 _19581_/Y
 _19582_/X
 _19583_/Y
 _19584_/Y
 _19585_/Y
 _19586_/Y
 _19587_/Y
 _19588_/Y
 _19589_/Y
 _19590_/X
 _19591_/Y
 _19592_/X
 _19593_/Y
 _19594_/Y
 _19595_/X
 _19596_/X
 _19597_/Y
 _19598_/X
 _19599_/Y
 _19600_/Y
 _19601_/Y
 _19602_/Y
 _19603_/X
 _19604_/X
 _19605_/Y
 _19606_/Y
 _19607_/Y
 _19608_/Y
 _19609_/X
 _19610_/Y
 _19611_/X
 _19612_/X
 _19613_/Y
 _19614_/X
 _19615_/X
 _19616_/Y
 _19617_/Y
 _19618_/Y
 _19619_/Y
 _19620_/Y
 _19621_/Y
 _19622_/Y
 _19623_/Y
 _19624_/X
 _19625_/Y
 _19626_/X
 _19627_/Y
 _19628_/X
 _19629_/Y
 _19630_/Y
 _19631_/X
 _19632_/Y
 _19633_/Y
 _19634_/Y
 _19635_/X
 _19636_/Y
 _19637_/X
 _19638_/X
 _19639_/Y
 _19640_/X
 _19641_/X
 _19642_/Y
 _19643_/Y
 _19644_/X
 _19645_/Y
 _19646_/X
 _19647_/Y
 _19648_/Y
 _19649_/X
 _19650_/Y
 _19651_/Y
 _19652_/Y
 _19653_/Y
 _19654_/Y
 _19655_/X
 _19656_/Y
 _19657_/Y
 _19658_/Y
 _19659_/Y
 _19660_/X
 _19661_/Y
 _19662_/X
 _19663_/X
 _19664_/Y
 _19665_/X
 _19666_/X
 _19667_/X
 _19668_/X
 _19669_/Y
 _19670_/Y
 _19671_/Y
 _19672_/Y
 _19673_/Y
 _19674_/Y
 _19675_/X
 _19676_/X
 _19677_/Y
 _19678_/X
 _19679_/Y
 _19680_/Y
 _19681_/Y
 _19682_/Y
 _19683_/Y
 _19684_/Y
 _19685_/Y
 _19686_/X
 _19687_/Y
 _19688_/X
 _19689_/Y
 _19690_/X
 _19691_/X
 _19692_/Y
 _19693_/X
 _19694_/X
 _19695_/Y
 _19696_/X
 _19697_/X
 _19698_/Y
 _19699_/X
 _19700_/X
 _19701_/X
 _19702_/Y
 _19703_/Y
 _19704_/Y
 _19705_/X
 _19706_/Y
 _19707_/X
 _19708_/X
 _19709_/Y
 _19710_/Y
 _19711_/X
 _19712_/X
 _19713_/Y
 _19714_/X
 _19715_/Y
 _19716_/X
 _19717_/X
 _19718_/Y
 _19719_/Y
 _19720_/Y
 _19721_/Y
 _19722_/X
 _19723_/X
 _19724_/X
 _19725_/Y
 _19726_/Y
 _19727_/Y
 _19728_/Y
 _19729_/Y
 _19730_/Y
 _19731_/Y
 _19732_/X
 _19733_/Y
 _19734_/X
 _19735_/Y
 _19736_/X
 _19737_/Y
 _19738_/X
 _19739_/Y
 _19740_/Y
 _19741_/X
 _19742_/Y
 _19743_/X
 _19744_/X
 _19745_/Y
 _19746_/X
 _19747_/Y
 _19748_/Y
 _19749_/Y
 _19750_/X
 _19751_/Y
 _19752_/Y
 _19753_/Y
 _19754_/Y
 _19755_/Y
 _19756_/X
 _19757_/Y
 _19758_/X
 _19759_/X
 _19760_/Y
 _19761_/X
 _19762_/X
 _19763_/X
 _19764_/Y
 _19765_/X
 _19766_/Y
 _19767_/Y
 _19768_/X
 _19769_/X
 _19770_/X
 _19771_/Y
 _19772_/Y
 _19773_/Y
 _19774_/X
 _19775_/X
 _19776_/Y
 _19777_/X
 _19778_/Y
 _19779_/Y
 _19780_/Y
 _19781_/X
 _19782_/Y
 _19783_/Y
 _19784_/Y
 _19785_/X
 _19786_/Y
 _19787_/Y
 _19788_/X
 _19789_/X
 _19790_/X
 _19791_/Y
 _19792_/X
 _19793_/X
 _19794_/X
 _19795_/Y
 _19796_/Y
 _19797_/X
 _19798_/X
 _19799_/X
 _19800_/Y
 _19801_/X
 _19802_/X
 _19803_/Y
 _19804_/Y
 _19805_/X
 _19806_/Y
 _19807_/X
 _19808_/Y
 _19809_/X
 _19810_/Y
 _19811_/Y
 _19812_/X
 _19813_/Y
 _19814_/Y
 _19815_/Y
 _19816_/Y
 _19817_/X
 _19818_/Y
 _19819_/X
 _19820_/Y
 _19821_/X
 _19822_/Y
 _19823_/Y
 _19824_/Y
 _19825_/Y
 _19826_/X
 _19827_/X
 _19828_/X
 _19829_/Y
 _19830_/Y
 _19831_/Y
 _19832_/X
 _19833_/Y
 _19834_/X
 _19835_/X
 _19836_/X
 _19837_/Y
 _19838_/X
 _19839_/X
 _19840_/X
 _19841_/Y
 _19842_/X
 _19843_/Y
 _19844_/Y
 _19845_/Y
 _19846_/Y
 _19847_/X
 _19848_/X
 _19849_/X
 _19850_/X
 _19851_/Y
 _19852_/X
 _19853_/Y
 _19854_/X
 _19855_/Y
 _19856_/X
 _19857_/Y
 _19858_/Y
 _19859_/Y
 _19860_/Y
 _19861_/X
 _19862_/Y
 _19863_/Y
 _19864_/X
 _19865_/X
 _19866_/Y
 _19867_/Y
 _19868_/X
 _19869_/X
 _19870_/X
 _19871_/Y
 _19872_/X
 _19873_/X
 _19874_/Y
 _19875_/X
 _19876_/X
 _19877_/Y
 _19878_/Y
 _19879_/X
 _19880_/Y
 _19881_/Y
 _19882_/X
 _19883_/X
 _19884_/X
 _19885_/Y
 _19886_/X
 _19887_/X
 _19888_/Y
 _19889_/Y
 _19890_/Y
 _19891_/X
 _19892_/X
 _19893_/X
 _19894_/Y
 _19895_/X
 _19896_/X
 _19897_/X
 _19898_/Y
 _19899_/X
 _19900_/Y
 _19901_/X
 _19902_/Y
 _19903_/Y
 _19904_/X
 _19905_/Y
 _19906_/Y
 _19907_/Y
 _19908_/Y
 _19909_/X
 _19910_/X
 _19911_/Y
 _19912_/X
 _19913_/Y
 _19914_/Y
 _19915_/X
 _19916_/Y
 _19917_/Y
 _19918_/X
 _19919_/X
 _19920_/Y
 _19921_/X
 _19922_/X
 _19923_/Y
 _19924_/X
 _19925_/Y
 _19926_/X
 _19927_/X
 _19928_/X
 _19929_/X
 _19930_/X
 _19931_/X
 _19932_/X
 _19933_/X
 _19934_/X
 _19935_/X
 _19936_/X
 _19937_/X
 _19938_/X
 _19939_/X
 _19940_/X
 _19941_/X
 _19942_/X
 _19943_/X
 _19944_/X
 _19945_/X
 _19946_/X
 _19947_/X
 _19948_/X
 _19949_/X
 _19950_/X
 _19951_/X
 _19952_/X
 _19953_/X
 _19954_/X
 _19955_/X
 _19956_/X
 _19957_/X
 _19958_/X
 _19959_/X
 _19960_/X
 _19961_/X
 _19962_/X
 _19963_/X
 _19964_/X
 _19965_/X
 _19966_/X
 _19967_/X
 _19968_/X
 _19969_/X
 _19970_/X
 _19971_/X
 _19972_/X
 _19973_/X
 _19974_/X
 _19975_/X
 _19976_/Y
 _19977_/Y
 _19978_/X
 _19979_/Y
 _19980_/X
 _19981_/Y
 _19982_/X
 _19983_/X
 _19984_/Y
 _19985_/X
 _19986_/X
 _19987_/X
 _19988_/X
 _19989_/X
 _19990_/X
 _19991_/X
 _19992_/X
 _19993_/Y
 _19994_/X
 _19995_/Y
 _19996_/X
 _19997_/Y
 _19998_/X
 _19999_/Y
 _20000_/X
 _20001_/X
 _20002_/Y
 _20003_/X
 _20004_/Y
 _20005_/Y
 _20006_/Y
 _20007_/X
 _20008_/Y
 _20009_/Y
 _20010_/Y
 _20011_/X
 _20012_/X
 _20013_/X
 _20014_/Y
 _20015_/Y
 _20016_/Y
 _20017_/Y
 _20018_/X
 _20019_/X
 _20020_/X
 _20021_/Y
 _20022_/Y
 _20023_/X
 _20024_/X
 _20025_/Y
 _20026_/Y
 _20027_/Y
 _20028_/Y
 _20029_/Y
 _20030_/X
 _20031_/X
 _20032_/Y
 _20033_/X
 _20034_/X
 _20035_/Y
 _20036_/Y
 _20037_/Y
 _20038_/X
 _20039_/Y
 _20040_/Y
 _20041_/X
 _20042_/Y
 _20043_/Y
 _20044_/Y
 _20045_/Y
 _20046_/Y
 _20047_/X
 _20048_/Y
 _20049_/Y
 _20050_/Y
 _20051_/Y
 _20052_/Y
 _20053_/X
 _20054_/Y
 _20055_/Y
 _20056_/X
 _20057_/Y
 _20058_/Y
 _20059_/Y
 _20060_/Y
 _20061_/Y
 _20062_/Y
 _20063_/X
 _20064_/Y
 _20065_/Y
 _20066_/X
 _20067_/Y
 _20068_/X
 _20069_/Y
 _20070_/X
 _20071_/Y
 _20072_/Y
 _20073_/X
 _20074_/Y
 _20075_/X
 _20076_/X
 _20077_/Y
 _20078_/X
 _20079_/Y
 _20080_/X
 _20081_/Y
 _20082_/Y
 _20083_/X
 _20084_/X
 _20085_/Y
 _20086_/X
 _20087_/Y
 _20088_/X
 _20089_/X
 _20090_/Y
 _20091_/Y
 _20092_/Y
 _20093_/Y
 _20094_/X
 _20095_/Y
 _20096_/Y
 _20097_/X
 _20098_/Y
 _20099_/Y
 _20100_/Y
 _20101_/Y
 _20102_/Y
 _20103_/X
 _20104_/Y
 _20105_/X
 _20106_/X
 _20107_/Y
 _20108_/Y
 _20109_/X
 _20110_/Y
 _20111_/Y
 _20112_/Y
 _20113_/Y
 _20114_/Y
 _20115_/X
 _20116_/Y
 _20117_/Y
 _20118_/Y
 _20119_/X
 _20120_/Y
 _20121_/Y
 _20122_/X
 _20123_/Y
 _20124_/X
 _20125_/Y
 _20126_/Y
 _20127_/Y
 _20128_/Y
 _20129_/Y
 _20130_/X
 _20131_/X
 _20132_/Y
 _20133_/Y
 _20134_/Y
 _20135_/Y
 _20136_/X
 _20137_/X
 _20138_/X
 _20139_/Y
 _20140_/X
 _20141_/Y
 _20142_/Y
 _20143_/Y
 _20144_/Y
 _20145_/Y
 _20146_/Y
 _20147_/Y
 _20148_/X
 _20149_/Y
 _20150_/Y
 _20151_/Y
 _20152_/Y
 _20153_/Y
 _20154_/Y
 _20155_/X
 _20156_/Y
 _20157_/Y
 _20158_/X
 _20159_/Y
 _20160_/X
 _20161_/X
 _20162_/Y
 _20163_/Y
 _20164_/X
 _20165_/Y
 _20166_/Y
 _20167_/X
 _20168_/X
 _20169_/Y
 _20170_/Y
 _20171_/X
 _20172_/Y
 _20173_/Y
 _20174_/X
 _20175_/Y
 _20176_/X
 _20177_/X
 _20178_/Y
 _20179_/X
 _20180_/X
 _20181_/Y
 _20182_/Y
 _20183_/Y
 _20184_/Y
 _20185_/X
 _20186_/Y
 _20187_/Y
 _20188_/Y
 _20189_/Y
 _20190_/X
 _20191_/X
 _20192_/Y
 _20193_/Y
 _20194_/X
 _20195_/Y
 _20196_/X
 _20197_/Y
 _20198_/X
 _20199_/X
 _20200_/X
 _20201_/Y
 _20202_/Y
 _20203_/Y
 _20204_/Y
 _20205_/Y
 _20206_/Y
 _20207_/Y
 _20208_/Y
 _20209_/Y
 _20210_/X
 _20211_/X
 _20212_/Y
 _20213_/Y
 _20214_/Y
 _20215_/Y
 _20216_/X
 _20217_/X
 _20218_/Y
 _20219_/Y
 _20220_/Y
 _20221_/X
 _20222_/Y
 _20223_/Y
 _20224_/Y
 _20225_/Y
 _20226_/Y
 _20227_/X
 _20228_/Y
 _20229_/Y
 _20230_/Y
 _20231_/X
 _20232_/X
 _20233_/Y
 _20234_/Y
 _20235_/Y
 _20236_/Y
 _20237_/X
 _20238_/X
 _20239_/X
 _20240_/Y
 _20241_/Y
 _20242_/Y
 _20243_/X
 _20244_/Y
 _20245_/Y
 _20246_/X
 _20247_/X
 _20248_/Y
 _20249_/Y
 _20250_/Y
 _20251_/X
 _20252_/Y
 _20253_/X
 _20254_/Y
 _20255_/X
 _20256_/Y
 _20257_/X
 _20258_/X
 _20259_/Y
 _20260_/Y
 _20261_/Y
 _20262_/Y
 _20263_/X
 _20264_/Y
 _20265_/Y
 _20266_/Y
 _20267_/Y
 _20268_/Y
 _20269_/Y
 _20270_/X
 _20271_/X
 _20272_/Y
 _20273_/Y
 _20274_/Y
 _20275_/X
 _20276_/Y
 _20277_/X
 _20278_/Y
 _20279_/Y
 _20280_/Y
 _20281_/X
 _20282_/Y
 _20283_/Y
 _20284_/X
 _20285_/Y
 _20286_/Y
 _20287_/Y
 _20288_/X
 _20289_/Y
 _20290_/Y
 _20291_/Y
 _20292_/Y
 _20293_/Y
 _20294_/Y
 _20295_/X
 _20296_/X
 _20297_/Y
 _20298_/Y
 _20299_/Y
 _20300_/Y
 _20301_/X
 _20302_/Y
 _20303_/Y
 _20304_/Y
 _20305_/Y
 _20306_/Y
 _20307_/X
 _20308_/Y
 _20309_/Y
 _20310_/Y
 _20311_/Y
 _20312_/Y
 _20313_/Y
 _20314_/Y
 _20315_/Y
 _20316_/Y
 _20317_/X
 _20318_/X
 _20319_/X
 _20320_/Y
 _20321_/X
 _20322_/Y
 _20323_/X
 _20324_/X
 _20325_/Y
 _20326_/Y
 _20327_/Y
 _20328_/X
 _20329_/Y
 _20330_/X
 _20331_/X
 _20332_/Y
 _20333_/X
 _20334_/Y
 _20335_/Y
 _20336_/Y
 _20337_/Y
 _20338_/Y
 _20339_/X
 _20340_/X
 _20341_/Y
 _20342_/X
 _20343_/Y
 _20344_/X
 _20345_/Y
 _20346_/X
 _20347_/Y
 _20348_/X
 _20349_/Y
 _20350_/Y
 _20351_/Y
 _20352_/Y
 _20353_/Y
 _20354_/Y
 _20355_/X
 _20356_/Y
 _20357_/X
 _20358_/Y
 _20359_/Y
 _20360_/Y
 _20361_/Y
 _20362_/Y
 _20363_/Y
 _20364_/X
 _20365_/Y
 _20366_/Y
 _20367_/Y
 _20368_/X
 _20369_/Y
 _20370_/Y
 _20371_/Y
 _20372_/Y
 _20373_/X
 _20374_/Y
 _20375_/Y
 _20376_/X
 _20377_/Y
 _20378_/X
 _20379_/Y
 _20380_/Y
 _20381_/Y
 _20382_/X
 _20383_/Y
 _20384_/Y
 _20385_/X
 _20386_/Y
 _20387_/Y
 _20388_/X
 _20389_/X
 _20390_/Y
 _20391_/X
 _20392_/Y
 _20393_/Y
 _20394_/Y
 _20395_/X
 _20396_/X
 _20397_/Y
 _20398_/Y
 _20399_/Y
 _20400_/Y
 _20401_/X
 _20402_/Y
 _20403_/Y
 _20404_/Y
 _20405_/Y
 _20406_/X
 _20407_/X
 _20408_/X
 _20409_/X
 _20410_/X
 _20411_/Y
 _20412_/Y
 _20413_/Y
 _20414_/X
 _20415_/Y
 _20416_/Y
 _20417_/X
 _20418_/Y
 _20419_/X
 _20420_/Y
 _20421_/X
 _20422_/Y
 _20423_/Y
 _20424_/X
 _20425_/Y
 _20426_/X
 _20427_/Y
 _20428_/Y
 _20429_/Y
 _20430_/X
 _20431_/Y
 _20432_/X
 _20433_/Y
 _20434_/Y
 _20435_/Y
 _20436_/Y
 _20437_/Y
 _20438_/Y
 _20439_/Y
 _20440_/Y
 _20441_/X
 _20442_/Y
 _20443_/X
 _20444_/Y
 _20445_/Y
 _20446_/Y
 _20447_/Y
 _20448_/Y
 _20449_/Y
 _20450_/X
 _20451_/Y
 _20452_/Y
 _20453_/Y
 _20454_/X
 _20455_/Y
 _20456_/X
 _20457_/X
 _20458_/Y
 _20459_/X
 _20460_/X
 _20461_/Y
 _20462_/X
 _20463_/X
 _20464_/X
 _20465_/X
 _20466_/Y
 _20467_/X
 _20468_/X
 _20469_/Y
 _20470_/Y
 _20471_/X
 _20472_/Y
 _20473_/Y
 _20474_/X
 _20475_/Y
 _20476_/X
 _20477_/Y
 _20478_/Y
 _20479_/X
 _20480_/Y
 _20481_/Y
 _20482_/Y
 _20483_/Y
 _20484_/X
 _20485_/Y
 _20486_/Y
 _20487_/Y
 _20488_/Y
 _20489_/X
 _20490_/Y
 _20491_/Y
 _20492_/Y
 _20493_/Y
 _20494_/Y
 _20495_/Y
 _20496_/X
 _20497_/X
 _20498_/X
 _20499_/X
 _20500_/Y
 _20501_/Y
 _20502_/X
 _20503_/Y
 _20504_/Y
 _20505_/Y
 _20506_/Y
 _20507_/X
 _20508_/X
 _20509_/Y
 _20510_/Y
 _20511_/X
 _20512_/Y
 _20513_/Y
 _20514_/X
 _20515_/Y
 _20516_/Y
 _20517_/X
 _20518_/X
 _20519_/Y
 _20520_/Y
 _20521_/X
 _20522_/X
 _20523_/Y
 _20524_/Y
 _20525_/Y
 _20526_/Y
 _20527_/X
 _20528_/Y
 _20529_/X
 _20530_/X
 _20531_/Y
 _20532_/X
 _20533_/Y
 _20534_/X
 _20535_/Y
 _20536_/X
 _20537_/X
 _20538_/Y
 _20539_/Y
 _20540_/X
 _20541_/Y
 _20542_/Y
 _20543_/X
 _20544_/Y
 _20545_/Y
 _20546_/Y
 _20547_/Y
 _20548_/X
 _20549_/X
 _20550_/X
 _20551_/Y
 _20552_/X
 _20553_/X
 _20554_/Y
 _20555_/Y
 _20556_/Y
 _20557_/Y
 _20558_/X
 _20559_/Y
 _20560_/X
 _20561_/Y
 _20562_/Y
 _20563_/X
 _20564_/X
 _20565_/Y
 _20566_/X
 _20567_/X
 _20568_/X
 _20569_/Y
 _20570_/X
 _20571_/Y
 _20572_/Y
 _20573_/Y
 _20574_/X
 _20575_/Y
 _20576_/Y
 _20577_/Y
 _20578_/X
 _20579_/X
 _20580_/Y
 _20581_/Y
 _20582_/Y
 _20583_/Y
 _20584_/X
 _20585_/Y
 _20586_/Y
 _20587_/X
 _20588_/Y
 _20589_/X
 _20590_/X
 _20591_/Y
 _20592_/X
 _20593_/Y
 _20594_/Y
 _20595_/X
 _20596_/Y
 _20597_/X
 _20598_/Y
 _20599_/X
 _20600_/Y
 _20601_/Y
 _20602_/X
 _20603_/Y
 _20604_/X
 _20605_/Y
 _20606_/Y
 _20607_/X
 _20608_/Y
 _20609_/Y
 _20610_/X
 _20611_/Y
 _20612_/Y
 _20613_/X
 _20614_/Y
 _20615_/Y
 _20616_/Y
 _20617_/Y
 _20618_/X
 _20619_/Y
 _20620_/X
 _20621_/Y
 _20622_/Y
 _20623_/Y
 _20624_/X
 _20625_/Y
 _20626_/X
 _20627_/X
 _20628_/X
 _20629_/Y
 _20630_/X
 _20631_/X
 _20632_/X
 _20633_/Y
 _20634_/X
 _20635_/Y
 _20636_/Y
 _20637_/Y
 _20638_/X
 _20639_/X
 _20640_/X
 _20641_/Y
 _20642_/Y
 _20643_/X
 _20644_/Y
 _20645_/X
 _20646_/Y
 _20647_/Y
 _20648_/X
 _20649_/X
 _20650_/X
 _20651_/X
 _20652_/Y
 _20653_/Y
 _20654_/X
 _20655_/X
 _20656_/Y
 _20657_/Y
 _20658_/X
 _20659_/Y
 _20660_/X
 _20661_/X
 _20662_/Y
 _20663_/X
 _20664_/X
 _20665_/X
 _20666_/X
 _20667_/Y
 _20668_/X
 _20669_/X
 _20670_/Y
 _20671_/X
 _20672_/X
 _20673_/X
 _20674_/Y
 _20675_/Y
 _20676_/X
 _20677_/X
 _20678_/X
 _20679_/Y
 _20680_/X
 _20681_/Y
 _20682_/Y
 _20683_/X
 _20684_/Y
 _20685_/X
 _20686_/Y
 _20687_/Y
 _20688_/Y
 _20689_/Y
 _20690_/X
 _20691_/X
 _20692_/Y
 _20693_/X
 _20694_/Y
 _20695_/Y
 _20696_/X
 _20697_/Y
 _20698_/X
 _20699_/X
 _20700_/Y
 _20701_/Y
 _20702_/Y
 _20703_/Y
 _20704_/Y
 _20705_/Y
 _20706_/X
 _20707_/X
 _20708_/X
 _20709_/X
 _20710_/X
 _20711_/X
 _20712_/X
 _20713_/X
 _20714_/X
 _20715_/X
 _20716_/X
 _20717_/X
 _20718_/X
 _20719_/X
 _20720_/X
 _20721_/X
 _20722_/X
 _20723_/X
 _20724_/X
 _20725_/X
 _20726_/X
 _20727_/X
 _20728_/X
 _20729_/X
 _20730_/X
 _20731_/X
 _20732_/X
 _20733_/X
 _20734_/X
 _20735_/X
 _20736_/X
 _20737_/X
 _20738_/X
 _20739_/X
 _20740_/X
 _20741_/X
 _20742_/X
 _20743_/X
 _20744_/X
 _20745_/X
 _20746_/X
 _20747_/X
 _20748_/X
 _20749_/X
 _20750_/X
 _20751_/X
 _20752_/X
 _20753_/X
 _20754_/Y
 _20755_/Y
 _20756_/X
 _20757_/X
 _20758_/X
 _20759_/X
 _20760_/X
 _20761_/X
 _20762_/Y
 _20763_/X
 _20764_/Y
 _20765_/X
 _20766_/Y
 _20767_/X
 _20768_/X
 _20769_/X
 _20770_/X
 _20771_/X
 _20772_/X
 _20773_/X
 _20774_/X
 _20775_/Y
 _20776_/Y
 _20777_/X
 _20778_/X
 _20779_/X
 _20780_/Y
 _20781_/Y
 _20782_/Y
 _20783_/Y
 _20784_/X
 _20785_/X
 _20786_/Y
 _20787_/X
 _20788_/Y
 _20789_/Y
 _20790_/Y
 _20791_/X
 _20792_/X
 _20793_/X
 _20794_/X
 _20795_/X
 _20796_/X
 _20797_/Y
 _20798_/X
 _20799_/Y
 _20800_/Y
 _20801_/Y
 _20802_/Y
 _20803_/X
 _20804_/Y
 _20805_/X
 _20806_/Y
 _20807_/X
 _20808_/Y
 _20809_/X
 _20810_/X
 _20811_/Y
 _20812_/Y
 _20813_/X
 _20814_/Y
 _20815_/Y
 _20816_/Y
 _20817_/Y
 _20818_/Y
 _20819_/X
 _20820_/Y
 _20821_/X
 _20822_/X
 _20823_/Y
 _20824_/Y
 _20825_/X
 _20826_/X
 _20827_/X
 _20828_/Y
 _20829_/X
 _20830_/Y
 _20831_/X
 _20832_/X
 _20833_/X
 _20834_/X
 _20835_/X
 _20836_/X
 _20837_/Y
 _20838_/Y
 _20839_/Y
 _20840_/X
 _20841_/Y
 _20842_/X
 _20843_/X
 _20844_/X
 _20845_/Y
 _20846_/Y
 _20847_/X
 _20848_/Y
 _20849_/X
 _20850_/X
 _20851_/Y
 _20852_/Y
 _20853_/X
 _20854_/Y
 _20855_/Y
 _20856_/Y
 _20857_/Y
 _20858_/Y
 _20859_/Y
 _20860_/Y
 _20861_/Y
 _20862_/Y
 _20863_/Y
 _20864_/X
 _20865_/Y
 _20866_/X
 _20867_/Y
 _20868_/X
 _20869_/Y
 _20870_/Y
 _20871_/Y
 _20872_/X
 _20873_/Y
 _20874_/Y
 _20875_/Y
 _20876_/X
 _20877_/Y
 _20878_/X
 _20879_/X
 _20880_/X
 _20881_/Y
 _20882_/Y
 _20883_/Y
 _20884_/Y
 _20885_/Y
 _20886_/X
 _20887_/Y
 _20888_/Y
 _20889_/X
 _20890_/X
 _20891_/Y
 _20892_/X
 _20893_/X
 _20894_/X
 _20895_/Y
 _20896_/Y
 _20897_/X
 _20898_/Y
 _20899_/Y
 _20900_/Y
 _20901_/X
 _20902_/Y
 _20903_/Y
 _20904_/X
 _20905_/Y
 _20906_/X
 _20907_/Y
 _20908_/X
 _20909_/Y
 _20910_/X
 _20911_/X
 _20912_/Y
 _20913_/X
 _20914_/Y
 _20915_/X
 _20916_/Y
 _20917_/X
 _20918_/Y
 _20919_/X
 _20920_/X
 _20921_/Y
 _20922_/Y
 _20923_/X
 _20924_/Y
 _20925_/Y
 _20926_/X
 _20927_/Y
 _20928_/Y
 _20929_/Y
 _20930_/Y
 _20931_/X
 _20932_/X
 _20933_/X
 _20934_/Y
 _20935_/Y
 _20936_/X
 _20937_/X
 _20938_/Y
 _20939_/Y
 _20940_/Y
 _20941_/X
 _20942_/X
 _20943_/Y
 _20944_/X
 _20945_/Y
 _20946_/Y
 _20947_/Y
 _20948_/Y
 _20949_/Y
 _20950_/Y
 _20951_/X
 _20952_/X
 _20953_/Y
 _20954_/X
 _20955_/X
 _20956_/Y
 _20957_/Y
 _20958_/Y
 _20959_/X
 _20960_/Y
 _20961_/Y
 _20962_/Y
 _20963_/X
 _20964_/X
 _20965_/X
 _20966_/Y
 _20967_/Y
 _20968_/Y
 _20969_/X
 _20970_/Y
 _20971_/Y
 _20972_/Y
 _20973_/X
 _20974_/X
 _20975_/Y
 _20976_/X
 _20977_/Y
 _20978_/Y
 _20979_/Y
 _20980_/X
 _20981_/Y
 _20982_/Y
 _20983_/Y
 _20984_/Y
 _20985_/X
 _20986_/Y
 _20987_/Y
 _20988_/Y
 _20989_/Y
 _20990_/X
 _20991_/Y
 _20992_/Y
 _20993_/X
 _20994_/Y
 _20995_/Y
 _20996_/X
 _20997_/Y
 _20998_/Y
 _20999_/X
 _21000_/Y
 _21001_/Y
 _21002_/Y
 _21003_/X
 _21004_/X
 _21005_/Y
 _21006_/Y
 _21007_/X
 _21008_/Y
 _21009_/Y
 _21010_/X
 _21011_/X
 _21012_/X
 _21013_/Y
 _21014_/Y
 _21015_/Y
 _21016_/Y
 _21017_/Y
 _21018_/X
 _21019_/Y
 _21020_/Y
 _21021_/Y
 _21022_/Y
 _21023_/X
 _21024_/X
 _21025_/Y
 _21026_/Y
 _21027_/X
 _21028_/Y
 _21029_/X
 _21030_/Y
 _21031_/Y
 _21032_/Y
 _21033_/X
 _21034_/Y
 _21035_/Y
 _21036_/Y
 _21037_/Y
 _21038_/Y
 _21039_/Y
 _21040_/X
 _21041_/Y
 _21042_/Y
 _21043_/Y
 _21044_/X
 _21045_/X
 _21046_/Y
 _21047_/Y
 _21048_/Y
 _21049_/Y
 _21050_/X
 _21051_/Y
 _21052_/Y
 _21053_/Y
 _21054_/Y
 _21055_/Y
 _21056_/Y
 _21057_/Y
 _21058_/Y
 _21059_/Y
 _21060_/Y
 _21061_/Y
 _21062_/Y
 _21063_/Y
 _21064_/X
 _21065_/Y
 _21066_/Y
 _21067_/Y
 _21068_/Y
 _21069_/X
 _21070_/X
 _21071_/Y
 _21072_/Y
 _21073_/Y
 _21074_/X
 _21075_/X
 _21076_/Y
 _21077_/X
 _21078_/Y
 _21079_/X
 _21080_/Y
 _21081_/X
 _21082_/X
 _21083_/Y
 _21084_/Y
 _21085_/Y
 _21086_/Y
 _21087_/X
 _21088_/Y
 _21089_/X
 _21090_/X
 _21091_/Y
 _21092_/X
 _21093_/X
 _21094_/Y
 _21095_/X
 _21096_/Y
 _21097_/Y
 _21098_/Y
 _21099_/Y
 _21100_/X
 _21101_/Y
 _21102_/Y
 _21103_/Y
 _21104_/Y
 _21105_/Y
 _21106_/Y
 _21107_/X
 _21108_/Y
 _21109_/Y
 _21110_/X
 _21111_/Y
 _21112_/X
 _21113_/X
 _21114_/Y
 _21115_/X
 _21116_/Y
 _21117_/Y
 _21118_/Y
 _21119_/X
 _21120_/Y
 _21121_/Y
 _21122_/Y
 _21123_/Y
 _21124_/Y
 _21125_/Y
 _21126_/X
 _21127_/Y
 _21128_/X
 _21129_/Y
 _21130_/Y
 _21131_/Y
 _21132_/X
 _21133_/Y
 _21134_/X
 _21135_/Y
 _21136_/Y
 _21137_/Y
 _21138_/Y
 _21139_/Y
 _21140_/Y
 _21141_/Y
 _21142_/X
 _21143_/Y
 _21144_/Y
 _21145_/X
 _21146_/Y
 _21147_/Y
 _21148_/X
 _21149_/X
 _21150_/X
 _21151_/X
 _21152_/Y
 _21153_/Y
 _21154_/Y
 _21155_/Y
 _21156_/X
 _21157_/X
 _21158_/Y
 _21159_/Y
 _21160_/Y
 _21161_/Y
 _21162_/Y
 _21163_/Y
 _21164_/Y
 _21165_/X
 _21166_/X
 _21167_/Y
 _21168_/Y
 _21169_/X
 _21170_/X
 _21171_/Y
 _21172_/Y
 _21173_/Y
 _21174_/Y
 _21175_/Y
 _21176_/X
 _21177_/Y
 _21178_/X
 _21179_/Y
 _21180_/X
 _21181_/Y
 _21182_/Y
 _21183_/Y
 _21184_/Y
 _21185_/X
 _21186_/X
 _21187_/Y
 _21188_/Y
 _21189_/Y
 _21190_/X
 _21191_/X
 _21192_/X
 _21193_/Y
 _21194_/Y
 _21195_/Y
 _21196_/Y
 _21197_/Y
 _21198_/X
 _21199_/Y
 _21200_/Y
 _21201_/X
 _21202_/X
 _21203_/Y
 _21204_/X
 _21205_/X
 _21206_/Y
 _21207_/X
 _21208_/Y
 _21209_/X
 _21210_/Y
 _21211_/X
 _21212_/Y
 _21213_/Y
 _21214_/Y
 _21215_/Y
 _21216_/Y
 _21217_/Y
 _21218_/Y
 _21219_/Y
 _21220_/X
 _21221_/Y
 _21222_/Y
 _21223_/Y
 _21224_/Y
 _21225_/Y
 _21226_/Y
 _21227_/X
 _21228_/Y
 _21229_/Y
 _21230_/Y
 _21231_/Y
 _21232_/Y
 _21233_/Y
 _21234_/Y
 _21235_/Y
 _21236_/Y
 _21237_/Y
 _21238_/Y
 _21239_/Y
 _21240_/X
 _21241_/X
 _21242_/X
 _21243_/Y
 _21244_/Y
 _21245_/X
 _21246_/Y
 _21247_/X
 _21248_/X
 _21249_/Y
 _21250_/Y
 _21251_/Y
 _21252_/Y
 _21253_/Y
 _21254_/Y
 _21255_/Y
 _21256_/X
 _21257_/Y
 _21258_/Y
 _21259_/X
 _21260_/Y
 _21261_/Y
 _21262_/Y
 _21263_/X
 _21264_/X
 _21265_/Y
 _21266_/X
 _21267_/X
 _21268_/X
 _21269_/X
 _21270_/Y
 _21271_/X
 _21272_/Y
 _21273_/X
 _21274_/Y
 _21275_/Y
 _21276_/X
 _21277_/Y
 _21278_/Y
 _21279_/X
 _21280_/Y
 _21281_/X
 _21282_/X
 _21283_/Y
 _21284_/Y
 _21285_/X
 _21286_/X
 _21287_/Y
 _21288_/X
 _21289_/Y
 _21290_/Y
 _21291_/X
 _21292_/X
 _21293_/Y
 _21294_/Y
 _21295_/X
 _21296_/Y
 _21297_/X
 _21298_/Y
 _21299_/X
 _21300_/Y
 _21301_/Y
 _21302_/Y
 _21303_/Y
 _21304_/Y
 _21305_/X
 _21306_/X
 _21307_/Y
 _21308_/X
 _21309_/X
 _21310_/X
 _21311_/Y
 _21312_/X
 _21313_/Y
 _21314_/X
 _21315_/Y
 _21316_/X
 _21317_/Y
 _21318_/X
 _21319_/Y
 _21320_/X
 _21321_/X
 _21322_/X
 _21323_/X
 _21324_/Y
 _21325_/X
 _21326_/Y
 _21327_/Y
 _21328_/X
 _21329_/X
 _21330_/X
 _21331_/Y
 _21332_/X
 _21333_/Y
 _21334_/X
 _21335_/Y
 _21336_/X
 _21337_/Y
 _21338_/Y
 _21339_/Y
 _21340_/Y
 _21341_/X
 _21342_/X
 _21343_/X
 _21344_/X
 _21345_/Y
 _21346_/X
 _21347_/X
 _21348_/X
 _21349_/X
 _21350_/Y
 _21351_/X
 _21352_/X
 _21353_/X
 _21354_/X
 _21355_/X
 _21356_/Y
 _21357_/X
 _21358_/Y
 _21359_/X
 _21360_/X
 _21361_/Y
 _21362_/Y
 _21363_/Y
 _21364_/Y
 _21365_/X
 _21366_/Y
 _21367_/X
 _21368_/X
 _21369_/X
 _21370_/Y
 _21371_/X
 _21372_/X
 _21373_/X
 _21374_/Y
 _21375_/Y
 _21376_/X
 _21377_/Y
 _21378_/X
 _21379_/Y
 _21380_/X
 _21381_/Y
 _21382_/Y
 _21383_/Y
 _21384_/Y
 _21385_/X
 _21386_/Y
 _21387_/X
 _21388_/Y
 _21389_/X
 _21390_/Y
 _21391_/Y
 _21392_/X
 _21393_/Y
 _21394_/X
 _21395_/Y
 _21396_/X
 _21397_/Y
 _21398_/X
 _21399_/X
 _21400_/X
 _21401_/X
 _21402_/Y
 _21403_/Y
 _21404_/X
 _21405_/X
 _21406_/X
 _21407_/X
 _21408_/Y
 _21409_/X
 _21410_/Y
 _21411_/X
 _21412_/Y
 _21413_/X
 _21414_/Y
 _21415_/Y
 _21416_/X
 _21417_/Y
 _21418_/Y
 _21419_/X
 _21420_/Y
 _21421_/Y
 _21422_/Y
 _21423_/Y
 _21424_/Y
 _21425_/X
 _21426_/X
 _21427_/Y
 _21428_/X
 _21429_/X
 _21430_/Y
 _21431_/Y
 _21432_/Y
 _21433_/X
 _21434_/Y
 _21435_/Y
 _21436_/X
 _21437_/X
 _21438_/Y
 _21439_/X
 _21440_/X
 _21441_/Y
 _21442_/X
 _21443_/X
 _21444_/Y
 _21445_/Y
 _21446_/X
 _21447_/X
 _21448_/Y
 _21449_/X
 _21450_/X
 _21451_/X
 _21452_/Y
 _21453_/Y
 _21454_/Y
 _21455_/X
 _21456_/Y
 _21457_/Y
 _21458_/X
 _21459_/Y
 _21460_/Y
 _21461_/X
 _21462_/X
 _21463_/X
 _21464_/X
 _21465_/X
 _21466_/X
 _21467_/X
 _21468_/X
 _21469_/X
 _21470_/X
 _21471_/X
 _21472_/X
 _21473_/X
 _21474_/X
 _21475_/X
 _21476_/X
 _21477_/X
 _21478_/X
 _21479_/X
 _21480_/X
 _21481_/X
 _21482_/X
 _21483_/X
 _21484_/X
 _21485_/X
 _21486_/X
 _21487_/X
 _21488_/X
 _21489_/X
 _21490_/X
 _21491_/X
 _21492_/X
 _21493_/X
 _21494_/X
 _21495_/X
 _21496_/X
 _21497_/X
 _21498_/X
 _21499_/X
 _21500_/X
 _21501_/X
 _21502_/X
 _21503_/X
 _21504_/X
 _21505_/X
 _21506_/Y
 _21507_/X
 _21508_/X
 _21509_/X
 _21510_/Y
 _21511_/X
 _21512_/Y
 _21513_/X
 _21514_/X
 _21515_/Y
 _21516_/X
 _21517_/X
 _21518_/X
 _21519_/Y
 _21520_/Y
 _21521_/Y
 _21522_/X
 _21523_/X
 _21524_/X
 _21525_/X
 _21526_/X
 _21527_/X
 _21528_/X
 _21529_/X
 _21530_/Y
 _21531_/X
 _21532_/Y
 _21533_/Y
 _21534_/X
 _21535_/Y
 _21536_/X
 _21537_/Y
 _21538_/X
 _21539_/Y
 _21540_/X
 _21541_/Y
 _21542_/X
 _21543_/Y
 _21544_/Y
 _21545_/Y
 _21546_/Y
 _21547_/X
 _21548_/X
 _21549_/X
 _21550_/X
 _21551_/X
 _21552_/Y
 _21553_/X
 _21554_/X
 _21555_/X
 _21556_/X
 _21557_/X
 _21558_/Y
 _21559_/Y
 _21560_/X
 _21561_/Y
 _21562_/Y
 _21563_/Y
 _21564_/Y
 _21565_/X
 _21566_/Y
 _21567_/X
 _21568_/Y
 _21569_/Y
 _21570_/X
 _21571_/X
 _21572_/Y
 _21573_/Y
 _21574_/X
 _21575_/Y
 _21576_/X
 _21577_/Y
 _21578_/Y
 _21579_/Y
 _21580_/Y
 _21581_/X
 _21582_/X
 _21583_/X
 _21584_/Y
 _21585_/X
 _21586_/Y
 _21587_/Y
 _21588_/Y
 _21589_/Y
 _21590_/X
 _21591_/Y
 _21592_/Y
 _21593_/Y
 _21594_/Y
 _21595_/Y
 _21596_/X
 _21597_/Y
 _21598_/Y
 _21599_/Y
 _21600_/Y
 _21601_/X
 _21602_/X
 _21603_/X
 _21604_/Y
 _21605_/Y
 _21606_/Y
 _21607_/Y
 _21608_/Y
 _21609_/X
 _21610_/Y
 _21611_/Y
 _21612_/Y
 _21613_/X
 _21614_/X
 _21615_/X
 _21616_/Y
 _21617_/X
 _21618_/X
 _21619_/Y
 _21620_/X
 _21621_/Y
 _21622_/Y
 _21623_/X
 _21624_/X
 _21625_/Y
 _21626_/Y
 _21627_/Y
 _21628_/Y
 _21629_/Y
 _21630_/X
 _21631_/Y
 _21632_/Y
 _21633_/Y
 _21634_/Y
 _21635_/Y
 _21636_/Y
 _21637_/Y
 _21638_/Y
 _21639_/Y
 _21640_/X
 _21641_/Y
 _21642_/X
 _21643_/Y
 _21644_/Y
 _21645_/Y
 _21646_/Y
 _21647_/Y
 _21648_/Y
 _21649_/X
 _21650_/Y
 _21651_/X
 _21652_/Y
 _21653_/Y
 _21654_/Y
 _21655_/Y
 _21656_/Y
 _21657_/X
 _21658_/X
 _21659_/X
 _21660_/Y
 _21661_/Y
 _21662_/X
 _21663_/Y
 _21664_/X
 _21665_/Y
 _21666_/Y
 _21667_/Y
 _21668_/X
 _21669_/Y
 _21670_/X
 _21671_/Y
 _21672_/Y
 _21673_/X
 _21674_/Y
 _21675_/Y
 _21676_/Y
 _21677_/Y
 _21678_/Y
 _21679_/Y
 _21680_/X
 _21681_/Y
 _21682_/Y
 _21683_/X
 _21684_/X
 _21685_/Y
 _21686_/X
 _21687_/Y
 _21688_/X
 _21689_/Y
 _21690_/X
 _21691_/Y
 _21692_/Y
 _21693_/X
 _21694_/Y
 _21695_/Y
 _21696_/X
 _21697_/Y
 _21698_/Y
 _21699_/Y
 _21700_/X
 _21701_/Y
 _21702_/Y
 _21703_/Y
 _21704_/Y
 _21705_/Y
 _21706_/X
 _21707_/Y
 _21708_/X
 _21709_/Y
 _21710_/Y
 _21711_/Y
 _21712_/Y
 _21713_/Y
 _21714_/X
 _21715_/X
 _21716_/Y
 _21717_/Y
 _21718_/X
 _21719_/Y
 _21720_/Y
 _21721_/Y
 _21722_/X
 _21723_/Y
 _21724_/Y
 _21725_/Y
 _21726_/X
 _21727_/Y
 _21728_/Y
 _21729_/X
 _21730_/Y
 _21731_/Y
 _21732_/Y
 _21733_/Y
 _21734_/Y
 _21735_/X
 _21736_/Y
 _21737_/Y
 _21738_/Y
 _21739_/Y
 _21740_/Y
 _21741_/X
 _21742_/Y
 _21743_/Y
 _21744_/X
 _21745_/Y
 _21746_/Y
 _21747_/X
 _21748_/Y
 _21749_/X
 _21750_/Y
 _21751_/X
 _21752_/X
 _21753_/X
 _21754_/X
 _21755_/X
 _21756_/Y
 _21757_/Y
 _21758_/X
 _21759_/X
 _21760_/X
 _21761_/Y
 _21762_/Y
 _21763_/Y
 _21764_/X
 _21765_/Y
 _21766_/X
 _21767_/Y
 _21768_/Y
 _21769_/Y
 _21770_/X
 _21771_/X
 _21772_/X
 _21773_/Y
 _21774_/X
 _21775_/Y
 _21776_/X
 _21777_/Y
 _21778_/Y
 _21779_/Y
 _21780_/Y
 _21781_/Y
 _21782_/Y
 _21783_/Y
 _21784_/X
 _21785_/Y
 _21786_/Y
 _21787_/Y
 _21788_/Y
 _21789_/X
 _21790_/Y
 _21791_/Y
 _21792_/X
 _21793_/Y
 _21794_/Y
 _21795_/X
 _21796_/Y
 _21797_/Y
 _21798_/Y
 _21799_/Y
 _21800_/X
 _21801_/Y
 _21802_/Y
 _21803_/Y
 _21804_/Y
 _21805_/Y
 _21806_/Y
 _21807_/X
 _21808_/Y
 _21809_/X
 _21810_/Y
 _21811_/Y
 _21812_/X
 _21813_/Y
 _21814_/X
 _21815_/Y
 _21816_/X
 _21817_/Y
 _21818_/X
 _21819_/Y
 _21820_/Y
 _21821_/X
 _21822_/Y
 _21823_/X
 _21824_/Y
 _21825_/X
 _21826_/Y
 _21827_/Y
 _21828_/X
 _21829_/Y
 _21830_/Y
 _21831_/Y
 _21832_/Y
 _21833_/Y
 _21834_/Y
 _21835_/Y
 _21836_/Y
 _21837_/X
 _21838_/X
 _21839_/Y
 _21840_/Y
 _21841_/Y
 _21842_/X
 _21843_/Y
 _21844_/X
 _21845_/Y
 _21846_/Y
 _21847_/Y
 _21848_/X
 _21849_/X
 _21850_/X
 _21851_/X
 _21852_/Y
 _21853_/Y
 _21854_/X
 _21855_/Y
 _21856_/Y
 _21857_/Y
 _21858_/X
 _21859_/Y
 _21860_/Y
 _21861_/X
 _21862_/Y
 _21863_/X
 _21864_/X
 _21865_/X
 _21866_/Y
 _21867_/Y
 _21868_/X
 _21869_/Y
 _21870_/Y
 _21871_/Y
 _21872_/X
 _21873_/X
 _21874_/Y
 _21875_/X
 _21876_/Y
 _21877_/Y
 _21878_/Y
 _21879_/Y
 _21880_/X
 _21881_/Y
 _21882_/Y
 _21883_/X
 _21884_/Y
 _21885_/X
 _21886_/Y
 _21887_/Y
 _21888_/Y
 _21889_/Y
 _21890_/Y
 _21891_/Y
 _21892_/Y
 _21893_/Y
 _21894_/X
 _21895_/Y
 _21896_/Y
 _21897_/X
 _21898_/Y
 _21899_/Y
 _21900_/Y
 _21901_/X
 _21902_/X
 _21903_/Y
 _21904_/Y
 _21905_/Y
 _21906_/Y
 _21907_/Y
 _21908_/X
 _21909_/Y
 _21910_/Y
 _21911_/Y
 _21912_/X
 _21913_/X
 _21914_/X
 _21915_/Y
 _21916_/Y
 _21917_/Y
 _21918_/Y
 _21919_/Y
 _21920_/X
 _21921_/Y
 _21922_/X
 _21923_/Y
 _21924_/X
 _21925_/Y
 _21926_/Y
 _21927_/X
 _21928_/Y
 _21929_/Y
 _21930_/Y
 _21931_/Y
 _21932_/Y
 _21933_/X
 _21934_/X
 _21935_/Y
 _21936_/Y
 _21937_/X
 _21938_/Y
 _21939_/X
 _21940_/Y
 _21941_/X
 _21942_/X
 _21943_/X
 _21944_/X
 _21945_/X
 _21946_/X
 _21947_/X
 _21948_/Y
 _21949_/Y
 _21950_/Y
 _21951_/X
 _21952_/Y
 _21953_/Y
 _21954_/Y
 _21955_/Y
 _21956_/X
 _21957_/Y
 _21958_/Y
 _21959_/X
 _21960_/Y
 _21961_/Y
 _21962_/X
 _21963_/Y
 _21964_/Y
 _21965_/Y
 _21966_/X
 _21967_/X
 _21968_/Y
 _21969_/X
 _21970_/X
 _21971_/Y
 _21972_/Y
 _21973_/Y
 _21974_/Y
 _21975_/Y
 _21976_/X
 _21977_/X
 _21978_/Y
 _21979_/X
 _21980_/X
 _21981_/Y
 _21982_/Y
 _21983_/Y
 _21984_/X
 _21985_/Y
 _21986_/Y
 _21987_/Y
 _21988_/Y
 _21989_/Y
 _21990_/Y
 _21991_/Y
 _21992_/X
 _21993_/Y
 _21994_/Y
 _21995_/X
 _21996_/Y
 _21997_/X
 _21998_/Y
 _21999_/Y
 _22000_/Y
 _22001_/Y
 _22002_/X
 _22003_/Y
 _22004_/Y
 _22005_/Y
 _22006_/Y
 _22007_/Y
 _22008_/X
 _22009_/X
 _22010_/Y
 _22011_/X
 _22012_/Y
 _22013_/X
 _22014_/X
 _22015_/Y
 _22016_/Y
 _22017_/X
 _22018_/Y
 _22019_/Y
 _22020_/Y
 _22021_/Y
 _22022_/Y
 _22023_/Y
 _22024_/Y
 _22025_/Y
 _22026_/Y
 _22027_/X
 _22028_/Y
 _22029_/X
 _22030_/X
 _22031_/X
 _22032_/Y
 _22033_/Y
 _22034_/X
 _22035_/Y
 _22036_/Y
 _22037_/Y
 _22038_/Y
 _22039_/Y
 _22040_/X
 _22041_/Y
 _22042_/X
 _22043_/Y
 _22044_/Y
 _22045_/Y
 _22046_/Y
 _22047_/X
 _22048_/Y
 _22049_/X
 _22050_/Y
 _22051_/Y
 _22052_/Y
 _22053_/Y
 _22054_/X
 _22055_/Y
 _22056_/X
 _22057_/Y
 _22058_/Y
 _22059_/Y
 _22060_/X
 _22061_/X
 _22062_/Y
 _22063_/X
 _22064_/Y
 _22065_/X
 _22066_/Y
 _22067_/X
 _22068_/Y
 _22069_/Y
 _22070_/Y
 _22071_/X
 _22072_/Y
 _22073_/X
 _22074_/Y
 _22075_/Y
 _22076_/Y
 _22077_/Y
 _22078_/Y
 _22079_/Y
 _22080_/Y
 _22081_/Y
 _22082_/Y
 _22083_/X
 _22084_/X
 _22085_/X
 _22086_/X
 _22087_/Y
 _22088_/X
 _22089_/Y
 _22090_/X
 _22091_/X
 _22092_/Y
 _22093_/Y
 _22094_/Y
 _22095_/Y
 _22096_/Y
 _22097_/X
 _22098_/Y
 _22099_/Y
 _22100_/X
 _22101_/X
 _22102_/Y
 _22103_/Y
 _22104_/Y
 _22105_/Y
 _22106_/X
 _22107_/Y
 _22108_/X
 _22109_/Y
 _22110_/X
 _22111_/Y
 _22112_/Y
 _22113_/X
 _22114_/Y
 _22115_/Y
 _22116_/X
 _22117_/Y
 _22118_/Y
 _22119_/X
 _22120_/Y
 _22121_/Y
 _22122_/X
 _22123_/Y
 _22124_/Y
 _22125_/Y
 _22126_/X
 _22127_/X
 _22128_/Y
 _22129_/X
 _22130_/X
 _22131_/Y
 _22132_/Y
 _22133_/X
 _22134_/Y
 _22135_/Y
 _22136_/X
 _22137_/Y
 _22138_/X
 _22139_/Y
 _22140_/X
 _22141_/Y
 _22142_/X
 _22143_/X
 _22144_/Y
 _22145_/X
 _22146_/Y
 _22147_/X
 _22148_/X
 _22149_/X
 _22150_/Y
 _22151_/X
 _22152_/Y
 _22153_/Y
 _22154_/X
 _22155_/X
 _22156_/Y
 _22157_/X
 _22158_/Y
 _22159_/X
 _22160_/X
 _22161_/X
 _22162_/Y
 _22163_/X
 _22164_/Y
 _22165_/Y
 _22166_/X
 _22167_/Y
 _22168_/Y
 _22169_/X
 _22170_/Y
 _22171_/Y
 _22172_/Y
 _22173_/Y
 _22174_/Y
 _22175_/Y
 _22176_/X
 _22177_/Y
 _22178_/Y
 _22179_/Y
 _22180_/Y
 _22181_/Y
 _22182_/X
 _22183_/X
 _22184_/Y
 _22185_/Y
 _22186_/X
 _22187_/Y
 _22188_/Y
 _22189_/Y
 _22190_/Y
 _22191_/Y
 _22192_/Y
 _22193_/X
 _22194_/Y
 _22195_/Y
 _22196_/Y
 _22197_/X
 _22198_/Y
 _22199_/Y
 _22200_/X
 _22201_/X
 _22202_/Y
 _22203_/Y
 _22204_/X
 _22205_/X
 _22206_/X
 _22207_/X
 _22208_/Y
 _22209_/X
 _22210_/X
 _22211_/X
 _22212_/X
 _22213_/Y
 _22214_/X
 _22215_/X
 _22216_/X
 _22217_/Y
 _22218_/X
 _22219_/X
 _22220_/Y
 _22221_/X
 _22222_/X
 _22223_/X
 _22224_/Y
 _22225_/X
 _22226_/Y
 _22227_/Y
 _22228_/X
 _22229_/X
 _22230_/Y
 _22231_/Y
 _22232_/X
 _22233_/X
 _22234_/X
 _22235_/Y
 _22236_/Y
 _22237_/X
 _22238_/X
 _22239_/Y
 _22240_/X
 _22241_/Y
 _22242_/Y
 _22243_/Y
 _22244_/Y
 _22245_/Y
 _22246_/X
 _22247_/X
 _22248_/X
 _22249_/Y
 _22250_/Y
 _22251_/X
 _22252_/X
 _22253_/Y
 _22254_/Y
 _22255_/Y
 _22256_/X
 _22257_/X
 _22258_/Y
 _22259_/Y
 _22260_/Y
 _22261_/Y
 _22262_/Y
 _22263_/Y
 _22264_/Y
 _22265_/Y
 _22266_/X
 _22267_/X
 _22268_/X
 _22269_/X
 _22270_/X
 _22271_/X
 _22272_/X
 _22273_/X
 _22274_/X
 _22275_/X
 _22276_/X
 _22277_/X
 _22278_/X
 _22279_/X
 _22280_/X
 _22281_/X
 _22282_/X
 _22283_/X
 _22284_/X
 _22285_/X
 _22286_/X
 _22287_/X
 _22288_/X
 _22289_/X
 _22290_/X
 _22291_/X
 _22292_/X
 _22293_/X
 _22294_/X
 _22295_/X
 _22296_/X
 _22297_/X
 _22298_/X
 _22299_/X
 _22300_/X
 _22301_/X
 _22302_/X
 _22303_/X
 _22304_/X
 _22305_/X
 _22306_/X
 _22307_/X
 _22308_/X
 _22309_/X
 _22310_/X
 _22311_/X
 _22312_/X
 _22313_/X
 _22314_/X
 _22315_/X
 _22316_/X
 _22317_/X
 _22318_/X
 _22319_/X
 _22320_/X
 _22321_/X
 _22322_/X
 _22323_/X
 _22324_/X
 _22325_/X
 _22326_/X
 _22327_/X
 _22328_/X
 _22329_/X
 _22330_/X
 _22331_/X
 _22332_/X
 _22333_/X
 _22334_/X
 _22335_/X
 _22336_/X
 _22337_/X
 _22338_/X
 _22339_/X
 _22340_/X
 _22341_/X
 _22342_/X
 _22343_/X
 _22344_/X
 _22345_/X
 _22346_/X
 _22347_/X
 _22348_/X
 _22349_/X
 _22350_/X
 _22351_/X
 _22352_/X
 _22353_/X
 _22354_/X
 _22355_/X
 _22356_/X
 _22357_/X
 _22358_/X
 _22359_/X
 _22360_/X
 _22361_/X
 _22362_/X
 _22363_/X
 _22364_/X
 _22365_/X
 _22366_/X
 _22367_/X
 _22368_/X
 _22369_/X
 _22370_/X
 _22371_/X
 _22372_/X
 _22373_/X
 _22374_/X
 _22375_/X
 _22376_/X
 _22377_/X
 _22378_/X
 _22379_/X
 _22380_/X
 _22381_/X
 _22382_/X
 _22383_/X
 _22384_/X
 _22385_/X
 _22386_/X
 _22387_/X
 _22388_/X
 _22389_/X
 _22390_/X
 _22391_/X
 _22392_/X
 _22393_/X
 _22394_/X
 _22395_/X
 _22396_/X
 _22397_/X
 _22398_/X
 _22399_/X
 _22400_/X
 _22401_/X
 _22402_/X
 _22403_/X
 _22404_/X
 _22405_/X
 _22406_/X
 _22407_/X
 _22408_/X
 _22409_/X
 _22410_/X
 _22411_/X
 _22412_/X
 _22413_/X
 _22414_/X
 _22415_/X
 _22416_/X
 _22417_/X
 _22418_/X
 _22419_/X
 _22420_/X
 _22421_/X
 _22422_/X
 _22423_/X
 _22424_/X
 _22425_/X
 _22426_/X
 _22427_/X
 _22428_/X
 _22429_/X
 _22430_/X
 _22431_/X
 _22432_/X
 _22433_/X
 _22434_/X
 _22435_/X
 _22436_/X
 _22437_/X
 _22438_/X
 _22439_/X
 _22440_/X
 _22441_/X
 _22442_/X
 _22443_/X
 _22444_/X
 _22445_/X
 _22446_/X
 _22447_/X
 _22448_/X
 _22449_/X
 _22450_/X
 _22451_/X
 _22452_/X
 _22453_/X
 _22454_/X
 _22455_/X
 _22456_/X
 _22457_/X
 _22458_/X
 _22459_/X
 _22460_/X
 _22461_/X
 _22462_/X
 _22463_/X
 _22464_/X
 _22465_/X
 _22466_/X
 _22467_/X
 _22468_/X
 _22469_/X
 _22470_/X
 _22471_/X
 _22472_/X
 _22473_/X
 _22474_/X
 _22475_/X
 _22476_/X
 _22477_/X
 _22478_/X
 _22479_/X
 _22480_/X
 _22481_/X
 _22482_/X
 _22483_/X
 _22484_/X
 _22485_/X
 _22486_/X
 _22487_/X
 _22488_/X
 _22489_/X
 _22490_/X
 _22491_/X
 _22492_/X
 _22493_/Y
 _22494_/X
 _22495_/X
 _22496_/X
 _22497_/X
 _22498_/X
 _22499_/X
 _22500_/X
 _22501_/X
 _22502_/Y
 _22503_/X
 _22504_/X
 _22505_/Y
 _22506_/X
 _22507_/X
 _22508_/Y
 _22509_/Y
 _22510_/Y
 _22511_/X
 _22512_/Y
 _22513_/X
 _22514_/Y
 _22515_/X
 _22516_/X
 _22517_/X
 _22518_/X
 _22519_/X
 _22520_/Y
 _22521_/X
 _22522_/X
 _22523_/Y
 _22524_/Y
 _22525_/X
 _22526_/X
 _22527_/Y
 _22528_/X
 _22529_/Y
 _22530_/Y
 _22531_/Y
 _22532_/X
 _22533_/X
 _22534_/Y
 _22535_/X
 _22536_/X
 _22537_/Y
 _22538_/Y
 _22539_/X
 _22540_/Y
 _22541_/X
 _22542_/Y
 _22543_/Y
 _22544_/Y
 _22545_/X
 _22546_/Y
 _22547_/Y
 _22548_/Y
 _22549_/Y
 _22550_/X
 _22551_/X
 _22552_/Y
 _22553_/Y
 _22554_/X
 _22555_/Y
 _22556_/X
 _22557_/X
 _22558_/Y
 _22559_/Y
 _22560_/Y
 _22561_/Y
 _22562_/Y
 _22563_/X
 _22564_/Y
 _22565_/Y
 _22566_/Y
 _22567_/Y
 _22568_/Y
 _22569_/Y
 _22570_/Y
 _22571_/Y
 _22572_/Y
 _22573_/X
 _22574_/Y
 _22575_/Y
 _22576_/Y
 _22577_/Y
 _22578_/Y
 _22579_/Y
 _22580_/Y
 _22581_/Y
 _22582_/Y
 _22583_/Y
 _22584_/Y
 _22585_/X
 _22586_/X
 _22587_/Y
 _22588_/X
 _22589_/X
 _22590_/X
 _22591_/X
 _22592_/X
 _22593_/Y
 _22594_/Y
 _22595_/X
 _22596_/X
 _22597_/Y
 _22598_/X
 _22599_/X
 _22600_/Y
 _22601_/X
 _22602_/Y
 _22603_/Y
 _22604_/Y
 _22605_/Y
 _22606_/Y
 _22607_/Y
 _22608_/Y
 _22609_/X
 _22610_/Y
 _22611_/X
 _22612_/Y
 _22613_/Y
 _22614_/X
 _22615_/X
 _22616_/Y
 _22617_/Y
 _22618_/Y
 _22619_/Y
 _22620_/X
 _22621_/Y
 _22622_/Y
 _22623_/Y
 _22624_/Y
 _22625_/X
 _22626_/Y
 _22627_/Y
 _22628_/Y
 _22629_/Y
 _22630_/Y
 _22631_/Y
 _22632_/X
 _22633_/Y
 _22634_/Y
 _22635_/Y
 _22636_/Y
 _22637_/Y
 _22638_/X
 _22639_/Y
 _22640_/Y
 _22641_/Y
 _22642_/Y
 _22643_/Y
 _22644_/Y
 _22645_/X
 _22646_/X
 _22647_/Y
 _22648_/Y
 _22649_/Y
 _22650_/Y
 _22651_/X
 _22652_/Y
 _22653_/Y
 _22654_/Y
 _22655_/X
 _22656_/X
 _22657_/Y
 _22658_/Y
 _22659_/Y
 _22660_/Y
 _22661_/Y
 _22662_/X
 _22663_/Y
 _22664_/Y
 _22665_/X
 _22666_/Y
 _22667_/Y
 _22668_/Y
 _22669_/Y
 _22670_/X
 _22671_/Y
 _22672_/Y
 _22673_/X
 _22674_/Y
 _22675_/X
 _22676_/X
 _22677_/Y
 _22678_/X
 _22679_/X
 _22680_/Y
 _22681_/Y
 _22682_/X
 _22683_/Y
 _22684_/Y
 _22685_/Y
 _22686_/Y
 _22687_/X
 _22688_/Y
 _22689_/Y
 _22690_/Y
 _22691_/Y
 _22692_/Y
 _22693_/Y
 _22694_/Y
 _22695_/Y
 _22696_/Y
 _22697_/Y
 _22698_/X
 _22699_/Y
 _22700_/Y
 _22701_/Y
 _22702_/Y
 _22703_/Y
 _22704_/Y
 _22705_/X
 _22706_/X
 _22707_/X
 _22708_/X
 _22709_/Y
 _22710_/Y
 _22711_/X
 _22712_/Y
 _22713_/X
 _22714_/Y
 _22715_/Y
 _22716_/X
 _22717_/X
 _22718_/X
 _22719_/X
 _22720_/X
 _22721_/Y
 _22722_/X
 _22723_/Y
 _22724_/Y
 _22725_/X
 _22726_/Y
 _22727_/X
 _22728_/X
 _22729_/X
 _22730_/Y
 _22731_/Y
 _22732_/Y
 _22733_/Y
 _22734_/Y
 _22735_/Y
 _22736_/X
 _22737_/Y
 _22738_/Y
 _22739_/X
 _22740_/Y
 _22741_/X
 _22742_/Y
 _22743_/X
 _22744_/Y
 _22745_/Y
 _22746_/X
 _22747_/Y
 _22748_/Y
 _22749_/Y
 _22750_/X
 _22751_/X
 _22752_/X
 _22753_/Y
 _22754_/Y
 _22755_/Y
 _22756_/Y
 _22757_/Y
 _22758_/X
 _22759_/Y
 _22760_/Y
 _22761_/Y
 _22762_/Y
 _22763_/Y
 _22764_/Y
 _22765_/X
 _22766_/X
 _22767_/X
 _22768_/Y
 _22769_/Y
 _22770_/Y
 _22771_/Y
 _22772_/Y
 _22773_/Y
 _22774_/Y
 _22775_/Y
 _22776_/Y
 _22777_/Y
 _22778_/X
 _22779_/Y
 _22780_/X
 _22781_/X
 _22782_/Y
 _22783_/X
 _22784_/X
 _22785_/Y
 _22786_/X
 _22787_/Y
 _22788_/Y
 _22789_/X
 _22790_/Y
 _22791_/X
 _22792_/Y
 _22793_/Y
 _22794_/Y
 _22795_/X
 _22796_/Y
 _22797_/X
 _22798_/Y
 _22799_/X
 _22800_/Y
 _22801_/X
 _22802_/Y
 _22803_/X
 _22804_/X
 _22805_/Y
 _22806_/Y
 _22807_/Y
 _22808_/X
 _22809_/Y
 _22810_/Y
 _22811_/X
 _22812_/X
 _22813_/X
 _22814_/X
 _22815_/X
 _22816_/X
 _22817_/Y
 _22818_/X
 _22819_/Y
 _22820_/Y
 _22821_/Y
 _22822_/Y
 _22823_/Y
 _22824_/X
 _22825_/X
 _22826_/Y
 _22827_/Y
 _22828_/X
 _22829_/Y
 _22830_/X
 _22831_/X
 _22832_/X
 _22833_/X
 _22834_/X
 _22835_/X
 _22836_/Y
 _22837_/Y
 _22838_/Y
 _22839_/X
 _22840_/X
 _22841_/Y
 _22842_/Y
 _22843_/Y
 _22844_/X
 _22845_/Y
 _22846_/X
 _22847_/Y
 _22848_/Y
 _22849_/X
 _22850_/X
 _22851_/X
 _22852_/Y
 _22853_/Y
 _22854_/X
 _22855_/Y
 _22856_/X
 _22857_/Y
 _22858_/X
 _22859_/Y
 _22860_/Y
 _22861_/Y
 _22862_/Y
 _22863_/Y
 _22864_/Y
 _22865_/X
 _22866_/Y
 _22867_/X
 _22868_/Y
 _22869_/X
 _22870_/X
 _22871_/Y
 _22872_/X
 _22873_/Y
 _22874_/Y
 _22875_/X
 _22876_/X
 _22877_/Y
 _22878_/X
 _22879_/Y
 _22880_/Y
 _22881_/Y
 _22882_/X
 _22883_/Y
 _22884_/Y
 _22885_/X
 _22886_/Y
 _22887_/Y
 _22888_/Y
 _22889_/Y
 _22890_/Y
 _22891_/X
 _22892_/X
 _22893_/Y
 _22894_/X
 _22895_/Y
 _22896_/Y
 _22897_/Y
 _22898_/Y
 _22899_/X
 _22900_/Y
 _22901_/X
 _22902_/Y
 _22903_/Y
 _22904_/X
 _22905_/Y
 _22906_/Y
 _22907_/Y
 _22908_/Y
 _22909_/X
 _22910_/X
 _22911_/Y
 _22912_/X
 _22913_/X
 _22914_/X
 _22915_/X
 _22916_/Y
 _22917_/Y
 _22918_/Y
 _22919_/X
 _22920_/Y
 _22921_/Y
 _22922_/Y
 _22923_/Y
 _22924_/Y
 _22925_/X
 _22926_/X
 _22927_/Y
 _22928_/X
 _22929_/Y
 _22930_/Y
 _22931_/X
 _22932_/Y
 _22933_/X
 _22934_/Y
 _22935_/X
 _22936_/Y
 _22937_/X
 _22938_/Y
 _22939_/Y
 _22940_/X
 _22941_/X
 _22942_/Y
 _22943_/X
 _22944_/Y
 _22945_/Y
 _22946_/X
 _22947_/Y
 _22948_/Y
 _22949_/X
 _22950_/X
 _22951_/X
 _22952_/X
 _22953_/Y
 _22954_/X
 _22955_/X
 _22956_/X
 _22957_/Y
 _22958_/X
 _22959_/X
 _22960_/Y
 _22961_/Y
 _22962_/Y
 _22963_/X
 _22964_/Y
 _22965_/Y
 _22966_/Y
 _22967_/Y
 _22968_/X
 _22969_/Y
 _22970_/Y
 _22971_/X
 _22972_/X
 _22973_/Y
 _22974_/X
 _22975_/X
 _22976_/Y
 _22977_/Y
 _22978_/Y
 _22979_/X
 _22980_/Y
 _22981_/X
 _22982_/Y
 _22983_/Y
 _22984_/Y
 _22985_/Y
 _22986_/Y
 _22987_/X
 _22988_/Y
 _22989_/Y
 _22990_/X
 _22991_/Y
 _22992_/Y
 _22993_/Y
 _22994_/Y
 _22995_/X
 _22996_/Y
 _22997_/Y
 _22998_/X
 _22999_/Y
 _23000_/X
 _23001_/Y
 _23002_/Y
 _23003_/X
 _23004_/X
 _23005_/Y
 _23006_/X
 _23007_/Y
 _23008_/X
 _23009_/Y
 _23010_/X
 _23011_/Y
 _23012_/X
 _23013_/Y
 _23014_/X
 _23015_/Y
 _23016_/Y
 _23017_/Y
 _23018_/X
 _23019_/Y
 _23020_/Y
 _23021_/Y
 _23022_/Y
 _23023_/Y
 _23024_/Y
 _23025_/Y
 _23026_/X
 _23027_/Y
 _23028_/Y
 _23029_/X
 _23030_/X
 _23031_/Y
 _23032_/X
 _23033_/Y
 _23034_/X
 _23035_/X
 _23036_/Y
 _23037_/X
 _23038_/X
 _23039_/Y
 _23040_/X
 _23041_/X
 _23042_/Y
 _23043_/Y
 _23044_/Y
 _23045_/X
 _23046_/Y
 _23047_/X
 _23048_/X
 _23049_/Y
 _23050_/Y
 _23051_/X
 _23052_/Y
 _23053_/X
 _23054_/Y
 _23055_/X
 _23056_/Y
 _23057_/X
 _23058_/Y
 _23059_/Y
 _23060_/Y
 _23061_/Y
 _23062_/Y
 _23063_/X
 _23064_/Y
 _23065_/Y
 _23066_/Y
 _23067_/Y
 _23068_/X
 _23069_/Y
 _23070_/Y
 _23071_/X
 _23072_/Y
 _23073_/Y
 _23074_/X
 _23075_/Y
 _23076_/Y
 _23077_/Y
 _23078_/X
 _23079_/Y
 _23080_/Y
 _23081_/Y
 _23082_/X
 _23083_/Y
 _23084_/Y
 _23085_/Y
 _23086_/X
 _23087_/X
 _23088_/Y
 _23089_/X
 _23090_/X
 _23091_/Y
 _23092_/X
 _23093_/X
 _23094_/Y
 _23095_/X
 _23096_/Y
 _23097_/Y
 _23098_/X
 _23099_/X
 _23100_/Y
 _23101_/Y
 _23102_/Y
 _23103_/Y
 _23104_/Y
 _23105_/Y
 _23106_/Y
 _23107_/X
 _23108_/X
 _23109_/Y
 _23110_/Y
 _23111_/Y
 _23112_/Y
 _23113_/X
 _23114_/X
 _23115_/Y
 _23116_/X
 _23117_/X
 _23118_/X
 _23119_/Y
 _23120_/X
 _23121_/Y
 _23122_/Y
 _23123_/X
 _23124_/X
 _23125_/Y
 _23126_/X
 _23127_/Y
 _23128_/X
 _23129_/X
 _23130_/Y
 _23131_/Y
 _23132_/Y
 _23133_/X
 _23134_/X
 _23135_/X
 _23136_/Y
 _23137_/Y
 _23138_/Y
 _23139_/X
 _23140_/Y
 _23141_/X
 _23142_/X
 _23143_/X
 _23144_/Y
 _23145_/X
 _23146_/X
 _23147_/Y
 _23148_/X
 _23149_/X
 _23150_/Y
 _23151_/X
 _23152_/X
 _23153_/Y
 _23154_/X
 _23155_/Y
 _23156_/Y
 _23157_/Y
 _23158_/Y
 _23159_/Y
 _23160_/Y
 _23161_/Y
 _23162_/Y
 _23163_/X
 _23164_/X
 _23165_/Y
 _23166_/Y
 _23167_/Y
 _23168_/X
 _23169_/Y
 _23170_/Y
 _23171_/Y
 _23172_/Y
 _23173_/X
 _23174_/X
 _23175_/Y
 _23176_/Y
 _23177_/Y
 _23178_/X
 _23179_/X
 _23180_/Y
 _23181_/X
 _23182_/X
 _23183_/Y
 _23184_/X
 _23185_/Y
 _23186_/X
 _23187_/X
 _23188_/Y
 _23189_/X
 _23190_/X
 _23191_/X
 _23192_/X
 _23193_/Y
 _23194_/Y
 _23195_/X
 _23196_/Y
 _23197_/X
 _23198_/X
 _23199_/X
 _23200_/X
 _23201_/Y
 _23202_/X
 _23203_/X
 _23204_/Y
 _23205_/X
 _23206_/X
 _23207_/X
 _23208_/X
 _23209_/X
 _23210_/Y
 _23211_/Y
 _23212_/X
 _23213_/Y
 _23214_/Y
 _23215_/X
 _23216_/X
 _23217_/X
 _23218_/X
 _23219_/Y
 _23220_/X
 _23221_/X
 _23222_/X
 _23223_/Y
 _23224_/Y
 _23225_/X
 _23226_/Y
 _23227_/Y
 _23228_/X
 _23229_/Y
 _23230_/X
 _23231_/X
 _23232_/X
 _23233_/X
 _23234_/Y
 _23235_/X
 _23236_/X
 _23237_/Y
 _23238_/Y
 _23239_/Y
 _23240_/X
 _23241_/X
 _23242_/X
 _23243_/X
 _23244_/X
 _23245_/Y
 _23246_/X
 _23247_/Y
 _23248_/X
 _23249_/X
 _23250_/X
 _23251_/X
 _23252_/X
 _23253_/X
 _23254_/X
 _23255_/X
 _23256_/X
 _23257_/X
 _23258_/X
 _23259_/X
 _23260_/X
 _23261_/X
 _23262_/X
 _23263_/Y
 _23264_/Y
 _23265_/X
 _23266_/X
 _23267_/Y
 _23268_/Y
 _23269_/X
 _23270_/X
 _23271_/X
 _23272_/X
 _23273_/X
 _23274_/X
 _23275_/X
 _23276_/X
 _23277_/X
 _23278_/X
 _23279_/X
 _23280_/X
 _23281_/X
 _23282_/X
 _23283_/X
 _23284_/X
 _23285_/X
 _23286_/X
 _23287_/X
 _23288_/X
 _23289_/X
 _23290_/Y
 _23291_/Y
 _23292_/Y
 _23293_/X
 _23294_/X
 _23295_/X
 _23296_/X
 _23297_/X
 _23298_/X
 _23299_/X
 _23300_/X
 _23301_/X
 _23302_/X
 _23303_/X
 _23304_/X
 _23305_/X
 _23306_/X
 _23307_/X
 _23308_/X
 _23309_/X
 _23310_/X
 _23311_/X
 _23312_/X
 _23313_/X
 _23314_/X
 _23315_/X
 _23316_/X
 _23317_/X
 _23318_/X
 _23319_/X
 _23320_/X
 _23321_/X
 _23322_/X
 _23323_/X
 _23324_/X
 _23325_/X
 _23326_/X
 _23327_/X
 _23328_/X
 _23329_/X
 _23330_/X
 _23331_/X
 _23332_/Y
 _23333_/X
 _23334_/Y
 _23335_/X
 _23336_/X
 _23337_/X
 _23338_/Y
 _23339_/X
 _23340_/X
 _23341_/Y
 _23342_/X
 _23343_/X
 _23344_/Y
 _23345_/X
 _23346_/X
 _23347_/X
 _23348_/X
 _23349_/X
 _23350_/X
 _23351_/Y
 _23352_/X
 _23353_/Y
 _23354_/X
 _23355_/Y
 _23356_/X
 _23357_/Y
 _23358_/X
 _23359_/X
 _23360_/Y
 _23361_/X
 _23362_/X
 _23363_/Y
 _23364_/Y
 _23365_/X
 _23366_/Y
 _23367_/Y
 _23368_/Y
 _23369_/X
 _23370_/Y
 _23371_/Y
 _23372_/X
 _23373_/X
 _23374_/X
 _23375_/Y
 _23376_/X
 _23377_/X
 _23378_/Y
 _23379_/X
 _23380_/X
 _23381_/Y
 _23382_/X
 _23383_/Y
 _23384_/Y
 _23385_/Y
 _23386_/Y
 _23387_/Y
 _23388_/Y
 _23389_/Y
 _23390_/X
 _23391_/Y
 _23392_/X
 _23393_/X
 _23394_/Y
 _23395_/Y
 _23396_/Y
 _23397_/Y
 _23398_/X
 _23399_/X
 _23400_/Y
 _23401_/X
 _23402_/X
 _23403_/X
 _23404_/Y
 _23405_/X
 _23406_/X
 _23407_/Y
 _23408_/X
 _23409_/Y
 _23410_/Y
 _23411_/X
 _23412_/X
 _23413_/X
 _23414_/Y
 _23415_/Y
 _23416_/Y
 _23417_/Y
 _23418_/X
 _23419_/X
 _23420_/X
 _23421_/X
 _23422_/X
 _23423_/X
 _23424_/Y
 _23425_/Y
 _23426_/Y
 _23427_/Y
 _23428_/X
 _23429_/Y
 _23430_/X
 _23431_/Y
 _23432_/X
 _23433_/Y
 _23434_/Y
 _23435_/X
 _23436_/Y
 _23437_/Y
 _23438_/Y
 _23439_/Y
 _23440_/X
 _23441_/X
 _23442_/Y
 _23443_/X
 _23444_/Y
 _23445_/X
 _23446_/Y
 _23447_/X
 _23448_/Y
 _23449_/X
 _23450_/X
 _23451_/Y
 _23452_/X
 _23453_/Y
 _23454_/Y
 _23455_/Y
 _23456_/Y
 _23457_/Y
 _23458_/X
 _23459_/Y
 _23460_/Y
 _23461_/X
 _23462_/Y
 _23463_/Y
 _23464_/Y
 _23465_/Y
 _23466_/Y
 _23467_/X
 _23468_/Y
 _23469_/X
 _23470_/X
 _23471_/Y
 _23472_/X
 _23473_/X
 _23474_/Y
 _23475_/X
 _23476_/Y
 _23477_/Y
 _23478_/Y
 _23479_/X
 _23480_/Y
 _23481_/Y
 _23482_/Y
 _23483_/X
 _23484_/X
 _23485_/Y
 _23486_/Y
 _23487_/X
 _23488_/X
 _23489_/X
 _23490_/Y
 _23491_/X
 _23492_/Y
 _23493_/Y
 _23494_/Y
 _23495_/Y
 _23496_/Y
 _23497_/X
 _23498_/X
 _23499_/Y
 _23500_/Y
 _23501_/Y
 _23502_/X
 _23503_/Y
 _23504_/X
 _23505_/X
 _23506_/Y
 _23507_/X
 _23508_/Y
 _23509_/Y
 _23510_/Y
 _23511_/Y
 _23512_/Y
 _23513_/Y
 _23514_/Y
 _23515_/X
 _23516_/Y
 _23517_/Y
 _23518_/Y
 _23519_/X
 _23520_/X
 _23521_/Y
 _23522_/Y
 _23523_/Y
 _23524_/Y
 _23525_/Y
 _23526_/X
 _23527_/X
 _23528_/X
 _23529_/X
 _23530_/Y
 _23531_/Y
 _23532_/X
 _23533_/Y
 _23534_/Y
 _23535_/X
 _23536_/Y
 _23537_/Y
 _23538_/X
 _23539_/X
 _23540_/Y
 _23541_/Y
 _23542_/Y
 _23543_/X
 _23544_/Y
 _23545_/X
 _23546_/X
 _23547_/X
 _23548_/Y
 _23549_/Y
 _23550_/Y
 _23551_/Y
 _23552_/Y
 _23553_/X
 _23554_/X
 _23555_/Y
 _23556_/Y
 _23557_/Y
 _23558_/X
 _23559_/Y
 _23560_/Y
 _23561_/X
 _23562_/Y
 _23563_/X
 _23564_/Y
 _23565_/X
 _23566_/X
 _23567_/Y
 _23568_/Y
 _23569_/Y
 _23570_/Y
 _23571_/Y
 _23572_/Y
 _23573_/Y
 _23574_/Y
 _23575_/Y
 _23576_/X
 _23577_/X
 _23578_/Y
 _23579_/Y
 _23580_/Y
 _23581_/Y
 _23582_/X
 _23583_/X
 _23584_/Y
 _23585_/Y
 _23586_/Y
 _23587_/Y
 _23588_/X
 _23589_/X
 _23590_/Y
 _23591_/Y
 _23592_/X
 _23593_/Y
 _23594_/Y
 _23595_/X
 _23596_/Y
 _23597_/X
 _23598_/Y
 _23599_/Y
 _23600_/X
 _23601_/Y
 _23602_/X
 _23603_/X
 _23604_/X
 _23605_/Y
 _23606_/Y
 _23607_/X
 _23608_/X
 _23609_/Y
 _23610_/Y
 _23611_/X
 _23612_/X
 _23613_/Y
 _23614_/Y
 _23615_/X
 _23616_/Y
 _23617_/X
 _23618_/Y
 _23619_/X
 _23620_/X
 _23621_/Y
 _23622_/Y
 _23623_/Y
 _23624_/X
 _23625_/Y
 _23626_/Y
 _23627_/Y
 _23628_/Y
 _23629_/Y
 _23630_/X
 _23631_/X
 _23632_/Y
 _23633_/Y
 _23634_/Y
 _23635_/X
 _23636_/Y
 _23637_/X
 _23638_/Y
 _23639_/Y
 _23640_/Y
 _23641_/X
 _23642_/Y
 _23643_/Y
 _23644_/X
 _23645_/Y
 _23646_/Y
 _23647_/Y
 _23648_/X
 _23649_/Y
 _23650_/Y
 _23651_/Y
 _23652_/Y
 _23653_/Y
 _23654_/Y
 _23655_/X
 _23656_/Y
 _23657_/Y
 _23658_/Y
 _23659_/Y
 _23660_/Y
 _23661_/X
 _23662_/Y
 _23663_/Y
 _23664_/Y
 _23665_/Y
 _23666_/Y
 _23667_/X
 _23668_/Y
 _23669_/Y
 _23670_/Y
 _23671_/Y
 _23672_/Y
 _23673_/X
 _23674_/X
 _23675_/Y
 _23676_/Y
 _23677_/Y
 _23678_/X
 _23679_/X
 _23680_/X
 _23681_/Y
 _23682_/X
 _23683_/X
 _23684_/Y
 _23685_/Y
 _23686_/Y
 _23687_/Y
 _23688_/X
 _23689_/X
 _23690_/Y
 _23691_/Y
 _23692_/X
 _23693_/Y
 _23694_/X
 _23695_/Y
 _23696_/X
 _23697_/X
 _23698_/Y
 _23699_/X
 _23700_/Y
 _23701_/X
 _23702_/Y
 _23703_/Y
 _23704_/Y
 _23705_/Y
 _23706_/Y
 _23707_/Y
 _23708_/X
 _23709_/Y
 _23710_/X
 _23711_/Y
 _23712_/Y
 _23713_/Y
 _23714_/Y
 _23715_/Y
 _23716_/Y
 _23717_/Y
 _23718_/Y
 _23719_/Y
 _23720_/Y
 _23721_/Y
 _23722_/Y
 _23723_/Y
 _23724_/X
 _23725_/Y
 _23726_/X
 _23727_/Y
 _23728_/Y
 _23729_/Y
 _23730_/Y
 _23731_/Y
 _23732_/X
 _23733_/X
 _23734_/Y
 _23735_/X
 _23736_/X
 _23737_/Y
 _23738_/Y
 _23739_/Y
 _23740_/Y
 _23741_/X
 _23742_/X
 _23743_/Y
 _23744_/X
 _23745_/Y
 _23746_/Y
 _23747_/Y
 _23748_/Y
 _23749_/Y
 _23750_/X
 _23751_/X
 _23752_/Y
 _23753_/X
 _23754_/X
 _23755_/X
 _23756_/X
 _23757_/Y
 _23758_/X
 _23759_/X
 _23760_/X
 _23761_/X
 _23762_/X
 _23763_/Y
 _23764_/Y
 _23765_/Y
 _23766_/X
 _23767_/Y
 _23768_/Y
 _23769_/X
 _23770_/Y
 _23771_/X
 _23772_/Y
 _23773_/X
 _23774_/Y
 _23775_/Y
 _23776_/Y
 _23777_/Y
 _23778_/Y
 _23779_/X
 _23780_/Y
 _23781_/Y
 _23782_/X
 _23783_/Y
 _23784_/X
 _23785_/Y
 _23786_/Y
 _23787_/Y
 _23788_/Y
 _23789_/Y
 _23790_/X
 _23791_/Y
 _23792_/X
 _23793_/Y
 _23794_/X
 _23795_/Y
 _23796_/Y
 _23797_/X
 _23798_/Y
 _23799_/Y
 _23800_/Y
 _23801_/Y
 _23802_/Y
 _23803_/X
 _23804_/Y
 _23805_/Y
 _23806_/X
 _23807_/Y
 _23808_/X
 _23809_/Y
 _23810_/Y
 _23811_/Y
 _23812_/X
 _23813_/Y
 _23814_/Y
 _23815_/X
 _23816_/X
 _23817_/Y
 _23818_/X
 _23819_/Y
 _23820_/X
 _23821_/Y
 _23822_/X
 _23823_/X
 _23824_/X
 _23825_/Y
 _23826_/X
 _23827_/Y
 _23828_/X
 _23829_/Y
 _23830_/Y
 _23831_/Y
 _23832_/Y
 _23833_/X
 _23834_/Y
 _23835_/Y
 _23836_/Y
 _23837_/Y
 _23838_/Y
 _23839_/Y
 _23840_/Y
 _23841_/X
 _23842_/Y
 _23843_/X
 _23844_/Y
 _23845_/Y
 _23846_/Y
 _23847_/Y
 _23848_/X
 _23849_/X
 _23850_/Y
 _23851_/Y
 _23852_/Y
 _23853_/Y
 _23854_/Y
 _23855_/Y
 _23856_/X
 _23857_/Y
 _23858_/Y
 _23859_/Y
 _23860_/X
 _23861_/X
 _23862_/Y
 _23863_/Y
 _23864_/Y
 _23865_/Y
 _23866_/Y
 _23867_/X
 _23868_/Y
 _23869_/Y
 _23870_/X
 _23871_/Y
 _23872_/X
 _23873_/X
 _23874_/X
 _23875_/Y
 _23876_/Y
 _23877_/X
 _23878_/Y
 _23879_/X
 _23880_/Y
 _23881_/X
 _23882_/X
 _23883_/X
 _23884_/X
 _23885_/Y
 _23886_/Y
 _23887_/X
 _23888_/Y
 _23889_/Y
 _23890_/X
 _23891_/X
 _23892_/Y
 _23893_/X
 _23894_/X
 _23895_/Y
 _23896_/Y
 _23897_/X
 _23898_/X
 _23899_/Y
 _23900_/Y
 _23901_/X
 _23902_/Y
 _23903_/X
 _23904_/Y
 _23905_/Y
 _23906_/X
 _23907_/Y
 _23908_/Y
 _23909_/Y
 _23910_/Y
 _23911_/Y
 _23912_/Y
 _23913_/Y
 _23914_/X
 _23915_/Y
 _23916_/X
 _23917_/Y
 _23918_/Y
 _23919_/Y
 _23920_/X
 _23921_/X
 _23922_/Y
 _23923_/Y
 _23924_/Y
 _23925_/Y
 _23926_/X
 _23927_/Y
 _23928_/Y
 _23929_/Y
 _23930_/Y
 _23931_/Y
 _23932_/Y
 _23933_/X
 _23934_/X
 _23935_/Y
 _23936_/Y
 _23937_/Y
 _23938_/Y
 _23939_/Y
 _23940_/X
 _23941_/Y
 _23942_/Y
 _23943_/Y
 _23944_/Y
 _23945_/X
 _23946_/X
 _23947_/X
 _23948_/Y
 _23949_/X
 _23950_/Y
 _23951_/Y
 _23952_/Y
 _23953_/Y
 _23954_/X
 _23955_/Y
 _23956_/X
 _23957_/X
 _23958_/Y
 _23959_/X
 _23960_/X
 _23961_/Y
 _23962_/Y
 _23963_/Y
 _23964_/Y
 _23965_/Y
 _23966_/X
 _23967_/X
 _23968_/Y
 _23969_/X
 _23970_/X
 _23971_/Y
 _23972_/Y
 _23973_/X
 _23974_/Y
 _23975_/Y
 _23976_/X
 _23977_/X
 _23978_/Y
 _23979_/X
 _23980_/Y
 _23981_/X
 _23982_/Y
 _23983_/X
 _23984_/X
 _23985_/Y
 _23986_/Y
 _23987_/X
 _23988_/Y
 _23989_/Y
 _23990_/X
 _23991_/X
 _23992_/Y
 _23993_/Y
 _23994_/Y
 _23995_/Y
 _23996_/X
 _23997_/Y
 _23998_/Y
 _23999_/X
 _24000_/Y
 _24001_/Y
 _24002_/Y
 _24003_/Y
 _24004_/X
 _24005_/Y
 _24006_/X
 _24007_/X
 _24008_/Y
 _24009_/X
 _24010_/X
 _24011_/Y
 _24012_/X
 _24013_/Y
 _24014_/Y
 _24015_/Y
 _24016_/Y
 _24017_/X
 _24018_/X
 _24019_/Y
 _24020_/Y
 _24021_/X
 _24022_/Y
 _24023_/Y
 _24024_/X
 _24025_/Y
 _24026_/X
 _24027_/Y
 _24028_/Y
 _24029_/Y
 _24030_/X
 _24031_/Y
 _24032_/Y
 _24033_/X
 _24034_/X
 _24035_/Y
 _24036_/Y
 _24037_/X
 _24038_/X
 _24039_/Y
 _24040_/Y
 _24041_/X
 _24042_/X
 _24043_/X
 _24044_/Y
 _24045_/X
 _24046_/X
 _24047_/Y
 _24048_/Y
 _24049_/Y
 _24050_/Y
 _24051_/X
 _24052_/Y
 _24053_/X
 _24054_/X
 _24055_/Y
 _24056_/Y
 _24057_/Y
 _24058_/Y
 _24059_/X
 _24060_/X
 _24061_/X
 _24062_/X
 _24063_/Y
 _24064_/X
 _24065_/Y
 _24066_/Y
 _24067_/X
 _24068_/Y
 _24069_/X
 _24070_/Y
 _24071_/Y
 _24072_/Y
 _24073_/Y
 _24074_/X
 _24075_/X
 _24076_/Y
 _24077_/X
 _24078_/Y
 _24079_/Y
 _24080_/X
 _24081_/Y
 _24082_/Y
 _24083_/Y
 _24084_/Y
 _24085_/Y
 _24086_/Y
 _24087_/Y
 _24088_/Y
 _24089_/X
 _24090_/X
 _24091_/X
 _24092_/X
 _24093_/X
 _24094_/X
 _24095_/X
 _24096_/X
 _24097_/X
 _24098_/X
 _24099_/X
 _24100_/X
 _24101_/X
 _24102_/X
 _24103_/X
 _24104_/X
 _24105_/X
 _24106_/X
 _24107_/X
 _24108_/X
 _24109_/X
 _24110_/X
 _24111_/X
 _24112_/X
 _24113_/X
 _24114_/X
 _24115_/X
 _24116_/X
 _24117_/X
 _24118_/X
 _24119_/X
 _24120_/X
 _24121_/X
 _24122_/X
 _24123_/X
 _24124_/X
 _24125_/X
 _24126_/X
 _24127_/X
 _24128_/X
 _24129_/X
 _24130_/X
 _24131_/X
 _24132_/X
 _24133_/X
 _24134_/X
 _24135_/X
 _24136_/X
 _24137_/X
 _24138_/X
 _24139_/X
 _24140_/X
 _24141_/X
 _24142_/X
 _24143_/X
 _24144_/X
 _24145_/X
 _24146_/X
 _24147_/X
 _24148_/X
 _24149_/X
 _24150_/X
 _24151_/X
 _24152_/X
 _24153_/X
 _24154_/X
 _24155_/X
 _24156_/X
 _24157_/X
 _24158_/Y
 _24159_/Y
 _24160_/X
 _24161_/X
 _24162_/X
 _24163_/Y
 _24164_/X
 _24165_/X
 _24166_/X
 _24167_/Y
 _24168_/X
 _24169_/X
 _24170_/Y
 _24171_/X
 _24172_/X
 _24173_/X
 _24174_/X
 _24175_/X
 _24176_/X
 _24177_/X
 _24178_/Y
 _24179_/X
 _24180_/Y
 _24181_/X
 _24182_/Y
 _24183_/X
 _24184_/Y
 _24185_/X
 _24186_/X
 _24187_/Y
 _24188_/X
 _24189_/Y
 _24190_/X
 _24191_/Y
 _24192_/Y
 _24193_/X
 _24194_/X
 _24195_/X
 _24196_/Y
 _24197_/Y
 _24198_/Y
 _24199_/X
 _24200_/X
 _24201_/X
 _24202_/X
 _24203_/Y
 _24204_/Y
 _24205_/X
 _24206_/X
 _24207_/Y
 _24208_/Y
 _24209_/X
 _24210_/X
 _24211_/Y
 _24212_/Y
 _24213_/X
 _24214_/X
 _24215_/Y
 _24216_/Y
 _24217_/Y
 _24218_/Y
 _24219_/Y
 _24220_/X
 _24221_/X
 _24222_/Y
 _24223_/X
 _24224_/X
 _24225_/Y
 _24226_/Y
 _24227_/Y
 _24228_/X
 _24229_/Y
 _24230_/Y
 _24231_/X
 _24232_/Y
 _24233_/X
 _24234_/Y
 _24235_/Y
 _24236_/Y
 _24237_/Y
 _24238_/X
 _24239_/X
 _24240_/Y
 _24241_/Y
 _24242_/Y
 _24243_/Y
 _24244_/Y
 _24245_/Y
 _24246_/Y
 _24247_/X
 _24248_/X
 _24249_/X
 _24250_/Y
 _24251_/Y
 _24252_/Y
 _24253_/Y
 _24254_/Y
 _24255_/Y
 _24256_/X
 _24257_/Y
 _24258_/Y
 _24259_/Y
 _24260_/X
 _24261_/Y
 _24262_/X
 _24263_/Y
 _24264_/Y
 _24265_/X
 _24266_/Y
 _24267_/X
 _24268_/X
 _24269_/Y
 _24270_/X
 _24271_/Y
 _24272_/X
 _24273_/Y
 _24274_/Y
 _24275_/X
 _24276_/X
 _24277_/Y
 _24278_/Y
 _24279_/X
 _24280_/X
 _24281_/Y
 _24282_/Y
 _24283_/X
 _24284_/Y
 _24285_/Y
 _24286_/X
 _24287_/Y
 _24288_/Y
 _24289_/X
 _24290_/Y
 _24291_/Y
 _24292_/Y
 _24293_/Y
 _24294_/Y
 _24295_/X
 _24296_/Y
 _24297_/X
 _24298_/X
 _24299_/Y
 _24300_/X
 _24301_/Y
 _24302_/X
 _24303_/Y
 _24304_/Y
 _24305_/Y
 _24306_/Y
 _24307_/Y
 _24308_/X
 _24309_/Y
 _24310_/Y
 _24311_/Y
 _24312_/X
 _24313_/X
 _24314_/Y
 _24315_/Y
 _24316_/X
 _24317_/X
 _24318_/X
 _24319_/Y
 _24320_/X
 _24321_/Y
 _24322_/Y
 _24323_/Y
 _24324_/Y
 _24325_/Y
 _24326_/X
 _24327_/X
 _24328_/Y
 _24329_/Y
 _24330_/Y
 _24331_/X
 _24332_/Y
 _24333_/X
 _24334_/X
 _24335_/Y
 _24336_/X
 _24337_/Y
 _24338_/Y
 _24339_/Y
 _24340_/Y
 _24341_/Y
 _24342_/Y
 _24343_/Y
 _24344_/X
 _24345_/Y
 _24346_/Y
 _24347_/Y
 _24348_/Y
 _24349_/Y
 _24350_/Y
 _24351_/X
 _24352_/Y
 _24353_/Y
 _24354_/Y
 _24355_/X
 _24356_/X
 _24357_/X
 _24358_/X
 _24359_/Y
 _24360_/Y
 _24361_/X
 _24362_/Y
 _24363_/Y
 _24364_/X
 _24365_/Y
 _24366_/Y
 _24367_/X
 _24368_/Y
 _24369_/Y
 _24370_/X
 _24371_/Y
 _24372_/X
 _24373_/X
 _24374_/X
 _24375_/Y
 _24376_/X
 _24377_/Y
 _24378_/X
 _24379_/Y
 _24380_/Y
 _24381_/Y
 _24382_/Y
 _24383_/X
 _24384_/Y
 _24385_/Y
 _24386_/Y
 _24387_/X
 _24388_/X
 _24389_/Y
 _24390_/Y
 _24391_/X
 _24392_/Y
 _24393_/X
 _24394_/Y
 _24395_/X
 _24396_/X
 _24397_/X
 _24398_/Y
 _24399_/Y
 _24400_/Y
 _24401_/Y
 _24402_/Y
 _24403_/Y
 _24404_/Y
 _24405_/X
 _24406_/Y
 _24407_/Y
 _24408_/X
 _24409_/X
 _24410_/Y
 _24411_/Y
 _24412_/Y
 _24413_/Y
 _24414_/X
 _24415_/Y
 _24416_/Y
 _24417_/Y
 _24418_/Y
 _24419_/Y
 _24420_/Y
 _24421_/Y
 _24422_/X
 _24423_/X
 _24424_/Y
 _24425_/Y
 _24426_/Y
 _24427_/X
 _24428_/Y
 _24429_/Y
 _24430_/X
 _24431_/Y
 _24432_/Y
 _24433_/Y
 _24434_/X
 _24435_/X
 _24436_/X
 _24437_/Y
 _24438_/Y
 _24439_/Y
 _24440_/Y
 _24441_/X
 _24442_/Y
 _24443_/Y
 _24444_/X
 _24445_/Y
 _24446_/Y
 _24447_/Y
 _24448_/X
 _24449_/Y
 _24450_/X
 _24451_/X
 _24452_/Y
 _24453_/X
 _24454_/Y
 _24455_/X
 _24456_/Y
 _24457_/Y
 _24458_/Y
 _24459_/X
 _24460_/Y
 _24461_/Y
 _24462_/Y
 _24463_/Y
 _24464_/Y
 _24465_/X
 _24466_/X
 _24467_/Y
 _24468_/Y
 _24469_/Y
 _24470_/X
 _24471_/Y
 _24472_/X
 _24473_/X
 _24474_/Y
 _24475_/Y
 _24476_/X
 _24477_/Y
 _24478_/Y
 _24479_/X
 _24480_/X
 _24481_/Y
 _24482_/Y
 _24483_/Y
 _24484_/X
 _24485_/Y
 _24486_/Y
 _24487_/Y
 _24488_/Y
 _24489_/Y
 _24490_/X
 _24491_/Y
 _24492_/Y
 _24493_/X
 _24494_/Y
 _24495_/Y
 _24496_/Y
 _24497_/Y
 _24498_/X
 _24499_/Y
 _24500_/Y
 _24501_/Y
 _24502_/Y
 _24503_/Y
 _24504_/X
 _24505_/Y
 _24506_/Y
 _24507_/Y
 _24508_/X
 _24509_/X
 _24510_/X
 _24511_/Y
 _24512_/X
 _24513_/Y
 _24514_/X
 _24515_/X
 _24516_/Y
 _24517_/Y
 _24518_/Y
 _24519_/X
 _24520_/Y
 _24521_/X
 _24522_/X
 _24523_/Y
 _24524_/X
 _24525_/Y
 _24526_/Y
 _24527_/X
 _24528_/Y
 _24529_/X
 _24530_/X
 _24531_/Y
 _24532_/Y
 _24533_/Y
 _24534_/X
 _24535_/Y
 _24536_/X
 _24537_/Y
 _24538_/X
 _24539_/Y
 _24540_/X
 _24541_/Y
 _24542_/X
 _24543_/Y
 _24544_/Y
 _24545_/Y
 _24546_/Y
 _24547_/Y
 _24548_/Y
 _24549_/X
 _24550_/Y
 _24551_/X
 _24552_/Y
 _24553_/Y
 _24554_/Y
 _24555_/Y
 _24556_/Y
 _24557_/Y
 _24558_/Y
 _24559_/Y
 _24560_/Y
 _24561_/X
 _24562_/X
 _24563_/Y
 _24564_/Y
 _24565_/X
 _24566_/Y
 _24567_/Y
 _24568_/X
 _24569_/X
 _24570_/Y
 _24571_/X
 _24572_/Y
 _24573_/Y
 _24574_/X
 _24575_/X
 _24576_/X
 _24577_/X
 _24578_/Y
 _24579_/Y
 _24580_/X
 _24581_/X
 _24582_/Y
 _24583_/Y
 _24584_/X
 _24585_/Y
 _24586_/X
 _24587_/X
 _24588_/Y
 _24589_/Y
 _24590_/X
 _24591_/Y
 _24592_/Y
 _24593_/Y
 _24594_/Y
 _24595_/Y
 _24596_/Y
 _24597_/X
 _24598_/Y
 _24599_/Y
 _24600_/Y
 _24601_/Y
 _24602_/X
 _24603_/X
 _24604_/X
 _24605_/X
 _24606_/Y
 _24607_/Y
 _24608_/Y
 _24609_/X
 _24610_/Y
 _24611_/Y
 _24612_/X
 _24613_/Y
 _24614_/Y
 _24615_/Y
 _24616_/X
 _24617_/X
 _24618_/Y
 _24619_/Y
 _24620_/X
 _24621_/Y
 _24622_/X
 _24623_/Y
 _24624_/X
 _24625_/Y
 _24626_/Y
 _24627_/Y
 _24628_/Y
 _24629_/X
 _24630_/X
 _24631_/Y
 _24632_/Y
 _24633_/X
 _24634_/Y
 _24635_/Y
 _24636_/Y
 _24637_/X
 _24638_/X
 _24639_/Y
 _24640_/Y
 _24641_/Y
 _24642_/X
 _24643_/Y
 _24644_/Y
 _24645_/X
 _24646_/X
 _24647_/Y
 _24648_/X
 _24649_/X
 _24650_/Y
 _24651_/X
 _24652_/X
 _24653_/X
 _24654_/Y
 _24655_/Y
 _24656_/X
 _24657_/X
 _24658_/X
 _24659_/Y
 _24660_/Y
 _24661_/X
 _24662_/Y
 _24663_/X
 _24664_/Y
 _24665_/Y
 _24666_/Y
 _24667_/X
 _24668_/Y
 _24669_/Y
 _24670_/X
 _24671_/Y
 _24672_/Y
 _24673_/Y
 _24674_/Y
 _24675_/Y
 _24676_/Y
 _24677_/Y
 _24678_/Y
 _24679_/Y
 _24680_/X
 _24681_/Y
 _24682_/X
 _24683_/Y
 _24684_/Y
 _24685_/Y
 _24686_/Y
 _24687_/Y
 _24688_/Y
 _24689_/X
 _24690_/X
 _24691_/X
 _24692_/X
 _24693_/Y
 _24694_/Y
 _24695_/X
 _24696_/Y
 _24697_/Y
 _24698_/Y
 _24699_/Y
 _24700_/X
 _24701_/Y
 _24702_/X
 _24703_/Y
 _24704_/X
 _24705_/X
 _24706_/Y
 _24707_/X
 _24708_/Y
 _24709_/X
 _24710_/Y
 _24711_/X
 _24712_/Y
 _24713_/X
 _24714_/X
 _24715_/Y
 _24716_/X
 _24717_/Y
 _24718_/X
 _24719_/Y
 _24720_/X
 _24721_/Y
 _24722_/Y
 _24723_/X
 _24724_/Y
 _24725_/Y
 _24726_/X
 _24727_/X
 _24728_/Y
 _24729_/X
 _24730_/Y
 _24731_/X
 _24732_/X
 _24733_/Y
 _24734_/Y
 _24735_/X
 _24736_/Y
 _24737_/Y
 _24738_/X
 _24739_/Y
 _24740_/X
 _24741_/Y
 _24742_/X
 _24743_/X
 _24744_/Y
 _24745_/Y
 _24746_/Y
 _24747_/X
 _24748_/Y
 _24749_/X
 _24750_/Y
 _24751_/Y
 _24752_/X
 _24753_/X
 _24754_/Y
 _24755_/X
 _24756_/X
 _24757_/X
 _24758_/Y
 _24759_/X
 _24760_/Y
 _24761_/Y
 _24762_/Y
 _24763_/X
 _24764_/Y
 _24765_/Y
 _24766_/Y
 _24767_/X
 _24768_/X
 _24769_/Y
 _24770_/Y
 _24771_/Y
 _24772_/Y
 _24773_/X
 _24774_/Y
 _24775_/Y
 _24776_/X
 _24777_/X
 _24778_/X
 _24779_/Y
 _24780_/X
 _24781_/X
 _24782_/X
 _24783_/X
 _24784_/Y
 _24785_/X
 _24786_/X
 _24787_/Y
 _24788_/Y
 _24789_/Y
 _24790_/Y
 _24791_/X
 _24792_/Y
 _24793_/Y
 _24794_/X
 _24795_/Y
 _24796_/X
 _24797_/Y
 _24798_/X
 _24799_/X
 _24800_/X
 _24801_/X
 _24802_/Y
 _24803_/Y
 _24804_/X
 _24805_/X
 _24806_/Y
 _24807_/Y
 _24808_/X
 _24809_/Y
 _24810_/X
 _24811_/Y
 _24812_/Y
 _24813_/Y
 _24814_/Y
 _24815_/X
 _24816_/Y
 _24817_/Y
 _24818_/X
 _24819_/X
 _24820_/X
 _24821_/X
 _24822_/Y
 _24823_/X
 _24824_/X
 _24825_/X
 _24826_/Y
 _24827_/X
 _24828_/Y
 _24829_/X
 _24830_/Y
 _24831_/X
 _24832_/Y
 _24833_/X
 _24834_/Y
 _24835_/X
 _24836_/Y
 _24837_/X
 _24838_/Y
 _24839_/X
 _24840_/Y
 _24841_/X
 _24842_/X
 _24843_/X
 _24844_/X
 _24845_/X
 _24846_/Y
 _24847_/Y
 _24848_/X
 _24849_/X
 _24850_/Y
 _24851_/Y
 _24852_/X
 _24853_/Y
 _24854_/X
 _24855_/X
 _24856_/Y
 _24857_/X
 _24858_/X
 _24859_/X
 _24860_/X
 _24861_/Y
 _24862_/X
 _24863_/X
 _24864_/Y
 _24865_/X
 _24866_/X
 _24867_/Y
 _24868_/Y
 _24869_/X
 _24870_/X
 _24871_/X
 _24872_/Y
 _24873_/X
 _24874_/Y
 _24875_/Y
 _24876_/X
 _24877_/Y
 _24878_/X
 _24879_/Y
 _24880_/Y
 _24881_/Y
 _24882_/Y
 _24883_/Y
 _24884_/Y
 _24885_/X
 _24886_/X
 _24887_/Y
 _24888_/X
 _24889_/Y
 _24890_/Y
 _24891_/X
 _24892_/Y
 _24893_/Y
 _24894_/X
 _24895_/Y
 _24896_/X
 _24897_/Y
 _24898_/Y
 _24899_/X
 _24900_/Y
 _24901_/Y
 _24902_/X
 _24903_/X
 _24904_/X
 _24905_/X
 _24906_/X
 _24907_/X
 _24908_/X
 _24909_/X
 _24910_/X
 _24911_/X
 _24912_/X
 _24913_/X
 _24914_/X
 _24915_/X
 _24916_/X
 _24917_/X
 _24918_/X
 _24919_/X
 _24920_/X
 _24921_/X
 _24922_/X
 _24923_/X
 _24924_/X
 _24925_/X
 _24926_/X
 _24927_/X
 _24928_/X
 _24929_/X
 _24930_/X
 _24931_/X
 _24932_/X
 _24933_/X
 _24934_/X
 _24935_/X
 _24936_/X
 _24937_/X
 _24938_/X
 _24939_/X
 _24940_/X
 _24941_/X
 _24942_/X
 _24943_/X
 _24944_/X
 _24945_/X
 _24946_/X
 _24947_/X
 _24948_/X
 _24949_/X
 _24950_/X
 _24951_/X
 _24952_/X
 _24953_/X
 _24954_/X
 _24955_/X
 _24956_/X
 _24957_/X
 _24958_/X
 _24959_/X
 _24960_/X
 _24961_/X
 _24962_/X
 _24963_/X
 _24964_/X
 _24965_/X
 _24966_/X
 _24967_/X
 _24968_/X
 _24969_/X
 _24970_/X
 _24971_/Y
 _24972_/Y
 _24973_/X
 _24974_/X
 _24975_/X
 _24976_/Y
 _24977_/X
 _24978_/Y
 _24979_/X
 _24980_/X
 _24981_/Y
 _24982_/X
 _24983_/X
 _24984_/X
 _24985_/X
 _24986_/X
 _24987_/X
 _24988_/X
 _24989_/X
 _24990_/Y
 _24991_/X
 _24992_/X
 _24993_/Y
 _24994_/X
 _24995_/Y
 _24996_/X
 _24997_/Y
 _24998_/X
 _24999_/X
 _25000_/Y
 _25001_/X
 _25002_/X
 _25003_/Y
 _25004_/X
 _25005_/Y
 _25006_/X
 _25007_/Y
 _25008_/X
 _25009_/X
 _25010_/Y
 _25011_/Y
 _25012_/X
 _25013_/X
 _25014_/X
 _25015_/Y
 _25016_/Y
 _25017_/Y
 _25018_/X
 _25019_/X
 _25020_/Y
 _25021_/Y
 _25022_/Y
 _25023_/X
 _25024_/Y
 _25025_/Y
 _25026_/Y
 _25027_/Y
 _25028_/Y
 _25029_/X
 _25030_/X
 _25031_/Y
 _25032_/X
 _25033_/X
 _25034_/Y
 _25035_/Y
 _25036_/Y
 _25037_/X
 _25038_/Y
 _25039_/Y
 _25040_/X
 _25041_/Y
 _25042_/Y
 _25043_/Y
 _25044_/X
 _25045_/Y
 _25046_/Y
 _25047_/X
 _25048_/Y
 _25049_/Y
 _25050_/Y
 _25051_/Y
 _25052_/X
 _25053_/Y
 _25054_/Y
 _25055_/X
 _25056_/X
 _25057_/X
 _25058_/Y
 _25059_/Y
 _25060_/Y
 _25061_/Y
 _25062_/Y
 _25063_/Y
 _25064_/X
 _25065_/Y
 _25066_/X
 _25067_/X
 _25068_/Y
 _25069_/Y
 _25070_/Y
 _25071_/X
 _25072_/Y
 _25073_/Y
 _25074_/X
 _25075_/Y
 _25076_/Y
 _25077_/X
 _25078_/X
 _25079_/X
 _25080_/Y
 _25081_/X
 _25082_/Y
 _25083_/Y
 _25084_/X
 _25085_/X
 _25086_/X
 _25087_/Y
 _25088_/X
 _25089_/Y
 _25090_/X
 _25091_/Y
 _25092_/Y
 _25093_/X
 _25094_/Y
 _25095_/Y
 _25096_/Y
 _25097_/Y
 _25098_/X
 _25099_/Y
 _25100_/Y
 _25101_/Y
 _25102_/X
 _25103_/Y
 _25104_/X
 _25105_/Y
 _25106_/X
 _25107_/X
 _25108_/Y
 _25109_/Y
 _25110_/Y
 _25111_/Y
 _25112_/X
 _25113_/Y
 _25114_/Y
 _25115_/Y
 _25116_/X
 _25117_/Y
 _25118_/Y
 _25119_/Y
 _25120_/X
 _25121_/X
 _25122_/Y
 _25123_/X
 _25124_/Y
 _25125_/X
 _25126_/Y
 _25127_/Y
 _25128_/Y
 _25129_/Y
 _25130_/Y
 _25131_/X
 _25132_/X
 _25133_/Y
 _25134_/X
 _25135_/X
 _25136_/Y
 _25137_/Y
 _25138_/Y
 _25139_/Y
 _25140_/Y
 _25141_/X
 _25142_/Y
 _25143_/Y
 _25144_/X
 _25145_/X
 _25146_/Y
 _25147_/X
 _25148_/Y
 _25149_/Y
 _25150_/Y
 _25151_/Y
 _25152_/Y
 _25153_/Y
 _25154_/Y
 _25155_/Y
 _25156_/X
 _25157_/Y
 _25158_/Y
 _25159_/X
 _25160_/Y
 _25161_/Y
 _25162_/Y
 _25163_/X
 _25164_/X
 _25165_/Y
 _25166_/Y
 _25167_/X
 _25168_/Y
 _25169_/Y
 _25170_/Y
 _25171_/Y
 _25172_/Y
 _25173_/Y
 _25174_/Y
 _25175_/Y
 _25176_/Y
 _25177_/Y
 _25178_/X
 _25179_/X
 _25180_/Y
 _25181_/Y
 _25182_/Y
 _25183_/X
 _25184_/Y
 _25185_/Y
 _25186_/Y
 _25187_/Y
 _25188_/X
 _25189_/Y
 _25190_/X
 _25191_/X
 _25192_/X
 _25193_/X
 _25194_/X
 _25195_/X
 _25196_/Y
 _25197_/Y
 _25198_/X
 _25199_/Y
 _25200_/Y
 _25201_/Y
 _25202_/Y
 _25203_/X
 _25204_/X
 _25205_/Y
 _25206_/X
 _25207_/X
 _25208_/X
 _25209_/Y
 _25210_/X
 _25211_/Y
 _25212_/Y
 _25213_/Y
 _25214_/Y
 _25215_/X
 _25216_/Y
 _25217_/Y
 _25218_/Y
 _25219_/Y
 _25220_/Y
 _25221_/Y
 _25222_/Y
 _25223_/Y
 _25224_/Y
 _25225_/X
 _25226_/Y
 _25227_/X
 _25228_/Y
 _25229_/X
 _25230_/X
 _25231_/Y
 _25232_/Y
 _25233_/X
 _25234_/Y
 _25235_/Y
 _25236_/Y
 _25237_/X
 _25238_/X
 _25239_/Y
 _25240_/Y
 _25241_/X
 _25242_/Y
 _25243_/X
 _25244_/X
 _25245_/Y
 _25246_/Y
 _25247_/Y
 _25248_/X
 _25249_/Y
 _25250_/X
 _25251_/Y
 _25252_/Y
 _25253_/Y
 _25254_/X
 _25255_/Y
 _25256_/X
 _25257_/X
 _25258_/X
 _25259_/Y
 _25260_/Y
 _25261_/X
 _25262_/Y
 _25263_/X
 _25264_/Y
 _25265_/X
 _25266_/X
 _25267_/Y
 _25268_/Y
 _25269_/Y
 _25270_/Y
 _25271_/Y
 _25272_/X
 _25273_/X
 _25274_/X
 _25275_/X
 _25276_/Y
 _25277_/Y
 _25278_/Y
 _25279_/Y
 _25280_/X
 _25281_/Y
 _25282_/Y
 _25283_/Y
 _25284_/X
 _25285_/Y
 _25286_/X
 _25287_/Y
 _25288_/Y
 _25289_/Y
 _25290_/Y
 _25291_/X
 _25292_/Y
 _25293_/X
 _25294_/Y
 _25295_/Y
 _25296_/Y
 _25297_/X
 _25298_/Y
 _25299_/Y
 _25300_/Y
 _25301_/X
 _25302_/Y
 _25303_/X
 _25304_/Y
 _25305_/X
 _25306_/Y
 _25307_/Y
 _25308_/Y
 _25309_/Y
 _25310_/Y
 _25311_/Y
 _25312_/Y
 _25313_/Y
 _25314_/Y
 _25315_/Y
 _25316_/Y
 _25317_/X
 _25318_/Y
 _25319_/Y
 _25320_/Y
 _25321_/X
 _25322_/Y
 _25323_/X
 _25324_/X
 _25325_/X
 _25326_/X
 _25327_/X
 _25328_/Y
 _25329_/X
 _25330_/Y
 _25331_/X
 _25332_/X
 _25333_/Y
 _25334_/X
 _25335_/Y
 _25336_/X
 _25337_/Y
 _25338_/Y
 _25339_/Y
 _25340_/Y
 _25341_/Y
 _25342_/X
 _25343_/Y
 _25344_/Y
 _25345_/Y
 _25346_/Y
 _25347_/Y
 _25348_/Y
 _25349_/Y
 _25350_/X
 _25351_/Y
 _25352_/X
 _25353_/X
 _25354_/X
 _25355_/Y
 _25356_/Y
 _25357_/Y
 _25358_/Y
 _25359_/Y
 _25360_/X
 _25361_/Y
 _25362_/X
 _25363_/Y
 _25364_/Y
 _25365_/X
 _25366_/Y
 _25367_/X
 _25368_/Y
 _25369_/X
 _25370_/Y
 _25371_/X
 _25372_/Y
 _25373_/Y
 _25374_/X
 _25375_/Y
 _25376_/Y
 _25377_/Y
 _25378_/Y
 _25379_/X
 _25380_/X
 _25381_/X
 _25382_/X
 _25383_/Y
 _25384_/Y
 _25385_/X
 _25386_/Y
 _25387_/Y
 _25388_/X
 _25389_/Y
 _25390_/Y
 _25391_/Y
 _25392_/X
 _25393_/Y
 _25394_/X
 _25395_/Y
 _25396_/Y
 _25397_/Y
 _25398_/X
 _25399_/Y
 _25400_/Y
 _25401_/X
 _25402_/Y
 _25403_/Y
 _25404_/Y
 _25405_/X
 _25406_/Y
 _25407_/Y
 _25408_/Y
 _25409_/X
 _25410_/Y
 _25411_/X
 _25412_/Y
 _25413_/Y
 _25414_/X
 _25415_/Y
 _25416_/Y
 _25417_/Y
 _25418_/X
 _25419_/Y
 _25420_/Y
 _25421_/X
 _25422_/X
 _25423_/Y
 _25424_/X
 _25425_/Y
 _25426_/Y
 _25427_/X
 _25428_/X
 _25429_/Y
 _25430_/X
 _25431_/Y
 _25432_/Y
 _25433_/Y
 _25434_/X
 _25435_/Y
 _25436_/Y
 _25437_/Y
 _25438_/Y
 _25439_/Y
 _25440_/X
 _25441_/Y
 _25442_/Y
 _25443_/Y
 _25444_/X
 _25445_/X
 _25446_/X
 _25447_/Y
 _25448_/X
 _25449_/X
 _25450_/X
 _25451_/X
 _25452_/Y
 _25453_/Y
 _25454_/X
 _25455_/Y
 _25456_/Y
 _25457_/Y
 _25458_/X
 _25459_/Y
 _25460_/X
 _25461_/Y
 _25462_/Y
 _25463_/Y
 _25464_/Y
 _25465_/Y
 _25466_/Y
 _25467_/Y
 _25468_/X
 _25469_/Y
 _25470_/Y
 _25471_/Y
 _25472_/Y
 _25473_/X
 _25474_/Y
 _25475_/Y
 _25476_/X
 _25477_/Y
 _25478_/X
 _25479_/Y
 _25480_/Y
 _25481_/X
 _25482_/X
 _25483_/X
 _25484_/X
 _25485_/Y
 _25486_/Y
 _25487_/Y
 _25488_/Y
 _25489_/X
 _25490_/X
 _25491_/Y
 _25492_/Y
 _25493_/Y
 _25494_/Y
 _25495_/Y
 _25496_/Y
 _25497_/Y
 _25498_/Y
 _25499_/X
 _25500_/X
 _25501_/X
 _25502_/X
 _25503_/Y
 _25504_/X
 _25505_/X
 _25506_/X
 _25507_/Y
 _25508_/Y
 _25509_/Y
 _25510_/Y
 _25511_/Y
 _25512_/X
 _25513_/X
 _25514_/X
 _25515_/Y
 _25516_/X
 _25517_/Y
 _25518_/Y
 _25519_/X
 _25520_/X
 _25521_/Y
 _25522_/Y
 _25523_/X
 _25524_/X
 _25525_/Y
 _25526_/X
 _25527_/Y
 _25528_/Y
 _25529_/X
 _25530_/Y
 _25531_/Y
 _25532_/X
 _25533_/Y
 _25534_/Y
 _25535_/Y
 _25536_/Y
 _25537_/X
 _25538_/Y
 _25539_/Y
 _25540_/Y
 _25541_/Y
 _25542_/Y
 _25543_/X
 _25544_/X
 _25545_/X
 _25546_/X
 _25547_/X
 _25548_/X
 _25549_/Y
 _25550_/X
 _25551_/Y
 _25552_/X
 _25553_/Y
 _25554_/Y
 _25555_/X
 _25556_/X
 _25557_/Y
 _25558_/X
 _25559_/X
 _25560_/X
 _25561_/Y
 _25562_/X
 _25563_/Y
 _25564_/Y
 _25565_/X
 _25566_/Y
 _25567_/Y
 _25568_/X
 _25569_/Y
 _25570_/X
 _25571_/Y
 _25572_/X
 _25573_/Y
 _25574_/Y
 _25575_/X
 _25576_/Y
 _25577_/Y
 _25578_/X
 _25579_/Y
 _25580_/X
 _25581_/X
 _25582_/X
 _25583_/X
 _25584_/X
 _25585_/Y
 _25586_/X
 _25587_/X
 _25588_/Y
 _25589_/X
 _25590_/Y
 _25591_/X
 _25592_/Y
 _25593_/X
 _25594_/Y
 _25595_/Y
 _25596_/Y
 _25597_/Y
 _25598_/Y
 _25599_/Y
 _25600_/Y
 _25601_/X
 _25602_/X
 _25603_/X
 _25604_/Y
 _25605_/Y
 _25606_/Y
 _25607_/X
 _25608_/Y
 _25609_/Y
 _25610_/Y
 _25611_/Y
 _25612_/Y
 _25613_/Y
 _25614_/X
 _25615_/Y
 _25616_/X
 _25617_/Y
 _25618_/Y
 _25619_/Y
 _25620_/Y
 _25621_/X
 _25622_/Y
 _25623_/X
 _25624_/Y
 _25625_/X
 _25626_/X
 _25627_/Y
 _25628_/Y
 _25629_/Y
 _25630_/X
 _25631_/X
 _25632_/Y
 _25633_/X
 _25634_/Y
 _25635_/X
 _25636_/X
 _25637_/Y
 _25638_/X
 _25639_/X
 _25640_/X
 _25641_/Y
 _25642_/Y
 _25643_/X
 _25644_/Y
 _25645_/Y
 _25646_/X
 _25647_/Y
 _25648_/X
 _25649_/X
 _25650_/Y
 _25651_/Y
 _25652_/X
 _25653_/X
 _25654_/X
 _25655_/Y
 _25656_/X
 _25657_/X
 _25658_/Y
 _25659_/Y
 _25660_/Y
 _25661_/X
 _25662_/X
 _25663_/Y
 _25664_/Y
 _25665_/X
 _25666_/X
 _25667_/X
 _25668_/X
 _25669_/Y
 _25670_/Y
 _25671_/X
 _25672_/X
 _25673_/Y
 _25674_/X
 _25675_/X
 _25676_/Y
 _25677_/Y
 _25678_/Y
 _25679_/Y
 _25680_/Y
 _25681_/X
 _25682_/X
 _25683_/X
 _25684_/Y
 _25685_/X
 _25686_/X
 _25687_/Y
 _25688_/Y
 _25689_/X
 _25690_/Y
 _25691_/Y
 _25692_/X
 _25693_/Y
 _25694_/X
 _25695_/Y
 _25696_/Y
 _25697_/X
 _25698_/Y
 _25699_/Y
 _25700_/X
 _25701_/X
 _25702_/X
 _25703_/X
 _25704_/X
 _25705_/X
 _25706_/X
 _25707_/X
 _25708_/X
 _25709_/X
 _25710_/X
 _25711_/X
 _25712_/X
 _25713_/X
 _25714_/X
 _25715_/X
 _25716_/X
 _25717_/X
 _25718_/X
 _25719_/X
 _25720_/X
 _25721_/X
 _25722_/X
 _25723_/X
 _25724_/X
 _25725_/Y
 _25726_/Y
 _25727_/X
 _25728_/X
 _25729_/X
 _25730_/X
 _25731_/X
 _25732_/Y
 _25733_/X
 _25734_/Y
 _25735_/X
 _25736_/X
 _25737_/Y
 _25738_/X
 _25739_/X
 _25740_/X
 _25741_/X
 _25742_/Y
 _25743_/X
 _25744_/X
 _25745_/X
 _25746_/X
 _25747_/X
 _25748_/Y
 _25749_/X
 _25750_/Y
 _25751_/Y
 _25752_/X
 _25753_/Y
 _25754_/X
 _25755_/Y
 _25756_/X
 _25757_/Y
 _25758_/Y
 _25759_/Y
 _25760_/X
 _25761_/Y
 _25762_/Y
 _25763_/X
 _25764_/X
 _25765_/X
 _25766_/X
 _25767_/X
 _25768_/X
 _25769_/Y
 _25770_/X
 _25771_/X
 _25772_/Y
 _25773_/Y
 _25774_/X
 _25775_/X
 _25776_/Y
 _25777_/Y
 _25778_/Y
 _25779_/Y
 _25780_/Y
 _25781_/X
 _25782_/X
 _25783_/X
 _25784_/Y
 _25785_/X
 _25786_/X
 _25787_/Y
 _25788_/Y
 _25789_/X
 _25790_/X
 _25791_/Y
 _25792_/X
 _25793_/Y
 _25794_/Y
 _25795_/X
 _25796_/X
 _25797_/X
 _25798_/Y
 _25799_/X
 _25800_/X
 _25801_/Y
 _25802_/Y
 _25803_/Y
 _25804_/Y
 _25805_/X
 _25806_/X
 _25807_/Y
 _25808_/Y
 _25809_/Y
 _25810_/Y
 _25811_/X
 _25812_/Y
 _25813_/Y
 _25814_/X
 _25815_/X
 _25816_/X
 _25817_/X
 _25818_/Y
 _25819_/Y
 _25820_/Y
 _25821_/X
 _25822_/X
 _25823_/Y
 _25824_/X
 _25825_/Y
 _25826_/Y
 _25827_/Y
 _25828_/Y
 _25829_/Y
 _25830_/Y
 _25831_/Y
 _25832_/X
 _25833_/X
 _25834_/Y
 _25835_/X
 _25836_/Y
 _25837_/Y
 _25838_/Y
 _25839_/X
 _25840_/X
 _25841_/Y
 _25842_/Y
 _25843_/X
 _25844_/X
 _25845_/Y
 _25846_/Y
 _25847_/X
 _25848_/Y
 _25849_/Y
 _25850_/Y
 _25851_/Y
 _25852_/Y
 _25853_/Y
 _25854_/X
 _25855_/Y
 _25856_/Y
 _25857_/Y
 _25858_/Y
 _25859_/X
 _25860_/Y
 _25861_/Y
 _25862_/X
 _25863_/Y
 _25864_/X
 _25865_/Y
 _25866_/X
 _25867_/Y
 _25868_/Y
 _25869_/X
 _25870_/Y
 _25871_/Y
 _25872_/Y
 _25873_/X
 _25874_/Y
 _25875_/Y
 _25876_/Y
 _25877_/X
 _25878_/X
 _25879_/Y
 _25880_/X
 _25881_/Y
 _25882_/X
 _25883_/X
 _25884_/Y
 _25885_/Y
 _25886_/X
 _25887_/X
 _25888_/Y
 _25889_/Y
 _25890_/Y
 _25891_/X
 _25892_/Y
 _25893_/X
 _25894_/X
 _25895_/Y
 _25896_/X
 _25897_/X
 _25898_/Y
 _25899_/Y
 _25900_/Y
 _25901_/Y
 _25902_/Y
 _25903_/Y
 _25904_/Y
 _25905_/Y
 _25906_/Y
 _25907_/Y
 _25908_/X
 _25909_/Y
 _25910_/Y
 _25911_/Y
 _25912_/Y
 _25913_/Y
 _25914_/Y
 _25915_/Y
 _25916_/Y
 _25917_/Y
 _25918_/X
 _25919_/X
 _25920_/Y
 _25921_/X
 _25922_/X
 _25923_/Y
 _25924_/Y
 _25925_/X
 _25926_/X
 _25927_/X
 _25928_/X
 _25929_/Y
 _25930_/X
 _25931_/Y
 _25932_/Y
 _25933_/Y
 _25934_/Y
 _25935_/X
 _25936_/Y
 _25937_/Y
 _25938_/X
 _25939_/X
 _25940_/Y
 _25941_/Y
 _25942_/X
 _25943_/X
 _25944_/Y
 _25945_/Y
 _25946_/Y
 _25947_/Y
 _25948_/X
 _25949_/Y
 _25950_/Y
 _25951_/Y
 _25952_/Y
 _25953_/X
 _25954_/Y
 _25955_/Y
 _25956_/X
 _25957_/Y
 _25958_/Y
 _25959_/X
 _25960_/X
 _25961_/Y
 _25962_/Y
 _25963_/X
 _25964_/Y
 _25965_/X
 _25966_/Y
 _25967_/Y
 _25968_/Y
 _25969_/X
 _25970_/Y
 _25971_/Y
 _25972_/Y
 _25973_/Y
 _25974_/Y
 _25975_/Y
 _25976_/Y
 _25977_/Y
 _25978_/Y
 _25979_/Y
 _25980_/X
 _25981_/Y
 _25982_/X
 _25983_/Y
 _25984_/X
 _25985_/X
 _25986_/Y
 _25987_/X
 _25988_/Y
 _25989_/Y
 _25990_/Y
 _25991_/Y
 _25992_/Y
 _25993_/X
 _25994_/X
 _25995_/Y
 _25996_/Y
 _25997_/Y
 _25998_/Y
 _25999_/X
 _26000_/X
 _26001_/Y
 _26002_/X
 _26003_/Y
 _26004_/X
 _26005_/X
 _26006_/Y
 _26007_/Y
 _26008_/X
 _26009_/Y
 _26010_/X
 _26011_/X
 _26012_/Y
 _26013_/Y
 _26014_/Y
 _26015_/X
 _26016_/Y
 _26017_/Y
 _26018_/Y
 _26019_/Y
 _26020_/Y
 _26021_/X
 _26022_/X
 _26023_/Y
 _26024_/Y
 _26025_/Y
 _26026_/X
 _26027_/Y
 _26028_/X
 _26029_/Y
 _26030_/Y
 _26031_/Y
 _26032_/X
 _26033_/X
 _26034_/Y
 _26035_/Y
 _26036_/Y
 _26037_/Y
 _26038_/Y
 _26039_/Y
 _26040_/Y
 _26041_/Y
 _26042_/Y
 _26043_/Y
 _26044_/Y
 _26045_/X
 _26046_/Y
 _26047_/Y
 _26048_/Y
 _26049_/Y
 _26050_/Y
 _26051_/X
 _26052_/Y
 _26053_/Y
 _26054_/X
 _26055_/Y
 _26056_/X
 _26057_/Y
 _26058_/Y
 _26059_/X
 _26060_/Y
 _26061_/Y
 _26062_/Y
 _26063_/Y
 _26064_/X
 _26065_/Y
 _26066_/X
 _26067_/Y
 _26068_/Y
 _26069_/Y
 _26070_/X
 _26071_/Y
 _26072_/X
 _26073_/X
 _26074_/Y
 _26075_/Y
 _26076_/Y
 _26077_/X
 _26078_/X
 _26079_/Y
 _26080_/Y
 _26081_/X
 _26082_/Y
 _26083_/Y
 _26084_/X
 _26085_/Y
 _26086_/X
 _26087_/Y
 _26088_/Y
 _26089_/X
 _26090_/X
 _26091_/Y
 _26092_/X
 _26093_/Y
 _26094_/Y
 _26095_/Y
 _26096_/Y
 _26097_/Y
 _26098_/X
 _26099_/Y
 _26100_/X
 _26101_/Y
 _26102_/X
 _26103_/Y
 _26104_/Y
 _26105_/Y
 _26106_/Y
 _26107_/Y
 _26108_/X
 _26109_/Y
 _26110_/Y
 _26111_/X
 _26112_/Y
 _26113_/Y
 _26114_/Y
 _26115_/Y
 _26116_/Y
 _26117_/Y
 _26118_/Y
 _26119_/X
 _26120_/Y
 _26121_/X
 _26122_/Y
 _26123_/X
 _26124_/Y
 _26125_/Y
 _26126_/Y
 _26127_/X
 _26128_/X
 _26129_/Y
 _26130_/Y
 _26131_/X
 _26132_/Y
 _26133_/Y
 _26134_/X
 _26135_/X
 _26136_/Y
 _26137_/Y
 _26138_/Y
 _26139_/X
 _26140_/Y
 _26141_/Y
 _26142_/X
 _26143_/Y
 _26144_/Y
 _26145_/X
 _26146_/Y
 _26147_/X
 _26148_/Y
 _26149_/X
 _26150_/X
 _26151_/X
 _26152_/X
 _26153_/X
 _26154_/X
 _26155_/Y
 _26156_/X
 _26157_/X
 _26158_/Y
 _26159_/Y
 _26160_/Y
 _26161_/X
 _26162_/Y
 _26163_/Y
 _26164_/Y
 _26165_/Y
 _26166_/Y
 _26167_/Y
 _26168_/Y
 _26169_/Y
 _26170_/Y
 _26171_/X
 _26172_/Y
 _26173_/X
 _26174_/Y
 _26175_/X
 _26176_/X
 _26177_/Y
 _26178_/Y
 _26179_/X
 _26180_/Y
 _26181_/Y
 _26182_/X
 _26183_/Y
 _26184_/X
 _26185_/Y
 _26186_/Y
 _26187_/Y
 _26188_/Y
 _26189_/X
 _26190_/Y
 _26191_/Y
 _26192_/Y
 _26193_/X
 _26194_/Y
 _26195_/Y
 _26196_/X
 _26197_/X
 _26198_/Y
 _26199_/Y
 _26200_/Y
 _26201_/X
 _26202_/Y
 _26203_/X
 _26204_/X
 _26205_/Y
 _26206_/Y
 _26207_/X
 _26208_/X
 _26209_/Y
 _26210_/X
 _26211_/Y
 _26212_/Y
 _26213_/Y
 _26214_/Y
 _26215_/Y
 _26216_/X
 _26217_/Y
 _26218_/X
 _26219_/X
 _26220_/Y
 _26221_/X
 _26222_/X
 _26223_/Y
 _26224_/Y
 _26225_/Y
 _26226_/Y
 _26227_/X
 _26228_/X
 _26229_/Y
 _26230_/X
 _26231_/Y
 _26232_/Y
 _26233_/Y
 _26234_/Y
 _26235_/Y
 _26236_/Y
 _26237_/Y
 _26238_/X
 _26239_/Y
 _26240_/Y
 _26241_/Y
 _26242_/Y
 _26243_/Y
 _26244_/Y
 _26245_/Y
 _26246_/X
 _26247_/Y
 _26248_/X
 _26249_/Y
 _26250_/Y
 _26251_/X
 _26252_/Y
 _26253_/X
 _26254_/Y
 _26255_/X
 _26256_/Y
 _26257_/Y
 _26258_/Y
 _26259_/Y
 _26260_/Y
 _26261_/Y
 _26262_/Y
 _26263_/Y
 _26264_/Y
 _26265_/X
 _26266_/Y
 _26267_/Y
 _26268_/Y
 _26269_/Y
 _26270_/X
 _26271_/Y
 _26272_/X
 _26273_/Y
 _26274_/Y
 _26275_/Y
 _26276_/Y
 _26277_/Y
 _26278_/Y
 _26279_/Y
 _26280_/X
 _26281_/X
 _26282_/Y
 _26283_/Y
 _26284_/X
 _26285_/Y
 _26286_/X
 _26287_/X
 _26288_/X
 _26289_/Y
 _26290_/Y
 _26291_/X
 _26292_/Y
 _26293_/X
 _26294_/Y
 _26295_/X
 _26296_/Y
 _26297_/X
 _26298_/Y
 _26299_/Y
 _26300_/X
 _26301_/X
 _26302_/Y
 _26303_/Y
 _26304_/X
 _26305_/Y
 _26306_/X
 _26307_/Y
 _26308_/Y
 _26309_/Y
 _26310_/Y
 _26311_/X
 _26312_/Y
 _26313_/Y
 _26314_/Y
 _26315_/X
 _26316_/Y
 _26317_/Y
 _26318_/X
 _26319_/X
 _26320_/X
 _26321_/Y
 _26322_/Y
 _26323_/Y
 _26324_/Y
 _26325_/Y
 _26326_/Y
 _26327_/Y
 _26328_/Y
 _26329_/X
 _26330_/Y
 _26331_/X
 _26332_/X
 _26333_/X
 _26334_/X
 _26335_/Y
 _26336_/Y
 _26337_/Y
 _26338_/Y
 _26339_/X
 _26340_/Y
 _26341_/Y
 _26342_/X
 _26343_/Y
 _26344_/Y
 _26345_/Y
 _26346_/X
 _26347_/Y
 _26348_/Y
 _26349_/Y
 _26350_/Y
 _26351_/Y
 _26352_/X
 _26353_/Y
 _26354_/Y
 _26355_/Y
 _26356_/X
 _26357_/X
 _26358_/Y
 _26359_/Y
 _26360_/X
 _26361_/Y
 _26362_/X
 _26363_/X
 _26364_/Y
 _26365_/X
 _26366_/X
 _26367_/X
 _26368_/Y
 _26369_/X
 _26370_/X
 _26371_/X
 _26372_/Y
 _26373_/X
 _26374_/Y
 _26375_/Y
 _26376_/Y
 _26377_/X
 _26378_/Y
 _26379_/Y
 _26380_/Y
 _26381_/Y
 _26382_/Y
 _26383_/X
 _26384_/X
 _26385_/Y
 _26386_/Y
 _26387_/Y
 _26388_/Y
 _26389_/Y
 _26390_/Y
 _26391_/Y
 _26392_/Y
 _26393_/X
 _26394_/X
 _26395_/Y
 _26396_/Y
 _26397_/Y
 _26398_/Y
 _26399_/X
 _26400_/Y
 _26401_/Y
 _26402_/X
 _26403_/Y
 _26404_/X
 _26405_/X
 _26406_/Y
 _26407_/X
 _26408_/X
 _26409_/Y
 _26410_/X
 _26411_/Y
 _26412_/X
 _26413_/X
 _26414_/X
 _26415_/X
 _26416_/Y
 _26417_/Y
 _26418_/X
 _26419_/Y
 _26420_/X
 _26421_/Y
 _26422_/X
 _26423_/X
 _26424_/X
 _26425_/X
 _26426_/X
 _26427_/Y
 _26428_/Y
 _26429_/X
 _26430_/X
 _26431_/X
 _26432_/X
 _26433_/Y
 _26434_/X
 _26435_/Y
 _26436_/X
 _26437_/X
 _26438_/Y
 _26439_/Y
 _26440_/Y
 _26441_/X
 _26442_/Y
 _26443_/Y
 _26444_/Y
 _26445_/X
 _26446_/X
 _26447_/Y
 _26448_/Y
 _26449_/X
 _26450_/X
 _26451_/X
 _26452_/Y
 _26453_/X
 _26454_/Y
 _26455_/Y
 _26456_/X
 _26457_/Y
 _26458_/X
 _26459_/Y
 _26460_/Y
 _26461_/Y
 _26462_/Y
 _26463_/X
 _26464_/X
 _26465_/Y
 _26466_/X
 _26467_/Y
 _26468_/Y
 _26469_/X
 _26470_/Y
 _26471_/Y
 _26472_/X
 _26473_/Y
 _26474_/X
 _26475_/Y
 _26476_/Y
 _26477_/X
 _26478_/Y
 _26479_/Y
 _26480_/X
 _26481_/X
 _26482_/X
 _26483_/X
 _26484_/X
 _26485_/X
 _26486_/X
 _26487_/X
 _26488_/X
 _26489_/X
 _26490_/X
 _26491_/X
 _26492_/X
 _26493_/X
 _26494_/X
 _26495_/X
 _26496_/X
 _26497_/X
 _26498_/X
 _26499_/X
 _26500_/X
 _26501_/X
 _26502_/X
 _26503_/X
 _26504_/X
 _26505_/X
 _26506_/X
 _26507_/X
 _26508_/X
 _26509_/X
 _26510_/X
 _26511_/X
 _26512_/X
 _26513_/X
 _26514_/X
 _26515_/X
 _26516_/Q
 _26517_/Q
 _26518_/Q
 _26519_/Q
 _26520_/Q
 _26521_/Q
 _26522_/Q
 _26523_/Q
 _26524_/Q
 _26525_/Q
 _26526_/Q
 _26527_/Q
 _26528_/Q
 _26529_/Q
 _26530_/Q
 _26531_/Q
 _26532_/Q
 _26533_/Q
 _26534_/Q
 _26535_/Q
 _26536_/Q
 _26537_/Q
 _26538_/Q
 _26539_/Q
 _26540_/Q
 _26541_/Q
 _26542_/Q
 _26543_/Q
 _26544_/Q
 _26545_/Q
 _26546_/Q
 _26547_/Q
 _26548_/Q
 _26549_/Q
 _26550_/Q
 _26551_/Q
 _26552_/Q
 _26553_/Q
 _26554_/Q
 _26555_/Q
 _26556_/Q
 _26557_/Q
 _26558_/Q
 _26559_/Q
 _26560_/Q
 _26561_/Q
 _26562_/Q
 _26563_/Q
 _26564_/Q
 _26565_/Q
 _26566_/Q
 _26567_/Q
 _26568_/Q
 _26569_/Q
 _26570_/Q
 _26571_/Q
 _26572_/Q
 _26573_/Q
 _26574_/Q
 _26575_/Q
 _26576_/Q
 _26577_/Q
 _26578_/Q
 _26579_/Q
 _26580_/Q
 _26581_/Q
 _26582_/Q
 _26583_/Q
 _26584_/Q
 _26585_/Q
 _26586_/Q
 _26587_/Q
 _26588_/Q
 _26589_/Q
 _26590_/Q
 _26591_/Q
 _26592_/Q
 _26593_/Q
 _26594_/Q
 _26595_/Q
 _26596_/Q
 _26597_/Q
 _26598_/Q
 _26599_/Q
 _26600_/Q
 _26601_/Q
 _26602_/Q
 _26603_/Q
 _26604_/Q
 _26605_/Q
 _26606_/Q
 _26607_/Q
 _26608_/Q
 _26609_/Q
 _26610_/Q
 _26611_/Q
 _26612_/Q
 _26613_/Q
 _26614_/Q
 _26615_/Q
 _26616_/Q
 _26617_/Q
 _26618_/Q
 _26619_/Q
 _26620_/Q
 _26621_/Q
 _26622_/Q
 _26623_/Q
 _26624_/Q
 _26625_/Q
 _26626_/Q
 _26627_/Q
 _26628_/Q
 _26629_/Q
 _26630_/Q
 _26631_/Q
 _26632_/Q
 _26633_/Q
 _26634_/Q
 _26635_/Q
 _26636_/Q
 _26637_/Q
 _26638_/Q
 _26639_/Q
 _26640_/Q
 _26641_/Q
 _26642_/Q
 _26643_/Q
 _26644_/Q
 _26645_/Q
 _26646_/Q
 _26647_/Q
 _26648_/Q
 _26649_/Q
 _26650_/Q
 _26651_/Q
 _26652_/Q
 _26653_/Q
 _26654_/Q
 _26655_/Q
 _26656_/Q
 _26657_/Q
 _26658_/Q
 _26659_/Q
 _26660_/Q
 _26661_/Q
 _26662_/Q
 _26663_/Q
 _26664_/Q
 _26665_/Q
 _26666_/Q
 _26667_/Q
 _26668_/Q
 _26669_/Q
 _26670_/Q
 _26671_/Q
 _26672_/Q
 _26673_/Q
 _26674_/Q
 _26675_/Q
 _26676_/Q
 _26677_/Q
 _26678_/Q
 _26679_/Q
 _26680_/Q
 _26681_/Q
 _26682_/Q
 _26683_/Q
 _26684_/Q
 _26685_/Q
 _26686_/Q
 _26687_/Q
 _26688_/Q
 _26689_/Q
 _26690_/Q
 _26691_/Q
 _26692_/Q
 _26693_/Q
 _26694_/Q
 _26695_/Q
 _26696_/Q
 _26697_/Q
 _26698_/Q
 _26699_/Q
 _26700_/Q
 _26701_/Q
 _26702_/Q
 _26703_/Q
 _26704_/Q
 _26705_/Q
 _26706_/Q
 _26707_/Q
 _26708_/Q
 _26709_/Q
 _26710_/Q
 _26711_/Q
 _26712_/Q
 _26713_/Q
 _26714_/Q
 _26715_/Q
 _26716_/Q
 _26717_/Q
 _26718_/Q
 _26719_/Q
 _26720_/Q
 _26721_/Q
 _26722_/Q
 _26723_/Q
 _26724_/Q
 _26725_/Q
 _26726_/Q
 _26727_/Q
 _26728_/Q
 _26729_/Q
 _26730_/Q
 _26731_/Q
 _26732_/Q
 _26733_/Q
 _26734_/Q
 _26735_/Q
 _26736_/Q
 _26737_/Q
 _26738_/Q
 _26739_/Q
 _26740_/Q
 _26741_/Q
 _26742_/Q
 _26743_/Q
 _26744_/Q
 _26745_/Q
 _26746_/Q
 _26747_/Q
 _26748_/Q
 _26749_/Q
 _26750_/Q
 _26751_/Q
 _26752_/Q
 _26753_/Q
 _26754_/Q
 _26755_/Q
 _26756_/Q
 _26757_/Q
 _26758_/Q
 _26759_/Q
 _26760_/Q
 _26761_/Q
 _26762_/Q
 _26763_/Q
 _26764_/Q
 _26765_/Q
 _26766_/Q
 _26767_/Q
 _26768_/Q
 _26769_/Q
 _26770_/Q
 _26771_/Q
 _26772_/Q
 _26773_/Q
 _26774_/Q
 _26775_/Q
 _26776_/Q
 _26777_/Q
 _26778_/Q
 _26779_/Q
 _26780_/Q
 _26781_/Q
 _26782_/Q
 _26783_/Q
 _26784_/Q
 _26785_/Q
 _26786_/Q
 _26787_/Q
 _26788_/Q
 _26789_/Q
 _26790_/Q
 _26791_/Q
 _26792_/Q
 _26793_/Q
 _26794_/Q
 _26795_/Q
 _26796_/Q
 _26797_/Q
 _26798_/Q
 _26799_/Q
 _26800_/Q
 _26801_/Q
 _26802_/Q
 _26803_/Q
 _26804_/Q
 _26805_/Q
 _26806_/Q
 _26807_/Q
 _26808_/Q
 _26809_/Q
 _26810_/Q
 _26811_/Q
 _26812_/Q
 _26813_/Q
 _26814_/Q
 _26815_/Q
 _26816_/Q
 _26817_/Q
 _26818_/Q
 _26819_/Q
 _26820_/Q
 _26821_/Q
 _26822_/Q
 _26823_/Q
 _26824_/Q
 _26825_/Q
 _26826_/Q
 _26827_/Q
 _26828_/Q
 _26829_/Q
 _26830_/Q
 _26831_/Q
 _26832_/Q
 _26833_/Q
 _26834_/Q
 _26835_/Q
 _26836_/Q
 _26837_/Q
 _26838_/Q
 _26839_/Q
 _26840_/Q
 _26841_/Q
 _26842_/Q
 _26843_/Q
 _26844_/Q
 _26845_/Q
 _26846_/Q
 _26847_/Q
 _26848_/Q
 _26849_/Q
 _26850_/Q
 _26851_/Q
 _26852_/Q
 _26853_/Q
 _26854_/Q
 _26855_/Q
 _26856_/Q
 _26857_/Q
 _26858_/Q
 _26859_/Q
 _26860_/Q
 _26861_/Q
 _26862_/Q
 _26863_/Q
 _26864_/Q
 _26865_/Q
 _26866_/Q
 _26867_/Q
 _26868_/Q
 _26869_/Q
 _26870_/Q
 _26871_/Q
 _26872_/Q
 _26873_/Q
 _26874_/Q
 _26875_/Q
 _26876_/Q
 _26877_/Q
 _26878_/Q
 _26879_/Q
 _26880_/Q
 _26881_/Q
 _26882_/Q
 _26883_/Q
 _26884_/Q
 _26885_/Q
 _26886_/Q
 _26887_/Q
 _26888_/Q
 _26889_/Q
 _26890_/Q
 _26891_/Q
 _26892_/Q
 _26893_/Q
 _26894_/Q
 _26895_/Q
 _26896_/Q
 _26897_/Q
 _26898_/Q
 _26899_/Q
 _26900_/Q
 _26901_/Q
 _26902_/Q
 _26903_/Q
 _26904_/Q
 _26905_/Q
 _26906_/Q
 _26907_/Q
 _26908_/Q
 _26909_/Q
 _26910_/Q
 _26911_/Q
 _26912_/Q
 _26913_/Q
 _26914_/Q
 _26915_/Q
 _26916_/Q
 _26917_/Q
 _26918_/Q
 _26919_/Q
 _26920_/Q
 _26921_/Q
 _26922_/Q
 _26923_/Q
 _26924_/Q
 _26925_/Q
 _26926_/Q
 _26927_/Q
 _26928_/Q
 _26929_/Q
 _26930_/Q
 _26931_/Q
 _26932_/Q
 _26933_/Q
 _26934_/Q
 _26935_/Q
 _26936_/Q
 _26937_/Q
 _26938_/Q
 _26939_/Q
 _26940_/Q
 _26941_/Q
 _26942_/Q
 _26943_/Q
 _26944_/Q
 _26945_/Q
 _26946_/Q
 _26947_/Q
 _26948_/Q
 _26949_/Q
 _26950_/Q
 _26951_/Q
 _26952_/Q
 _26953_/Q
 _26954_/Q
 _26955_/Q
 _26956_/Q
 _26957_/Q
 _26958_/Q
 _26959_/Q
 _26960_/Q
 _26961_/Q
 _26962_/Q
 _26963_/Q
 _26964_/Q
 _26965_/Q
 _26966_/Q
 _26967_/Q
 _26968_/Q
 _26969_/Q
 _26970_/Q
 _26971_/Q
 _26972_/Q
 _26973_/Q
 _26974_/Q
 _26975_/Q
 _26976_/Q
 _26977_/Q
 _26978_/Q
 _26979_/Q
 _26980_/Q
 _26981_/Q
 _26982_/Q
 _26983_/Q
 _26984_/Q
 _26985_/Q
 _26986_/Q
 _26987_/Q
 _26988_/Q
 _26989_/Q
 _26990_/Q
 _26991_/Q
 _26992_/Q
 _26993_/Q
 _26994_/Q
 _26995_/Q
 _26996_/Q
 _26997_/Q
 _26998_/Q
 _26999_/Q
 _27000_/Q
 _27001_/Q
 _27002_/Q
 _27003_/Q
 _27004_/Q
 _27005_/Q
 _27006_/Q
 _27007_/Q
 _27008_/Q
 _27009_/Q
 _27010_/Q
 _27011_/Q
 _27012_/Q
 _27013_/Q
 _27014_/Q
 _27015_/Q
 _27016_/Q
 _27017_/Q
 _27018_/Q
 _27019_/Q
 _27020_/Q
 _27021_/Q
 _27022_/Q
 _27023_/Q
 _27024_/Q
 _27025_/Q
 _27026_/Q
 _27027_/Q
 _27028_/Q
 _27029_/Q
 _27030_/Q
 _27031_/Q
 _27032_/Q
 _27033_/Q
 _27034_/Q
 _27035_/Q
 _27036_/Q
 _27037_/Q
 _27038_/Q
 _27039_/Q
 _27040_/Q
 _27041_/Q
 _27042_/Q
 _27043_/Q
 _27044_/Q
 _27045_/Q
 _27046_/Q
 _27047_/Q
 _27048_/Q
 _27049_/Q
 _27050_/Q
 _27051_/Q
 _27052_/Q
 _27053_/Q
 _27054_/Q
 _27055_/Q
 _27056_/Q
 _27057_/Q
 _27058_/Q
 _27059_/Q
 _27060_/Q
 _27061_/Q
 _27062_/Q
 _27063_/Q
 _27064_/Q
 _27065_/Q
 _27066_/Q
 _27067_/Q
 _27068_/Q
 _27069_/Q
 _27070_/Q
 _27071_/Q
 _27072_/Q
 _27073_/Q
 _27074_/Q
 _27075_/Q
 _27076_/Q
 _27077_/Q
 _27078_/Q
 _27079_/Q
 _27080_/Q
 _27081_/Q
 _27082_/Q
 _27083_/Q
 _27084_/Q
 _27085_/Q
 _27086_/Q
 _27087_/Q
 _27088_/Q
 _27089_/Q
 _27090_/Q
 _27091_/Q
 _27092_/Q
 _27093_/Q
 _27094_/Q
 _27095_/Q
 _27096_/Q
 _27097_/Q
 _27098_/Q
 _27099_/Q
 _27100_/Q
 _27101_/Q
 _27102_/Q
 _27103_/Q
 _27104_/Q
 _27105_/Q
 _27106_/Q
 _27107_/Q
 _27108_/Q
 _27109_/Q
 _27110_/Q
 _27111_/Q
 _27112_/Q
 _27113_/Q
 _27114_/Q
 _27115_/Q
 _27116_/Q
 _27117_/Q
 _27118_/Q
 _27119_/Q
 _27120_/Q
 _27121_/Q
 _27122_/Q
 _27123_/Q
 _27124_/Q
 _27125_/Q
 _27126_/Q
 _27127_/Q
 _27128_/Q
 _27129_/Q
 _27130_/Q
 _27131_/Q
 _27132_/Q
 _27133_/Q
 _27134_/Q
 _27135_/Q
 _27136_/Q
 _27137_/Q
 _27138_/Q
 _27139_/Q
 _27140_/Q
 _27141_/Q
 _27142_/Q
 _27143_/Q
 _27144_/Q
 _27145_/Q
 _27146_/Q
 _27147_/Q
 _27148_/Q
 _27149_/Q
 _27150_/Q
 _27151_/Q
 _27152_/Q
 _27153_/Q
 _27154_/Q
 _27155_/Q
 _27156_/Q
 _27157_/Q
 _27158_/Q
 _27159_/Q
 _27160_/Q
 _27161_/Q
 _27162_/Q
 _27163_/Q
 _27164_/Q
 _27165_/Q
 _27166_/Q
 _27167_/Q
 _27168_/Q
 _27169_/Q
 _27170_/Q
 _27171_/Q
 _27172_/Q
 _27173_/Q
 _27174_/Q
 _27175_/Q
 _27176_/Q
 _27177_/Q
 _27178_/Q
 _27179_/Q
 _27180_/Q
 _27181_/Q
 _27182_/Q
 _27183_/Q
 _27184_/Q
 _27185_/Q
 _27186_/Q
 _27187_/Q
 _27188_/Q
 _27189_/Q
 _27190_/Q
 _27191_/Q
 _27192_/Q
 _27193_/Q
 _27194_/Q
 _27195_/Q
 _27196_/Q
 _27197_/Q
 _27198_/Q
 _27199_/Q
 _27200_/Q
 _27201_/Q
 _27202_/Q
 _27203_/Q
 _27204_/Q
 _27205_/Q
 _27206_/Q
 _27207_/Q
 _27208_/Q
 _27209_/Q
 _27210_/Q
 _27211_/Q
 _27212_/Q
 _27213_/Q
 _27214_/Q
 _27215_/Q
 _27216_/Q
 _27217_/Q
 _27218_/Q
 _27219_/Q
 _27220_/Q
 _27221_/Q
 _27222_/Q
 _27223_/Q
 _27224_/Q
 _27225_/Q
 _27226_/Q
 _27227_/Q
 _27228_/Q
 _27229_/Q
 _27230_/Q
 _27231_/Q
 _27232_/Q
 _27233_/Q
 _27234_/Q
 _27235_/Q
 _27236_/Q
 _27237_/Q
 _27238_/Q
 _27239_/Q
 _27240_/Q
 _27241_/Q
 _27242_/Q
 _27243_/Q
 _27244_/Q
 _27245_/Q
 _27246_/Q
 _27247_/Q
 _27248_/Q
 _27249_/Q
 _27250_/Q
 _27251_/Q
 _27252_/Q
 _27253_/Q
 _27254_/Q
 _27255_/Q
 _27256_/Q
 _27257_/Q
 _27258_/Q
 _27259_/Q
 _27260_/Q
 _27261_/Q
 _27262_/Q
 _27263_/Q
 _27264_/Q
 _27265_/Q
 _27266_/Q
 _27267_/Q
 _27268_/Q
 _27269_/Q
 _27270_/Q
 _27271_/Q
 _27272_/Q
 _27273_/Q
 _27274_/Q
 _27275_/Q
 _27276_/Q
 _27277_/Q
 _27278_/Q
 _27279_/Q
 _27280_/Q
 _27281_/Q
 _27282_/Q
 _27283_/Q
 _27284_/Q
 _27285_/Q
 _27286_/Q
 _27287_/Q
 _27288_/Q
 _27289_/Q
 _27290_/Q
 _27291_/Q
 _27292_/Q
 _27293_/Q
 _27294_/Q
 _27295_/Q
 _27296_/Q
 _27297_/Q
 _27298_/Q
 _27299_/Q
 _27300_/Q
 _27301_/Q
 _27302_/Q
 _27303_/Q
 _27304_/Q
 _27305_/Q
 _27306_/Q
 _27307_/Q
 _27308_/Q
 _27309_/Q
 _27310_/Q
 _27311_/Q
 _27312_/Q
 _27313_/Q
 _27314_/Q
 _27315_/Q
 fanout596/X
 fanout597/X
 fanout598/X
 fanout599/X
 fanout600/X
 fanout601/X
 fanout602/X
 fanout603/X
 fanout604/X
 fanout605/X
 fanout606/X
 fanout607/X
 fanout608/X
 fanout609/X
 input1/X
 input10/X
 input11/X
 input12/X
 input13/X
 input14/X
 input15/X
 input16/X
 input17/X
 input18/X
 input19/X
 input2/X
 input20/X
 input21/X
 input22/X
 input23/X
 input24/X
 input25/X
 input26/X
 input27/X
 input28/X
 input29/X
 input3/X
 input30/X
 input31/X
 input32/X
 input33/X
 input34/X
 input35/X
 input36/X
 input37/X
 input38/X
 input39/X
 input4/X
 input40/X
 input41/X
 input42/X
 input43/X
 input44/X
 input45/X
 input46/X
 input47/X
 input48/X
 input49/X
 input5/X
 input50/X
 input51/X
 input52/X
 input53/X
 input54/X
 input55/X
 input56/X
 input57/X
 input58/X
 input59/X
 input6/X
 input60/X
 input61/X
 input62/X
 input63/X
 input64/X
 input65/X
 input66/X
 input7/X
 input8/X
 input9/X
 max_cap579/X
 max_cap582/X
 max_cap583/X
 max_cap584/X
 max_cap585/X
 max_cap587/X
 max_cap590/X
 max_cap591/X
 max_cap592/X
 max_cap593/X
 max_cap594/X
 max_cap595/X
 output100/X
 output101/X
 output102/X
 output103/X
 output104/X
 output105/X
 output106/X
 output107/X
 output108/X
 output109/X
 output110/X
 output111/X
 output112/X
 output113/X
 output114/X
 output115/X
 output116/X
 output117/X
 output118/X
 output119/X
 output120/X
 output121/X
 output122/X
 output123/X
 output124/X
 output125/X
 output126/X
 output127/X
 output128/X
 output129/X
 output130/X
 output131/X
 output132/X
 output133/X
 output134/X
 output135/X
 output136/X
 output137/X
 output138/X
 output139/X
 output140/X
 output141/X
 output142/X
 output143/X
 output144/X
 output145/X
 output146/X
 output147/X
 output148/X
 output149/X
 output150/X
 output151/X
 output152/X
 output153/X
 output154/X
 output155/X
 output156/X
 output157/X
 output158/X
 output159/X
 output160/X
 output161/X
 output162/X
 output163/X
 output164/X
 output165/X
 output166/X
 output167/X
 output168/X
 output169/X
 output170/X
 output171/X
 output172/X
 output173/X
 output174/X
 output175/X
 output176/X
 output177/X
 output178/X
 output179/X
 output180/X
 output181/X
 output182/X
 output183/X
 output184/X
 output185/X
 output186/X
 output187/X
 output188/X
 output189/X
 output190/X
 output191/X
 output192/X
 output193/X
 output194/X
 output195/X
 output196/X
 output197/X
 output198/X
 output199/X
 output200/X
 output201/X
 output202/X
 output203/X
 output204/X
 output205/X
 output206/X
 output207/X
 output208/X
 output209/X
 output210/X
 output211/X
 output212/X
 output213/X
 output214/X
 output215/X
 output216/X
 output217/X
 output218/X
 output219/X
 output220/X
 output221/X
 output222/X
 output223/X
 output224/X
 output225/X
 output226/X
 output227/X
 output228/X
 output229/X
 output230/X
 output231/X
 output232/X
 output233/X
 output234/X
 output235/X
 output236/X
 output237/X
 output238/X
 output239/X
 output240/X
 output241/X
 output242/X
 output243/X
 output244/X
 output245/X
 output246/X
 output247/X
 output248/X
 output249/X
 output250/X
 output251/X
 output252/X
 output253/X
 output254/X
 output255/X
 output256/X
 output257/X
 output258/X
 output259/X
 output260/X
 output261/X
 output262/X
 output263/X
 output264/X
 output265/X
 output266/X
 output267/X
 output268/X
 output269/X
 output270/X
 output271/X
 output272/X
 output273/X
 output274/X
 output275/X
 output276/X
 output277/X
 output278/X
 output279/X
 output280/X
 output281/X
 output282/X
 output283/X
 output284/X
 output285/X
 output286/X
 output287/X
 output288/X
 output289/X
 output290/X
 output291/X
 output292/X
 output293/X
 output294/X
 output295/X
 output296/X
 output297/X
 output298/X
 output299/X
 output300/X
 output301/X
 output302/X
 output303/X
 output304/X
 output305/X
 output306/X
 output307/X
 output308/X
 output309/X
 output310/X
 output311/X
 output312/X
 output313/X
 output314/X
 output315/X
 output316/X
 output317/X
 output318/X
 output319/X
 output320/X
 output321/X
 output322/X
 output323/X
 output324/X
 output325/X
 output326/X
 output327/X
 output328/X
 output329/X
 output330/X
 output331/X
 output332/X
 output333/X
 output334/X
 output335/X
 output336/X
 output337/X
 output338/X
 output339/X
 output340/X
 output341/X
 output342/X
 output343/X
 output344/X
 output345/X
 output346/X
 output347/X
 output348/X
 output349/X
 output350/X
 output351/X
 output352/X
 output353/X
 output354/X
 output355/X
 output356/X
 output357/X
 output358/X
 output359/X
 output360/X
 output361/X
 output362/X
 output363/X
 output364/X
 output365/X
 output366/X
 output367/X
 output368/X
 output369/X
 output370/X
 output371/X
 output372/X
 output373/X
 output374/X
 output375/X
 output376/X
 output377/X
 output378/X
 output379/X
 output380/X
 output381/X
 output382/X
 output383/X
 output384/X
 output385/X
 output386/X
 output387/X
 output388/X
 output389/X
 output390/X
 output391/X
 output392/X
 output393/X
 output394/X
 output395/X
 output396/X
 output397/X
 output398/X
 output399/X
 output400/X
 output401/X
 output402/X
 output403/X
 output404/X
 output405/X
 output406/X
 output407/X
 output408/X
 output409/X
 output410/X
 output411/X
 output412/X
 output413/X
 output414/X
 output415/X
 output416/X
 output417/X
 output418/X
 output419/X
 output420/X
 output421/X
 output422/X
 output423/X
 output424/X
 output425/X
 output426/X
 output427/X
 output428/X
 output429/X
 output430/X
 output431/X
 output432/X
 output433/X
 output434/X
 output435/X
 output436/X
 output437/X
 output438/X
 output439/X
 output440/X
 output441/X
 output442/X
 output443/X
 output444/X
 output445/X
 output446/X
 output447/X
 output448/X
 output449/X
 output450/X
 output451/X
 output452/X
 output453/X
 output454/X
 output455/X
 output456/X
 output457/X
 output458/X
 output459/X
 output460/X
 output461/X
 output462/X
 output463/X
 output464/X
 output465/X
 output466/X
 output467/X
 output468/X
 output469/X
 output470/X
 output471/X
 output472/X
 output473/X
 output474/X
 output475/X
 output476/X
 output477/X
 output478/X
 output479/X
 output480/X
 output481/X
 output482/X
 output483/X
 output484/X
 output485/X
 output486/X
 output487/X
 output488/X
 output489/X
 output490/X
 output491/X
 output492/X
 output493/X
 output494/X
 output495/X
 output496/X
 output497/X
 output498/X
 output499/X
 output500/X
 output501/X
 output502/X
 output503/X
 output504/X
 output505/X
 output506/X
 output507/X
 output508/X
 output509/X
 output510/X
 output511/X
 output512/X
 output513/X
 output514/X
 output515/X
 output516/X
 output517/X
 output518/X
 output519/X
 output520/X
 output521/X
 output522/X
 output523/X
 output524/X
 output525/X
 output526/X
 output527/X
 output528/X
 output529/X
 output530/X
 output531/X
 output532/X
 output533/X
 output534/X
 output535/X
 output536/X
 output537/X
 output538/X
 output539/X
 output540/X
 output541/X
 output542/X
 output543/X
 output544/X
 output545/X
 output546/X
 output547/X
 output548/X
 output549/X
 output550/X
 output551/X
 output552/X
 output553/X
 output554/X
 output555/X
 output556/X
 output557/X
 output558/X
 output559/X
 output560/X
 output561/X
 output562/X
 output563/X
 output564/X
 output565/X
 output566/X
 output567/X
 output568/X
 output569/X
 output570/X
 output571/X
 output572/X
 output573/X
 output574/X
 output575/X
 output576/X
 output577/X
 output578/X
 output67/X
 output68/X
 output69/X
 output70/X
 output71/X
 output72/X
 output73/X
 output74/X
 output75/X
 output76/X
 output77/X
 output78/X
 output79/X
 output80/X
 output81/X
 output82/X
 output83/X
 output84/X
 output85/X
 output86/X
 output87/X
 output88/X
 output89/X
 output90/X
 output91/X
 output92/X
 output93/X
 output94/X
 output95/X
 output96/X
 output97/X
 output98/X
 output99/X
 wire580/X
 wire581/X
 wire586/X
 wire588/X
 wire589/X
Found 0 partially unannotated drivers.

===========================================================================
max slew violation count 0
max fanout violation count 0
max cap violation count 0
============================================================================

===========================================================================
check_setup -verbose -unconstrained_endpoints -multiple_clock -no_clock -no_input_delay -loops -generated_clocks
===========================================================================
